{"protocol_version":1,"job_id":"a91ce9b9-71cd-436a-b0e2-c4e6573e419e","type":"job_started","timestamp":"2026-09-18T15:30:54.431198+00:00"}
{"protocol_version":1,"job_id":"a91ce9b9-71cd-436a-b0e2-c4e6573e419e","type":"stage_started","timestamp":"2026-09-18T15:30:54.746085+00:00","stage":"preprocess"}
{"protocol_version":1,"job_id":"a91ce9b9-71cd-436a-b0e2-c4e6573e419e","type":"stage_completed","timestamp":"2026-09-18T15:32:20.798229+00:00","stage":"preprocess"}
{"protocol_version":1,"job_id":"a91ce9b9-71cd-436a-b0e2-c4e6573e419e","type":"stage_started","timestamp":"2026-09-18T15:32:20.805248+00:00","stage":"s2"}
{"protocol_version":1,"job_id":"a91ce9b9-71cd-436a-b0e2-c4e6573e419e","type":"stage_progress","timestamp":"2026-09-18T15:32:29.097597+00:00","stage":"s2","message_key":"training.step","message_args":{"step":1,"total":600},"current":1,"total":600}
{"protocol_version":1,"job_id":"a91ce9b9-71cd-436a-b0e2-c4e6573e419e","type":"stage_progress","timestamp":"2026-09-18T15:32:31.311628+00:00","stage":"s2","message_key":"training.step","message_args":{"step":2,"total":600},"current":2,"total":600}
{"protocol_version":1,"job_id":"a91ce9b9-71cd-436a-b0e2-c4e6573e419e","type":"stage_progress","timestamp":"2026-09-18T15:32:32.857346+00:00","stage":"s2","message_key":"training.step","message_args":{"step":3,"total":600},"current":3,"total":600}
{"protocol_version":1,"job_id":"a91ce9b9-71cd-436a-b0e2-c4e6573e419e","type":"stage_progress","timestamp":"2026-09-18T15:32:34.093222+00:00","stage":"s2","message_key":"training.step","message_args":{"step":4,"total":600},"current":4,"total":600}
{"protocol_version":1,"job_id":"a91ce9b9-71cd-436a-b0e2-c4e6573e419e","type":"stage_progress","timestamp":"2026-09-18T15:32:35.524233+00:00","stage":"s2","message_key":"training.step","message_args":{"step":5,"total":600},"current":5,"total":600}
{"protocol_version":1,"job_id":"a91ce9b9-71cd-436a-b0e2-c4e6573e419e","type":"stage_progress","timestamp":"2026-09-18T15:32:36.637582+00:00","stage":"s2","message_key":"training.step","message_args":{"step":6,"total":600},"current":6,"total":600}
{"protocol_version":1,"job_id":"a91ce9b9-71cd-436a-b0e2-c4e6573e419e","type":"stage_progress","timestamp":"2026-09-18T15:32:37.530356+00:00","stage":"s2","message_key":"training.step","message_args":{"step":7,"total":600},"current":7,"total":600}
{"protocol_version":1,"job_id":"a91ce9b9-71cd-436a-b0e2-c4e6573e419e","type":"stage_progress","timestamp":"2026-09-18T15:32:38.436964+00:00","stage":"s2","message_key":"training.step","message_args":{"step":8,"total":600},"current":8,"total":600}
{"protocol_version":1,"job_id":"a91ce9b9-71cd-436a-b0e2-c4e6573e419e","type":"stage_progress","timestamp":"2026-09-18T15:32:39.319297+00:00","stage":"s2","message_key":"training.step","message_args":{"step":9,"total":600},"current":9,"total":600}
{"protocol_version":1,"job_id":"a91ce9b9-71cd-436a-b0e2-c4e6573e419e","type":"stage_progress","timestamp":"2026-09-18T15:32:40.298838+00:00","stage":"s2","message_key":"training.step","message_args":{"step":10,"total":600},"current":10,"total":600}
{"protocol_version":1,"job_id":"a91ce9b9-71cd-436a-b0e2-c4e6573e419e","type":"stage_progress","timestamp":"2026-09-18T15:32:41.304196+00:00","stage":"s2","message_key":"training.step","message_args":{"step":11,"total":600},"current":11,"total":600}
{"protocol_version":1,"job_id":"a91ce9b9-71cd-436a-b0e2-c4e6573e419e","type":"stage_progress","timestamp":"2026-09-18T15:32:42.244327+00:00","stage":"s2","message_key":"training.step","message_args":{"step":12,"total":600},"current":12,"total":600}
{"protocol_version":1,"job_id":"a91ce9b9-71cd-436a-b0e2-c4e6573e419e","type":"stage_progress","timestamp":"2026-09-18T15:32:43.037507+00:00","stage":"s2","message_key":"training.step","message_args":{"step":13,"total":600},"current":13,"total":600}
{"protocol_version":1,"job_id":"a91ce9b9-71cd-436a-b0e2-c4e6573e419e","type":"stage_progress","timestamp":"2026-09-18T15:32:43.960238+00:00","stage":"s2","message_key":"training.step","message_args":{"step":14,"total":600},"current":14,"total":600}
{"protocol_version":1,"job_id":"a91ce9b9-71cd-436a-b0e2-c4e6573e419e","type":"stage_progress","timestamp":"2026-09-18T15:32:44.865947+00:00","stage":"s2","message_key":"training.step","message_args":{"step":15,"total":600},"current":15,"total":600}
{"protocol_version":1,"job_id":"a91ce9b9-71cd-436a-b0e2-c4e6573e419e","type":"stage_progress","timestamp":"2026-09-18T15:32:45.991714+00:00","stage":"s2","message_key":"training.step","message_args":{"step":16,"total":600},"current":16,"total":600}
{"protocol_version":1,"job_id":"a91ce9b9-71cd-436a-b0e2-c4e6573e419e","type":"stage_progress","timestamp":"2026-09-18T15:32:47.113534+00:00","stage":"s2","message_key":"training.step","message_args":{"step":17,"total":600},"current":17,"total":600}
{"protocol_version":1,"job_id":"a91ce9b9-71cd-436a-b0e2-c4e6573e419e","type":"stage_progress","timestamp":"2026-09-18T15:32:48.387469+00:00","stage":"s2","message_key":"training.step","message_args":{"step":18,"total":600},"current":18,"total":600}
{"protocol_version":1,"job_id":"a91ce9b9-71cd-436a-b0e2-c4e6573e419e","type":"stage_progress","timestamp":"2026-09-18T15:32:49.555930+00:00","stage":"s2","message_key":"training.step","message_args":{"step":19,"total":600},"current":19,"total":600}
{"protocol_version":1,"job_id":"a91ce9b9-71cd-436a-b0e2-c4e6573e419e","type":"stage_progress","timestamp":"2026-09-18T15:32:50.876692+00:00","stage":"s2","message_key":"training.step","message_args":{"step":20,"total":600},"current":20,"total":600}
{"protocol_version":1,"job_id":"a91ce9b9-71cd-436a-b0e2-c4e6573e419e","type":"stage_progress","timestamp":"2026-09-18T15:32:52.079442+00:00","stage":"s2","message_key":"training.step","message_args":{"step":21,"total":600},"current":21,"total":600}
{"protocol_version":1,"job_id":"a91ce9b9-71cd-436a-b0e2-c4e6573e419e","type":"stage_progress","timestamp":"2026-09-18T15:32:53.199621+00:00","stage":"s2","message_key":"training.step","message_args":{"step":22,"total":600},"current":22,"total":600}
{"protocol_version":1,"job_id":"a91ce9b9-71cd-436a-b0e2-c4e6573e419e","type":"stage_progress","timestamp":"2026-09-18T15:32:54.261621+00:00","stage":"s2","message_key":"training.step","message_args":{"step":23,"total":600},"current":23,"total":600}
{"protocol_version":1,"job_id":"a91ce9b9-71cd-436a-b0e2-c4e6573e419e","type":"stage_progress","timestamp":"2026-09-18T15:32:55.492216+00:00","stage":"s2","message_key":"training.step","message_args":{"step":24,"total":600},"current":24,"total":600}
{"protocol_version":1,"job_id":"a91ce9b9-71cd-436a-b0e2-c4e6573e419e","type":"stage_progress","timestamp":"2026-09-18T15:32:56.600787+00:00","stage":"s2","message_key":"training.step","message_args":{"step":25,"total":600},"current":25,"total":600}
{"protocol_version":1,"job_id":"a91ce9b9-71cd-436a-b0e2-c4e6573e419e","type":"stage_progress","timestamp":"2026-09-18T15:32:58.074766+00:00","stage":"s2","message_key":"training.step","message_args":{"step":26,"total":600},"current":26,"total":600}
{"protocol_version":1,"job_id":"a91ce9b9-71cd-436a-b0e2-c4e6573e419e","type":"stage_progress","timestamp":"2026-09-18T15:32:59.359064+00:00","stage":"s2","message_key":"training.step","message_args":{"step":27,"total":600},"current":27,"total":600}
{"protocol_version":1,"job_id":"a91ce9b9-71cd-436a-b0e2-c4e6573e419e","type":"stage_progress","timestamp":"2026-09-18T15:33:00.599063+00:00","stage":"s2","message_key":"training.step","message_args":{"step":28,"total":600},"current":28,"total":600}
{"protocol_version":1,"job_id":"a91ce9b9-71cd-436a-b0e2-c4e6573e419e","type":"stage_progress","timestamp":"2026-09-18T15:33:01.844541+00:00","stage":"s2","message_key":"training.step","message_args":{"step":29,"total":600},"current":29,"total":600}
{"protocol_version":1,"job_id":"a91ce9b9-71cd-436a-b0e2-c4e6573e419e","type":"stage_progress","timestamp":"2026-09-18T15:33:02.948804+00:00","stage":"s2","message_key":"training.step","message_args":{"step":30,"total":600},"current":30,"total":600}
{"protocol_version":1,"job_id":"a91ce9b9-71cd-436a-b0e2-c4e6573e419e","type":"stage_progress","timestamp":"2026-09-18T15:33:04.161493+00:00","stage":"s2","message_key":"training.step","message_args":{"step":31,"total":600},"current":31,"total":600}
{"protocol_version":1,"job_id":"a91ce9b9-71cd-436a-b0e2-c4e6573e419e","type":"stage_progress","timestamp":"2026-09-18T15:33:05.302825+00:00","stage":"s2","message_key":"training.step","message_args":{"step":32,"total":600},"current":32,"total":600}
{"protocol_version":1,"job_id":"a91ce9b9-71cd-436a-b0e2-c4e6573e419e","type":"stage_progress","timestamp":"2026-09-18T15:33:06.482053+00:00","stage":"s2","message_key":"training.step","message_args":{"step":33,"total":600},"current":33,"total":600}
{"protocol_version":1,"job_id":"a91ce9b9-71cd-436a-b0e2-c4e6573e419e","type":"stage_progress","timestamp":"2026-09-18T15:33:07.595514+00:00","stage":"s2","message_key":"training.step","message_args":{"step":34,"total":600},"current":34,"total":600}
{"protocol_version":1,"job_id":"a91ce9b9-71cd-436a-b0e2-c4e6573e419e","type":"stage_progress","timestamp":"2026-09-18T15:33:08.825070+00:00","stage":"s2","message_key":"training.step","message_args":{"step":35,"total":600},"current":35,"total":600}
{"protocol_version":1,"job_id":"a91ce9b9-71cd-436a-b0e2-c4e6573e419e","type":"stage_progress","timestamp":"2026-09-18T15:33:09.940102+00:00","stage":"s2","message_key":"training.step","message_args":{"step":36,"total":600},"current":36,"total":600}
{"protocol_version":1,"job_id":"a91ce9b9-71cd-436a-b0e2-c4e6573e419e","type":"stage_progress","timestamp":"2026-09-18T15:33:11.154536+00:00","stage":"s2","message_key":"training.step","message_args":{"step":37,"total":600},"current":37,"total":600}
{"protocol_version":1,"job_id":"a91ce9b9-71cd-436a-b0e2-c4e6573e419e","type":"stage_progress","timestamp":"2026-09-18T15:33:12.646901+00:00","stage":"s2","message_key":"training.step","message_args":{"step":38,"total":600},"current":38,"total":600}
{"protocol_version":1,"job_id":"a91ce9b9-71cd-436a-b0e2-c4e6573e419e","type":"stage_progress","timestamp":"2026-09-18T15:33:13.717433+00:00","stage":"s2","message_key":"training.step","message_args":{"step":39,"total":600},"current":39,"total":600}
{"protocol_version":1,"job_id":"a91ce9b9-71cd-436a-b0e2-c4e6573e419e","type":"stage_progress","timestamp":"2026-09-18T15:33:14.953866+00:00","stage":"s2","message_key":"training.step","message_args":{"step":40,"total":600},"current":40,"total":600}
{"protocol_version":1,"job_id":"a91ce9b9-71cd-436a-b0e2-c4e6573e419e","type":"stage_progress","timestamp":"2026-09-18T15:33:16.186983+00:00","stage":"s2","message_key":"training.step","message_args":{"step":41,"total":600},"current":41,"total":600}
{"protocol_version":1,"job_id":"a91ce9b9-71cd-436a-b0e2-c4e6573e419e","type":"stage_progress","timestamp":"2026-09-18T15:33:17.503716+00:00","stage":"s2","message_key":"training.step","message_args":{"step":42,"total":600},"current":42,"total":600}
{"protocol_version":1,"job_id":"a91ce9b9-71cd-436a-b0e2-c4e6573e419e","type":"stage_progress","timestamp":"2026-09-18T15:33:18.621142+00:00","stage":"s2","message_key":"training.step","message_args":{"step":43,"total":600},"current":43,"total":600}
{"protocol_version":1,"job_id":"a91ce9b9-71cd-436a-b0e2-c4e6573e419e","type":"stage_progress","timestamp":"2026-09-18T15:33:19.759813+00:00","stage":"s2","message_key":"training.step","message_args":{"step":44,"total":600},"current":44,"total":600}
{"protocol_version":1,"job_id":"a91ce9b9-71cd-436a-b0e2-c4e6573e419e","type":"stage_progress","timestamp":"2026-09-18T15:33:20.909818+00:00","stage":"s2","message_key":"training.step","message_args":{"step":45,"total":600},"current":45,"total":600}
{"protocol_version":1,"job_id":"a91ce9b9-71cd-436a-b0e2-c4e6573e419e","type":"stage_progress","timestamp":"2026-09-18T15:33:22.085980+00:00","stage":"s2","message_key":"training.step","message_args":{"step":46,"total":600},"current":46,"total":600}
{"protocol_version":1,"job_id":"a91ce9b9-71cd-436a-b0e2-c4e6573e419e","type":"stage_progress","timestamp":"2026-09-18T15:33:23.226302+00:00","stage":"s2","message_key":"training.step","message_args":{"step":47,"total":600},"current":47,"total":600}
{"protocol_version":1,"job_id":"a91ce9b9-71cd-436a-b0e2-c4e6573e419e","type":"stage_progress","timestamp":"2026-09-18T15:33:24.486245+00:00","stage":"s2","message_key":"training.step","message_args":{"step":48,"total":600},"current":48,"total":600}
{"protocol_version":1,"job_id":"a91ce9b9-71cd-436a-b0e2-c4e6573e419e","type":"stage_progress","timestamp":"2026-09-18T15:33:25.697072+00:00","stage":"s2","message_key":"training.step","message_args":{"step":49,"total":600},"current":49,"total":600}
{"protocol_version":1,"job_id":"a91ce9b9-71cd-436a-b0e2-c4e6573e419e","type":"stage_progress","timestamp":"2026-09-18T15:33:26.782399+00:00","stage":"s2","message_key":"training.step","message_args":{"step":50,"total":600},"current":50,"total":600}
{"protocol_version":1,"job_id":"a91ce9b9-71cd-436a-b0e2-c4e6573e419e","type":"stage_progress","timestamp":"2026-09-18T15:33:28.079922+00:00","stage":"s2","message_key":"training.step","message_args":{"step":51,"total":600},"current":51,"total":600}
{"protocol_version":1,"job_id":"a91ce9b9-71cd-436a-b0e2-c4e6573e419e","type":"stage_progress","timestamp":"2026-09-18T15:33:29.179521+00:00","stage":"s2","message_key":"training.step","message_args":{"step":52,"total":600},"current":52,"total":600}
{"protocol_version":1,"job_id":"a91ce9b9-71cd-436a-b0e2-c4e6573e419e","type":"stage_progress","timestamp":"2026-09-18T15:33:30.312354+00:00","stage":"s2","message_key":"training.step","message_args":{"step":53,"total":600},"current":53,"total":600}
{"protocol_version":1,"job_id":"a91ce9b9-71cd-436a-b0e2-c4e6573e419e","type":"stage_progress","timestamp":"2026-09-18T15:33:31.419413+00:00","stage":"s2","message_key":"training.step","message_args":{"step":54,"total":600},"current":54,"total":600}
{"protocol_version":1,"job_id":"a91ce9b9-71cd-436a-b0e2-c4e6573e419e","type":"stage_progress","timestamp":"2026-09-18T15:33:32.533553+00:00","stage":"s2","message_key":"training.step","message_args":{"step":55,"total":600},"current":55,"total":600}
{"protocol_version":1,"job_id":"a91ce9b9-71cd-436a-b0e2-c4e6573e419e","type":"stage_progress","timestamp":"2026-09-18T15:33:33.601400+00:00","stage":"s2","message_key":"training.step","message_args":{"step":56,"total":600},"current":56,"total":600}
{"protocol_version":1,"job_id":"a91ce9b9-71cd-436a-b0e2-c4e6573e419e","type":"stage_progress","timestamp":"2026-09-18T15:33:34.841026+00:00","stage":"s2","message_key":"training.step","message_args":{"step":57,"total":600},"current":57,"total":600}
{"protocol_version":1,"job_id":"a91ce9b9-71cd-436a-b0e2-c4e6573e419e","type":"stage_progress","timestamp":"2026-09-18T15:33:36.039153+00:00","stage":"s2","message_key":"training.step","message_args":{"step":58,"total":600},"current":58,"total":600}
{"protocol_version":1,"job_id":"a91ce9b9-71cd-436a-b0e2-c4e6573e419e","type":"stage_progress","timestamp":"2026-09-18T15:33:37.094448+00:00","stage":"s2","message_key":"training.step","message_args":{"step":59,"total":600},"current":59,"total":600}
{"protocol_version":1,"job_id":"a91ce9b9-71cd-436a-b0e2-c4e6573e419e","type":"stage_progress","timestamp":"2026-09-18T15:33:38.136982+00:00","stage":"s2","message_key":"training.step","message_args":{"step":60,"total":600},"current":60,"total":600}
{"protocol_version":1,"job_id":"a91ce9b9-71cd-436a-b0e2-c4e6573e419e","type":"stage_progress","timestamp":"2026-09-18T15:33:39.290593+00:00","stage":"s2","message_key":"training.step","message_args":{"step":61,"total":600},"current":61,"total":600}
{"protocol_version":1,"job_id":"a91ce9b9-71cd-436a-b0e2-c4e6573e419e","type":"stage_progress","timestamp":"2026-09-18T15:33:40.625628+00:00","stage":"s2","message_key":"training.step","message_args":{"step":62,"total":600},"current":62,"total":600}
{"protocol_version":1,"job_id":"a91ce9b9-71cd-436a-b0e2-c4e6573e419e","type":"stage_progress","timestamp":"2026-09-18T15:33:41.925219+00:00","stage":"s2","message_key":"training.step","message_args":{"step":63,"total":600},"current":63,"total":600}
{"protocol_version":1,"job_id":"a91ce9b9-71cd-436a-b0e2-c4e6573e419e","type":"stage_progress","timestamp":"2026-09-18T15:33:43.045326+00:00","stage":"s2","message_key":"training.step","message_args":{"step":64,"total":600},"current":64,"total":600}
{"protocol_version":1,"job_id":"a91ce9b9-71cd-436a-b0e2-c4e6573e419e","type":"stage_progress","timestamp":"2026-09-18T15:33:44.265869+00:00","stage":"s2","message_key":"training.step","message_args":{"step":65,"total":600},"current":65,"total":600}
{"protocol_version":1,"job_id":"a91ce9b9-71cd-436a-b0e2-c4e6573e419e","type":"stage_progress","timestamp":"2026-09-18T15:33:45.555286+00:00","stage":"s2","message_key":"training.step","message_args":{"step":66,"total":600},"current":66,"total":600}
{"protocol_version":1,"job_id":"a91ce9b9-71cd-436a-b0e2-c4e6573e419e","type":"stage_progress","timestamp":"2026-09-18T15:33:46.782913+00:00","stage":"s2","message_key":"training.step","message_args":{"step":67,"total":600},"current":67,"total":600}
{"protocol_version":1,"job_id":"a91ce9b9-71cd-436a-b0e2-c4e6573e419e","type":"stage_progress","timestamp":"2026-09-18T15:33:48.081193+00:00","stage":"s2","message_key":"training.step","message_args":{"step":68,"total":600},"current":68,"total":600}
{"protocol_version":1,"job_id":"a91ce9b9-71cd-436a-b0e2-c4e6573e419e","type":"stage_progress","timestamp":"2026-09-18T15:33:49.189270+00:00","stage":"s2","message_key":"training.step","message_args":{"step":69,"total":600},"current":69,"total":600}
{"protocol_version":1,"job_id":"a91ce9b9-71cd-436a-b0e2-c4e6573e419e","type":"stage_progress","timestamp":"2026-09-18T15:33:50.713406+00:00","stage":"s2","message_key":"training.step","message_args":{"step":70,"total":600},"current":70,"total":600}
{"protocol_version":1,"job_id":"a91ce9b9-71cd-436a-b0e2-c4e6573e419e","type":"stage_progress","timestamp":"2026-09-18T15:33:51.985431+00:00","stage":"s2","message_key":"training.step","message_args":{"step":71,"total":600},"current":71,"total":600}
{"protocol_version":1,"job_id":"a91ce9b9-71cd-436a-b0e2-c4e6573e419e","type":"stage_progress","timestamp":"2026-09-18T15:33:53.012398+00:00","stage":"s2","message_key":"training.step","message_args":{"step":72,"total":600},"current":72,"total":600}
{"protocol_version":1,"job_id":"a91ce9b9-71cd-436a-b0e2-c4e6573e419e","type":"stage_progress","timestamp":"2026-09-18T15:33:54.083612+00:00","stage":"s2","message_key":"training.step","message_args":{"step":73,"total":600},"current":73,"total":600}
{"protocol_version":1,"job_id":"a91ce9b9-71cd-436a-b0e2-c4e6573e419e","type":"stage_progress","timestamp":"2026-09-18T15:33:55.253402+00:00","stage":"s2","message_key":"training.step","message_args":{"step":74,"total":600},"current":74,"total":600}
{"protocol_version":1,"job_id":"a91ce9b9-71cd-436a-b0e2-c4e6573e419e","type":"stage_progress","timestamp":"2026-09-18T15:33:56.446639+00:00","stage":"s2","message_key":"training.step","message_args":{"step":75,"total":600},"current":75,"total":600}
{"protocol_version":1,"job_id":"a91ce9b9-71cd-436a-b0e2-c4e6573e419e","type":"stage_progress","timestamp":"2026-09-18T15:33:57.553237+00:00","stage":"s2","message_key":"training.step","message_args":{"step":76,"total":600},"current":76,"total":600}
{"protocol_version":1,"job_id":"a91ce9b9-71cd-436a-b0e2-c4e6573e419e","type":"stage_progress","timestamp":"2026-09-18T15:33:58.650697+00:00","stage":"s2","message_key":"training.step","message_args":{"step":77,"total":600},"current":77,"total":600}
{"protocol_version":1,"job_id":"a91ce9b9-71cd-436a-b0e2-c4e6573e419e","type":"stage_progress","timestamp":"2026-09-18T15:33:59.847108+00:00","stage":"s2","message_key":"training.step","message_args":{"step":78,"total":600},"current":78,"total":600}
{"protocol_version":1,"job_id":"a91ce9b9-71cd-436a-b0e2-c4e6573e419e","type":"stage_progress","timestamp":"2026-09-18T15:34:01.018604+00:00","stage":"s2","message_key":"training.step","message_args":{"step":79,"total":600},"current":79,"total":600}
{"protocol_version":1,"job_id":"a91ce9b9-71cd-436a-b0e2-c4e6573e419e","type":"stage_progress","timestamp":"2026-09-18T15:34:02.184713+00:00","stage":"s2","message_key":"training.step","message_args":{"step":80,"total":600},"current":80,"total":600}
{"protocol_version":1,"job_id":"a91ce9b9-71cd-436a-b0e2-c4e6573e419e","type":"stage_progress","timestamp":"2026-09-18T15:34:03.403046+00:00","stage":"s2","message_key":"training.step","message_args":{"step":81,"total":600},"current":81,"total":600}
{"protocol_version":1,"job_id":"a91ce9b9-71cd-436a-b0e2-c4e6573e419e","type":"stage_progress","timestamp":"2026-09-18T15:34:04.520964+00:00","stage":"s2","message_key":"training.step","message_args":{"step":82,"total":600},"current":82,"total":600}
{"protocol_version":1,"job_id":"a91ce9b9-71cd-436a-b0e2-c4e6573e419e","type":"stage_progress","timestamp":"2026-09-18T15:34:05.589852+00:00","stage":"s2","message_key":"training.step","message_args":{"step":83,"total":600},"current":83,"total":600}
{"protocol_version":1,"job_id":"a91ce9b9-71cd-436a-b0e2-c4e6573e419e","type":"stage_progress","timestamp":"2026-09-18T15:34:06.900044+00:00","stage":"s2","message_key":"training.step","message_args":{"step":84,"total":600},"current":84,"total":600}
{"protocol_version":1,"job_id":"a91ce9b9-71cd-436a-b0e2-c4e6573e419e","type":"stage_progress","timestamp":"2026-09-18T15:34:08.094825+00:00","stage":"s2","message_key":"training.step","message_args":{"step":85,"total":600},"current":85,"total":600}
{"protocol_version":1,"job_id":"a91ce9b9-71cd-436a-b0e2-c4e6573e419e","type":"stage_progress","timestamp":"2026-09-18T15:34:09.292220+00:00","stage":"s2","message_key":"training.step","message_args":{"step":86,"total":600},"current":86,"total":600}
{"protocol_version":1,"job_id":"a91ce9b9-71cd-436a-b0e2-c4e6573e419e","type":"stage_progress","timestamp":"2026-09-18T15:34:10.389167+00:00","stage":"s2","message_key":"training.step","message_args":{"step":87,"total":600},"current":87,"total":600}
{"protocol_version":1,"job_id":"a91ce9b9-71cd-436a-b0e2-c4e6573e419e","type":"stage_progress","timestamp":"2026-09-18T15:34:11.486863+00:00","stage":"s2","message_key":"training.step","message_args":{"step":88,"total":600},"current":88,"total":600}
{"protocol_version":1,"job_id":"a91ce9b9-71cd-436a-b0e2-c4e6573e419e","type":"stage_progress","timestamp":"2026-09-18T15:34:13.205861+00:00","stage":"s2","message_key":"training.step","message_args":{"step":89,"total":600},"current":89,"total":600}
{"protocol_version":1,"job_id":"a91ce9b9-71cd-436a-b0e2-c4e6573e419e","type":"stage_progress","timestamp":"2026-09-18T15:34:14.346778+00:00","stage":"s2","message_key":"training.step","message_args":{"step":90,"total":600},"current":90,"total":600}
{"protocol_version":1,"job_id":"a91ce9b9-71cd-436a-b0e2-c4e6573e419e","type":"stage_progress","timestamp":"2026-09-18T15:34:15.490457+00:00","stage":"s2","message_key":"training.step","message_args":{"step":91,"total":600},"current":91,"total":600}
{"protocol_version":1,"job_id":"a91ce9b9-71cd-436a-b0e2-c4e6573e419e","type":"stage_progress","timestamp":"2026-09-18T15:34:16.760464+00:00","stage":"s2","message_key":"training.step","message_args":{"step":92,"total":600},"current":92,"total":600}
{"protocol_version":1,"job_id":"a91ce9b9-71cd-436a-b0e2-c4e6573e419e","type":"stage_progress","timestamp":"2026-09-18T15:34:17.864039+00:00","stage":"s2","message_key":"training.step","message_args":{"step":93,"total":600},"current":93,"total":600}
{"protocol_version":1,"job_id":"a91ce9b9-71cd-436a-b0e2-c4e6573e419e","type":"stage_progress","timestamp":"2026-09-18T15:34:18.994919+00:00","stage":"s2","message_key":"training.step","message_args":{"step":94,"total":600},"current":94,"total":600}
{"protocol_version":1,"job_id":"a91ce9b9-71cd-436a-b0e2-c4e6573e419e","type":"stage_progress","timestamp":"2026-09-18T15:34:20.093493+00:00","stage":"s2","message_key":"training.step","message_args":{"step":95,"total":600},"current":95,"total":600}
{"protocol_version":1,"job_id":"a91ce9b9-71cd-436a-b0e2-c4e6573e419e","type":"stage_progress","timestamp":"2026-09-18T15:34:21.306130+00:00","stage":"s2","message_key":"training.step","message_args":{"step":96,"total":600},"current":96,"total":600}
{"protocol_version":1,"job_id":"a91ce9b9-71cd-436a-b0e2-c4e6573e419e","type":"stage_progress","timestamp":"2026-09-18T15:34:22.381460+00:00","stage":"s2","message_key":"training.step","message_args":{"step":97,"total":600},"current":97,"total":600}
{"protocol_version":1,"job_id":"a91ce9b9-71cd-436a-b0e2-c4e6573e419e","type":"stage_progress","timestamp":"2026-09-18T15:34:23.423354+00:00","stage":"s2","message_key":"training.step","message_args":{"step":98,"total":600},"current":98,"total":600}
{"protocol_version":1,"job_id":"a91ce9b9-71cd-436a-b0e2-c4e6573e419e","type":"stage_progress","timestamp":"2026-09-18T15:34:24.488588+00:00","stage":"s2","message_key":"training.step","message_args":{"step":99,"total":600},"current":99,"total":600}
{"protocol_version":1,"job_id":"a91ce9b9-71cd-436a-b0e2-c4e6573e419e","type":"stage_progress","timestamp":"2026-09-18T15:34:25.555302+00:00","stage":"s2","message_key":"training.step","message_args":{"step":100,"total":600},"current":100,"total":600}
{"protocol_version":1,"job_id":"a91ce9b9-71cd-436a-b0e2-c4e6573e419e","type":"stage_progress","timestamp":"2026-09-18T15:34:26.692256+00:00","stage":"s2","message_key":"training.step","message_args":{"step":101,"total":600},"current":101,"total":600}
{"protocol_version":1,"job_id":"a91ce9b9-71cd-436a-b0e2-c4e6573e419e","type":"stage_progress","timestamp":"2026-09-18T15:34:27.703780+00:00","stage":"s2","message_key":"training.step","message_args":{"step":102,"total":600},"current":102,"total":600}
{"protocol_version":1,"job_id":"a91ce9b9-71cd-436a-b0e2-c4e6573e419e","type":"stage_progress","timestamp":"2026-09-18T15:34:28.723491+00:00","stage":"s2","message_key":"training.step","message_args":{"step":103,"total":600},"current":103,"total":600}
{"protocol_version":1,"job_id":"a91ce9b9-71cd-436a-b0e2-c4e6573e419e","type":"stage_progress","timestamp":"2026-09-18T15:34:29.861822+00:00","stage":"s2","message_key":"training.step","message_args":{"step":104,"total":600},"current":104,"total":600}
{"protocol_version":1,"job_id":"a91ce9b9-71cd-436a-b0e2-c4e6573e419e","type":"stage_progress","timestamp":"2026-09-18T15:34:31.127301+00:00","stage":"s2","message_key":"training.step","message_args":{"step":105,"total":600},"current":105,"total":600}
{"protocol_version":1,"job_id":"a91ce9b9-71cd-436a-b0e2-c4e6573e419e","type":"stage_progress","timestamp":"2026-09-18T15:34:32.403665+00:00","stage":"s2","message_key":"training.step","message_args":{"step":106,"total":600},"current":106,"total":600}
{"protocol_version":1,"job_id":"a91ce9b9-71cd-436a-b0e2-c4e6573e419e","type":"stage_progress","timestamp":"2026-09-18T15:34:33.440516+00:00","stage":"s2","message_key":"training.step","message_args":{"step":107,"total":600},"current":107,"total":600}
{"protocol_version":1,"job_id":"a91ce9b9-71cd-436a-b0e2-c4e6573e419e","type":"stage_progress","timestamp":"2026-09-18T15:34:34.611369+00:00","stage":"s2","message_key":"training.step","message_args":{"step":108,"total":600},"current":108,"total":600}
{"protocol_version":1,"job_id":"a91ce9b9-71cd-436a-b0e2-c4e6573e419e","type":"stage_progress","timestamp":"2026-09-18T15:34:35.763343+00:00","stage":"s2","message_key":"training.step","message_args":{"step":109,"total":600},"current":109,"total":600}
{"protocol_version":1,"job_id":"a91ce9b9-71cd-436a-b0e2-c4e6573e419e","type":"stage_progress","timestamp":"2026-09-18T15:34:36.837568+00:00","stage":"s2","message_key":"training.step","message_args":{"step":110,"total":600},"current":110,"total":600}
{"protocol_version":1,"job_id":"a91ce9b9-71cd-436a-b0e2-c4e6573e419e","type":"stage_progress","timestamp":"2026-09-18T15:34:37.943532+00:00","stage":"s2","message_key":"training.step","message_args":{"step":111,"total":600},"current":111,"total":600}
{"protocol_version":1,"job_id":"a91ce9b9-71cd-436a-b0e2-c4e6573e419e","type":"stage_progress","timestamp":"2026-09-18T15:34:39.011836+00:00","stage":"s2","message_key":"training.step","message_args":{"step":112,"total":600},"current":112,"total":600}
{"protocol_version":1,"job_id":"a91ce9b9-71cd-436a-b0e2-c4e6573e419e","type":"stage_progress","timestamp":"2026-09-18T15:34:40.265360+00:00","stage":"s2","message_key":"training.step","message_args":{"step":113,"total":600},"current":113,"total":600}
{"protocol_version":1,"job_id":"a91ce9b9-71cd-436a-b0e2-c4e6573e419e","type":"stage_progress","timestamp":"2026-09-18T15:34:41.332180+00:00","stage":"s2","message_key":"training.step","message_args":{"step":114,"total":600},"current":114,"total":600}
{"protocol_version":1,"job_id":"a91ce9b9-71cd-436a-b0e2-c4e6573e419e","type":"stage_progress","timestamp":"2026-09-18T15:34:42.416908+00:00","stage":"s2","message_key":"training.step","message_args":{"step":115,"total":600},"current":115,"total":600}
{"protocol_version":1,"job_id":"a91ce9b9-71cd-436a-b0e2-c4e6573e419e","type":"stage_progress","timestamp":"2026-09-18T15:34:43.579004+00:00","stage":"s2","message_key":"training.step","message_args":{"step":116,"total":600},"current":116,"total":600}
{"protocol_version":1,"job_id":"a91ce9b9-71cd-436a-b0e2-c4e6573e419e","type":"stage_progress","timestamp":"2026-09-18T15:34:44.714494+00:00","stage":"s2","message_key":"training.step","message_args":{"step":117,"total":600},"current":117,"total":600}
{"protocol_version":1,"job_id":"a91ce9b9-71cd-436a-b0e2-c4e6573e419e","type":"stage_progress","timestamp":"2026-09-18T15:34:45.798691+00:00","stage":"s2","message_key":"training.step","message_args":{"step":118,"total":600},"current":118,"total":600}
{"protocol_version":1,"job_id":"a91ce9b9-71cd-436a-b0e2-c4e6573e419e","type":"stage_progress","timestamp":"2026-09-18T15:34:46.924639+00:00","stage":"s2","message_key":"training.step","message_args":{"step":119,"total":600},"current":119,"total":600}
{"protocol_version":1,"job_id":"a91ce9b9-71cd-436a-b0e2-c4e6573e419e","type":"stage_progress","timestamp":"2026-09-18T15:34:48.042334+00:00","stage":"s2","message_key":"training.step","message_args":{"step":120,"total":600},"current":120,"total":600}
{"protocol_version":1,"job_id":"a91ce9b9-71cd-436a-b0e2-c4e6573e419e","type":"stage_progress","timestamp":"2026-09-18T15:34:49.051668+00:00","stage":"s2","message_key":"training.step","message_args":{"step":121,"total":600},"current":121,"total":600}
{"protocol_version":1,"job_id":"a91ce9b9-71cd-436a-b0e2-c4e6573e419e","type":"stage_progress","timestamp":"2026-09-18T15:34:50.302542+00:00","stage":"s2","message_key":"training.step","message_args":{"step":122,"total":600},"current":122,"total":600}
{"protocol_version":1,"job_id":"a91ce9b9-71cd-436a-b0e2-c4e6573e419e","type":"stage_progress","timestamp":"2026-09-18T15:34:51.331238+00:00","stage":"s2","message_key":"training.step","message_args":{"step":123,"total":600},"current":123,"total":600}
{"protocol_version":1,"job_id":"a91ce9b9-71cd-436a-b0e2-c4e6573e419e","type":"stage_progress","timestamp":"2026-09-18T15:34:52.583854+00:00","stage":"s2","message_key":"training.step","message_args":{"step":124,"total":600},"current":124,"total":600}
{"protocol_version":1,"job_id":"a91ce9b9-71cd-436a-b0e2-c4e6573e419e","type":"stage_progress","timestamp":"2026-09-18T15:34:53.700117+00:00","stage":"s2","message_key":"training.step","message_args":{"step":125,"total":600},"current":125,"total":600}
{"protocol_version":1,"job_id":"a91ce9b9-71cd-436a-b0e2-c4e6573e419e","type":"stage_progress","timestamp":"2026-09-18T15:34:54.756283+00:00","stage":"s2","message_key":"training.step","message_args":{"step":126,"total":600},"current":126,"total":600}
{"protocol_version":1,"job_id":"a91ce9b9-71cd-436a-b0e2-c4e6573e419e","type":"stage_progress","timestamp":"2026-09-18T15:34:55.845671+00:00","stage":"s2","message_key":"training.step","message_args":{"step":127,"total":600},"current":127,"total":600}
{"protocol_version":1,"job_id":"a91ce9b9-71cd-436a-b0e2-c4e6573e419e","type":"stage_progress","timestamp":"2026-09-18T15:34:56.921685+00:00","stage":"s2","message_key":"training.step","message_args":{"step":128,"total":600},"current":128,"total":600}
{"protocol_version":1,"job_id":"a91ce9b9-71cd-436a-b0e2-c4e6573e419e","type":"stage_progress","timestamp":"2026-09-18T15:34:57.947965+00:00","stage":"s2","message_key":"training.step","message_args":{"step":129,"total":600},"current":129,"total":600}
{"protocol_version":1,"job_id":"a91ce9b9-71cd-436a-b0e2-c4e6573e419e","type":"stage_progress","timestamp":"2026-09-18T15:34:59.041304+00:00","stage":"s2","message_key":"training.step","message_args":{"step":130,"total":600},"current":130,"total":600}
{"protocol_version":1,"job_id":"a91ce9b9-71cd-436a-b0e2-c4e6573e419e","type":"stage_progress","timestamp":"2026-09-18T15:35:00.160246+00:00","stage":"s2","message_key":"training.step","message_args":{"step":131,"total":600},"current":131,"total":600}
{"protocol_version":1,"job_id":"a91ce9b9-71cd-436a-b0e2-c4e6573e419e","type":"stage_progress","timestamp":"2026-09-18T15:35:01.298357+00:00","stage":"s2","message_key":"training.step","message_args":{"step":132,"total":600},"current":132,"total":600}
{"protocol_version":1,"job_id":"a91ce9b9-71cd-436a-b0e2-c4e6573e419e","type":"stage_progress","timestamp":"2026-09-18T15:35:02.423465+00:00","stage":"s2","message_key":"training.step","message_args":{"step":133,"total":600},"current":133,"total":600}
{"protocol_version":1,"job_id":"a91ce9b9-71cd-436a-b0e2-c4e6573e419e","type":"stage_progress","timestamp":"2026-09-18T15:35:03.549156+00:00","stage":"s2","message_key":"training.step","message_args":{"step":134,"total":600},"current":134,"total":600}
{"protocol_version":1,"job_id":"a91ce9b9-71cd-436a-b0e2-c4e6573e419e","type":"stage_progress","timestamp":"2026-09-18T15:35:04.667959+00:00","stage":"s2","message_key":"training.step","message_args":{"step":135,"total":600},"current":135,"total":600}
{"protocol_version":1,"job_id":"a91ce9b9-71cd-436a-b0e2-c4e6573e419e","type":"stage_progress","timestamp":"2026-09-18T15:35:05.760367+00:00","stage":"s2","message_key":"training.step","message_args":{"step":136,"total":600},"current":136,"total":600}
{"protocol_version":1,"job_id":"a91ce9b9-71cd-436a-b0e2-c4e6573e419e","type":"stage_progress","timestamp":"2026-09-18T15:35:06.808267+00:00","stage":"s2","message_key":"training.step","message_args":{"step":137,"total":600},"current":137,"total":600}
{"protocol_version":1,"job_id":"a91ce9b9-71cd-436a-b0e2-c4e6573e419e","type":"stage_progress","timestamp":"2026-09-18T15:35:08.043341+00:00","stage":"s2","message_key":"training.step","message_args":{"step":138,"total":600},"current":138,"total":600}
{"protocol_version":1,"job_id":"a91ce9b9-71cd-436a-b0e2-c4e6573e419e","type":"stage_progress","timestamp":"2026-09-18T15:35:09.102697+00:00","stage":"s2","message_key":"training.step","message_args":{"step":139,"total":600},"current":139,"total":600}
{"protocol_version":1,"job_id":"a91ce9b9-71cd-436a-b0e2-c4e6573e419e","type":"stage_progress","timestamp":"2026-09-18T15:35:10.157195+00:00","stage":"s2","message_key":"training.step","message_args":{"step":140,"total":600},"current":140,"total":600}
{"protocol_version":1,"job_id":"a91ce9b9-71cd-436a-b0e2-c4e6573e419e","type":"stage_progress","timestamp":"2026-09-18T15:35:11.354367+00:00","stage":"s2","message_key":"training.step","message_args":{"step":141,"total":600},"current":141,"total":600}
{"protocol_version":1,"job_id":"a91ce9b9-71cd-436a-b0e2-c4e6573e419e","type":"stage_progress","timestamp":"2026-09-18T15:35:12.477890+00:00","stage":"s2","message_key":"training.step","message_args":{"step":142,"total":600},"current":142,"total":600}
{"protocol_version":1,"job_id":"a91ce9b9-71cd-436a-b0e2-c4e6573e419e","type":"stage_progress","timestamp":"2026-09-18T15:35:13.916145+00:00","stage":"s2","message_key":"training.step","message_args":{"step":143,"total":600},"current":143,"total":600}
{"protocol_version":1,"job_id":"a91ce9b9-71cd-436a-b0e2-c4e6573e419e","type":"stage_progress","timestamp":"2026-09-18T15:35:15.012940+00:00","stage":"s2","message_key":"training.step","message_args":{"step":144,"total":600},"current":144,"total":600}
{"protocol_version":1,"job_id":"a91ce9b9-71cd-436a-b0e2-c4e6573e419e","type":"stage_progress","timestamp":"2026-09-18T15:35:16.128649+00:00","stage":"s2","message_key":"training.step","message_args":{"step":145,"total":600},"current":145,"total":600}
{"protocol_version":1,"job_id":"a91ce9b9-71cd-436a-b0e2-c4e6573e419e","type":"stage_progress","timestamp":"2026-09-18T15:35:17.283090+00:00","stage":"s2","message_key":"training.step","message_args":{"step":146,"total":600},"current":146,"total":600}
{"protocol_version":1,"job_id":"a91ce9b9-71cd-436a-b0e2-c4e6573e419e","type":"stage_progress","timestamp":"2026-09-18T15:35:18.429165+00:00","stage":"s2","message_key":"training.step","message_args":{"step":147,"total":600},"current":147,"total":600}
{"protocol_version":1,"job_id":"a91ce9b9-71cd-436a-b0e2-c4e6573e419e","type":"stage_progress","timestamp":"2026-09-18T15:35:19.468603+00:00","stage":"s2","message_key":"training.step","message_args":{"step":148,"total":600},"current":148,"total":600}
{"protocol_version":1,"job_id":"a91ce9b9-71cd-436a-b0e2-c4e6573e419e","type":"stage_progress","timestamp":"2026-09-18T15:35:20.550420+00:00","stage":"s2","message_key":"training.step","message_args":{"step":149,"total":600},"current":149,"total":600}
{"protocol_version":1,"job_id":"a91ce9b9-71cd-436a-b0e2-c4e6573e419e","type":"stage_progress","timestamp":"2026-09-18T15:35:21.646654+00:00","stage":"s2","message_key":"training.step","message_args":{"step":150,"total":600},"current":150,"total":600}
{"protocol_version":1,"job_id":"a91ce9b9-71cd-436a-b0e2-c4e6573e419e","type":"stage_progress","timestamp":"2026-09-18T15:35:22.717445+00:00","stage":"s2","message_key":"training.step","message_args":{"step":151,"total":600},"current":151,"total":600}
{"protocol_version":1,"job_id":"a91ce9b9-71cd-436a-b0e2-c4e6573e419e","type":"stage_progress","timestamp":"2026-09-18T15:35:23.791895+00:00","stage":"s2","message_key":"training.step","message_args":{"step":152,"total":600},"current":152,"total":600}
{"protocol_version":1,"job_id":"a91ce9b9-71cd-436a-b0e2-c4e6573e419e","type":"stage_progress","timestamp":"2026-09-18T15:35:24.874017+00:00","stage":"s2","message_key":"training.step","message_args":{"step":153,"total":600},"current":153,"total":600}
{"protocol_version":1,"job_id":"a91ce9b9-71cd-436a-b0e2-c4e6573e419e","type":"stage_progress","timestamp":"2026-09-18T15:35:26.013318+00:00","stage":"s2","message_key":"training.step","message_args":{"step":154,"total":600},"current":154,"total":600}
{"protocol_version":1,"job_id":"a91ce9b9-71cd-436a-b0e2-c4e6573e419e","type":"stage_progress","timestamp":"2026-09-18T15:35:27.104138+00:00","stage":"s2","message_key":"training.step","message_args":{"step":155,"total":600},"current":155,"total":600}
{"protocol_version":1,"job_id":"a91ce9b9-71cd-436a-b0e2-c4e6573e419e","type":"stage_progress","timestamp":"2026-09-18T15:35:28.191309+00:00","stage":"s2","message_key":"training.step","message_args":{"step":156,"total":600},"current":156,"total":600}
{"protocol_version":1,"job_id":"a91ce9b9-71cd-436a-b0e2-c4e6573e419e","type":"stage_progress","timestamp":"2026-09-18T15:35:29.154212+00:00","stage":"s2","message_key":"training.step","message_args":{"step":157,"total":600},"current":157,"total":600}
{"protocol_version":1,"job_id":"a91ce9b9-71cd-436a-b0e2-c4e6573e419e","type":"stage_progress","timestamp":"2026-09-18T15:35:30.283292+00:00","stage":"s2","message_key":"training.step","message_args":{"step":158,"total":600},"current":158,"total":600}
{"protocol_version":1,"job_id":"a91ce9b9-71cd-436a-b0e2-c4e6573e419e","type":"stage_progress","timestamp":"2026-09-18T15:35:31.407702+00:00","stage":"s2","message_key":"training.step","message_args":{"step":159,"total":600},"current":159,"total":600}
{"protocol_version":1,"job_id":"a91ce9b9-71cd-436a-b0e2-c4e6573e419e","type":"stage_progress","timestamp":"2026-09-18T15:35:32.517878+00:00","stage":"s2","message_key":"training.step","message_args":{"step":160,"total":600},"current":160,"total":600}
{"protocol_version":1,"job_id":"a91ce9b9-71cd-436a-b0e2-c4e6573e419e","type":"stage_progress","timestamp":"2026-09-18T15:35:33.776637+00:00","stage":"s2","message_key":"training.step","message_args":{"step":161,"total":600},"current":161,"total":600}
{"protocol_version":1,"job_id":"a91ce9b9-71cd-436a-b0e2-c4e6573e419e","type":"stage_progress","timestamp":"2026-09-18T15:35:35.012488+00:00","stage":"s2","message_key":"training.step","message_args":{"step":162,"total":600},"current":162,"total":600}
{"protocol_version":1,"job_id":"a91ce9b9-71cd-436a-b0e2-c4e6573e419e","type":"stage_progress","timestamp":"2026-09-18T15:35:36.063489+00:00","stage":"s2","message_key":"training.step","message_args":{"step":163,"total":600},"current":163,"total":600}
{"protocol_version":1,"job_id":"a91ce9b9-71cd-436a-b0e2-c4e6573e419e","type":"stage_progress","timestamp":"2026-09-18T15:35:37.317582+00:00","stage":"s2","message_key":"training.step","message_args":{"step":164,"total":600},"current":164,"total":600}
{"protocol_version":1,"job_id":"a91ce9b9-71cd-436a-b0e2-c4e6573e419e","type":"stage_progress","timestamp":"2026-09-18T15:35:38.369489+00:00","stage":"s2","message_key":"training.step","message_args":{"step":165,"total":600},"current":165,"total":600}
{"protocol_version":1,"job_id":"a91ce9b9-71cd-436a-b0e2-c4e6573e419e","type":"stage_progress","timestamp":"2026-09-18T15:35:39.531721+00:00","stage":"s2","message_key":"training.step","message_args":{"step":166,"total":600},"current":166,"total":600}
{"protocol_version":1,"job_id":"a91ce9b9-71cd-436a-b0e2-c4e6573e419e","type":"stage_progress","timestamp":"2026-09-18T15:35:40.697352+00:00","stage":"s2","message_key":"training.step","message_args":{"step":167,"total":600},"current":167,"total":600}
{"protocol_version":1,"job_id":"a91ce9b9-71cd-436a-b0e2-c4e6573e419e","type":"stage_progress","timestamp":"2026-09-18T15:35:41.801870+00:00","stage":"s2","message_key":"training.step","message_args":{"step":168,"total":600},"current":168,"total":600}
{"protocol_version":1,"job_id":"a91ce9b9-71cd-436a-b0e2-c4e6573e419e","type":"stage_progress","timestamp":"2026-09-18T15:35:42.888122+00:00","stage":"s2","message_key":"training.step","message_args":{"step":169,"total":600},"current":169,"total":600}
{"protocol_version":1,"job_id":"a91ce9b9-71cd-436a-b0e2-c4e6573e419e","type":"stage_progress","timestamp":"2026-09-18T15:35:43.968282+00:00","stage":"s2","message_key":"training.step","message_args":{"step":170,"total":600},"current":170,"total":600}
{"protocol_version":1,"job_id":"a91ce9b9-71cd-436a-b0e2-c4e6573e419e","type":"stage_progress","timestamp":"2026-09-18T15:35:45.190246+00:00","stage":"s2","message_key":"training.step","message_args":{"step":171,"total":600},"current":171,"total":600}
{"protocol_version":1,"job_id":"a91ce9b9-71cd-436a-b0e2-c4e6573e419e","type":"stage_progress","timestamp":"2026-09-18T15:35:46.257498+00:00","stage":"s2","message_key":"training.step","message_args":{"step":172,"total":600},"current":172,"total":600}
{"protocol_version":1,"job_id":"a91ce9b9-71cd-436a-b0e2-c4e6573e419e","type":"stage_progress","timestamp":"2026-09-18T15:35:47.328280+00:00","stage":"s2","message_key":"training.step","message_args":{"step":173,"total":600},"current":173,"total":600}
{"protocol_version":1,"job_id":"a91ce9b9-71cd-436a-b0e2-c4e6573e419e","type":"stage_progress","timestamp":"2026-09-18T15:35:48.433922+00:00","stage":"s2","message_key":"training.step","message_args":{"step":174,"total":600},"current":174,"total":600}
{"protocol_version":1,"job_id":"a91ce9b9-71cd-436a-b0e2-c4e6573e419e","type":"stage_progress","timestamp":"2026-09-18T15:35:49.531825+00:00","stage":"s2","message_key":"training.step","message_args":{"step":175,"total":600},"current":175,"total":600}
{"protocol_version":1,"job_id":"a91ce9b9-71cd-436a-b0e2-c4e6573e419e","type":"stage_progress","timestamp":"2026-09-18T15:35:50.674018+00:00","stage":"s2","message_key":"training.step","message_args":{"step":176,"total":600},"current":176,"total":600}
{"protocol_version":1,"job_id":"a91ce9b9-71cd-436a-b0e2-c4e6573e419e","type":"stage_progress","timestamp":"2026-09-18T15:35:51.759823+00:00","stage":"s2","message_key":"training.step","message_args":{"step":177,"total":600},"current":177,"total":600}
{"protocol_version":1,"job_id":"a91ce9b9-71cd-436a-b0e2-c4e6573e419e","type":"stage_progress","timestamp":"2026-09-18T15:35:52.840512+00:00","stage":"s2","message_key":"training.step","message_args":{"step":178,"total":600},"current":178,"total":600}
{"protocol_version":1,"job_id":"a91ce9b9-71cd-436a-b0e2-c4e6573e419e","type":"stage_progress","timestamp":"2026-09-18T15:35:53.865301+00:00","stage":"s2","message_key":"training.step","message_args":{"step":179,"total":600},"current":179,"total":600}
{"protocol_version":1,"job_id":"a91ce9b9-71cd-436a-b0e2-c4e6573e419e","type":"stage_progress","timestamp":"2026-09-18T15:35:54.917051+00:00","stage":"s2","message_key":"training.step","message_args":{"step":180,"total":600},"current":180,"total":600}
{"protocol_version":1,"job_id":"a91ce9b9-71cd-436a-b0e2-c4e6573e419e","type":"stage_progress","timestamp":"2026-09-18T15:35:56.023261+00:00","stage":"s2","message_key":"training.step","message_args":{"step":181,"total":600},"current":181,"total":600}
{"protocol_version":1,"job_id":"a91ce9b9-71cd-436a-b0e2-c4e6573e419e","type":"stage_progress","timestamp":"2026-09-18T15:35:57.116241+00:00","stage":"s2","message_key":"training.step","message_args":{"step":182,"total":600},"current":182,"total":600}
{"protocol_version":1,"job_id":"a91ce9b9-71cd-436a-b0e2-c4e6573e419e","type":"stage_progress","timestamp":"2026-09-18T15:35:58.192087+00:00","stage":"s2","message_key":"training.step","message_args":{"step":183,"total":600},"current":183,"total":600}
{"protocol_version":1,"job_id":"a91ce9b9-71cd-436a-b0e2-c4e6573e419e","type":"stage_progress","timestamp":"2026-09-18T15:35:59.420136+00:00","stage":"s2","message_key":"training.step","message_args":{"step":184,"total":600},"current":184,"total":600}
{"protocol_version":1,"job_id":"a91ce9b9-71cd-436a-b0e2-c4e6573e419e","type":"stage_progress","timestamp":"2026-09-18T15:36:00.504183+00:00","stage":"s2","message_key":"training.step","message_args":{"step":185,"total":600},"current":185,"total":600}
{"protocol_version":1,"job_id":"a91ce9b9-71cd-436a-b0e2-c4e6573e419e","type":"stage_progress","timestamp":"2026-09-18T15:36:01.597191+00:00","stage":"s2","message_key":"training.step","message_args":{"step":186,"total":600},"current":186,"total":600}
{"protocol_version":1,"job_id":"a91ce9b9-71cd-436a-b0e2-c4e6573e419e","type":"stage_progress","timestamp":"2026-09-18T15:36:02.781941+00:00","stage":"s2","message_key":"training.step","message_args":{"step":187,"total":600},"current":187,"total":600}
{"protocol_version":1,"job_id":"a91ce9b9-71cd-436a-b0e2-c4e6573e419e","type":"stage_progress","timestamp":"2026-09-18T15:36:03.987666+00:00","stage":"s2","message_key":"training.step","message_args":{"step":188,"total":600},"current":188,"total":600}
{"protocol_version":1,"job_id":"a91ce9b9-71cd-436a-b0e2-c4e6573e419e","type":"stage_progress","timestamp":"2026-09-18T15:36:05.002879+00:00","stage":"s2","message_key":"training.step","message_args":{"step":189,"total":600},"current":189,"total":600}
{"protocol_version":1,"job_id":"a91ce9b9-71cd-436a-b0e2-c4e6573e419e","type":"stage_progress","timestamp":"2026-09-18T15:36:06.160380+00:00","stage":"s2","message_key":"training.step","message_args":{"step":190,"total":600},"current":190,"total":600}
{"protocol_version":1,"job_id":"a91ce9b9-71cd-436a-b0e2-c4e6573e419e","type":"stage_progress","timestamp":"2026-09-18T15:36:07.193141+00:00","stage":"s2","message_key":"training.step","message_args":{"step":191,"total":600},"current":191,"total":600}
{"protocol_version":1,"job_id":"a91ce9b9-71cd-436a-b0e2-c4e6573e419e","type":"stage_progress","timestamp":"2026-09-18T15:36:08.258013+00:00","stage":"s2","message_key":"training.step","message_args":{"step":192,"total":600},"current":192,"total":600}
{"protocol_version":1,"job_id":"a91ce9b9-71cd-436a-b0e2-c4e6573e419e","type":"stage_progress","timestamp":"2026-09-18T15:36:09.637695+00:00","stage":"s2","message_key":"training.step","message_args":{"step":193,"total":600},"current":193,"total":600}
{"protocol_version":1,"job_id":"a91ce9b9-71cd-436a-b0e2-c4e6573e419e","type":"stage_progress","timestamp":"2026-09-18T15:36:10.696376+00:00","stage":"s2","message_key":"training.step","message_args":{"step":194,"total":600},"current":194,"total":600}
{"protocol_version":1,"job_id":"a91ce9b9-71cd-436a-b0e2-c4e6573e419e","type":"stage_progress","timestamp":"2026-09-18T15:36:11.807669+00:00","stage":"s2","message_key":"training.step","message_args":{"step":195,"total":600},"current":195,"total":600}
{"protocol_version":1,"job_id":"a91ce9b9-71cd-436a-b0e2-c4e6573e419e","type":"stage_progress","timestamp":"2026-09-18T15:36:12.909117+00:00","stage":"s2","message_key":"training.step","message_args":{"step":196,"total":600},"current":196,"total":600}
{"protocol_version":1,"job_id":"a91ce9b9-71cd-436a-b0e2-c4e6573e419e","type":"stage_progress","timestamp":"2026-09-18T15:36:14.041373+00:00","stage":"s2","message_key":"training.step","message_args":{"step":197,"total":600},"current":197,"total":600}
{"protocol_version":1,"job_id":"a91ce9b9-71cd-436a-b0e2-c4e6573e419e","type":"stage_progress","timestamp":"2026-09-18T15:36:15.243444+00:00","stage":"s2","message_key":"training.step","message_args":{"step":198,"total":600},"current":198,"total":600}
{"protocol_version":1,"job_id":"a91ce9b9-71cd-436a-b0e2-c4e6573e419e","type":"stage_progress","timestamp":"2026-09-18T15:36:16.367222+00:00","stage":"s2","message_key":"training.step","message_args":{"step":199,"total":600},"current":199,"total":600}
{"protocol_version":1,"job_id":"a91ce9b9-71cd-436a-b0e2-c4e6573e419e","type":"stage_progress","timestamp":"2026-09-18T15:36:17.512313+00:00","stage":"s2","message_key":"training.step","message_args":{"step":200,"total":600},"current":200,"total":600}
{"protocol_version":1,"job_id":"a91ce9b9-71cd-436a-b0e2-c4e6573e419e","type":"checkpoint","timestamp":"2026-09-18T15:36:21.210507+00:00","stage":"s2","artifacts":[{"type":"checkpoint","path":"D:\\AI-Training\\voice-clone\\voice-pipeline\\voice-pipeline\\runs\\Lucy\\training\\s2\\checkpoints\\step-00000200.pt"}]}
{"protocol_version":1,"job_id":"a91ce9b9-71cd-436a-b0e2-c4e6573e419e","type":"stage_progress","timestamp":"2026-09-18T15:36:22.446253+00:00","stage":"s2","message_key":"training.step","message_args":{"step":201,"total":600},"current":201,"total":600}
{"protocol_version":1,"job_id":"a91ce9b9-71cd-436a-b0e2-c4e6573e419e","type":"stage_progress","timestamp":"2026-09-18T15:36:23.550289+00:00","stage":"s2","message_key":"training.step","message_args":{"step":202,"total":600},"current":202,"total":600}
{"protocol_version":1,"job_id":"a91ce9b9-71cd-436a-b0e2-c4e6573e419e","type":"stage_progress","timestamp":"2026-09-18T15:36:25.288268+00:00","stage":"s2","message_key":"training.step","message_args":{"step":203,"total":600},"current":203,"total":600}
{"protocol_version":1,"job_id":"a91ce9b9-71cd-436a-b0e2-c4e6573e419e","type":"stage_progress","timestamp":"2026-09-18T15:36:26.424269+00:00","stage":"s2","message_key":"training.step","message_args":{"step":204,"total":600},"current":204,"total":600}
{"protocol_version":1,"job_id":"a91ce9b9-71cd-436a-b0e2-c4e6573e419e","type":"stage_progress","timestamp":"2026-09-18T15:36:27.590409+00:00","stage":"s2","message_key":"training.step","message_args":{"step":205,"total":600},"current":205,"total":600}
{"protocol_version":1,"job_id":"a91ce9b9-71cd-436a-b0e2-c4e6573e419e","type":"stage_progress","timestamp":"2026-09-18T15:36:28.713426+00:00","stage":"s2","message_key":"training.step","message_args":{"step":206,"total":600},"current":206,"total":600}
{"protocol_version":1,"job_id":"a91ce9b9-71cd-436a-b0e2-c4e6573e419e","type":"stage_progress","timestamp":"2026-09-18T15:36:29.908443+00:00","stage":"s2","message_key":"training.step","message_args":{"step":207,"total":600},"current":207,"total":600}
{"protocol_version":1,"job_id":"a91ce9b9-71cd-436a-b0e2-c4e6573e419e","type":"stage_progress","timestamp":"2026-09-18T15:36:31.066121+00:00","stage":"s2","message_key":"training.step","message_args":{"step":208,"total":600},"current":208,"total":600}
{"protocol_version":1,"job_id":"a91ce9b9-71cd-436a-b0e2-c4e6573e419e","type":"stage_progress","timestamp":"2026-09-18T15:36:32.558883+00:00","stage":"s2","message_key":"training.step","message_args":{"step":209,"total":600},"current":209,"total":600}
{"protocol_version":1,"job_id":"a91ce9b9-71cd-436a-b0e2-c4e6573e419e","type":"stage_progress","timestamp":"2026-09-18T15:36:33.755152+00:00","stage":"s2","message_key":"training.step","message_args":{"step":210,"total":600},"current":210,"total":600}
{"protocol_version":1,"job_id":"a91ce9b9-71cd-436a-b0e2-c4e6573e419e","type":"stage_progress","timestamp":"2026-09-18T15:36:34.984614+00:00","stage":"s2","message_key":"training.step","message_args":{"step":211,"total":600},"current":211,"total":600}
{"protocol_version":1,"job_id":"a91ce9b9-71cd-436a-b0e2-c4e6573e419e","type":"stage_progress","timestamp":"2026-09-18T15:36:36.064631+00:00","stage":"s2","message_key":"training.step","message_args":{"step":212,"total":600},"current":212,"total":600}
{"protocol_version":1,"job_id":"a91ce9b9-71cd-436a-b0e2-c4e6573e419e","type":"stage_progress","timestamp":"2026-09-18T15:36:37.199144+00:00","stage":"s2","message_key":"training.step","message_args":{"step":213,"total":600},"current":213,"total":600}
{"protocol_version":1,"job_id":"a91ce9b9-71cd-436a-b0e2-c4e6573e419e","type":"stage_progress","timestamp":"2026-09-18T15:36:38.339532+00:00","stage":"s2","message_key":"training.step","message_args":{"step":214,"total":600},"current":214,"total":600}
{"protocol_version":1,"job_id":"a91ce9b9-71cd-436a-b0e2-c4e6573e419e","type":"stage_progress","timestamp":"2026-09-18T15:36:39.584077+00:00","stage":"s2","message_key":"training.step","message_args":{"step":215,"total":600},"current":215,"total":600}
{"protocol_version":1,"job_id":"a91ce9b9-71cd-436a-b0e2-c4e6573e419e","type":"stage_progress","timestamp":"2026-09-18T15:36:40.743830+00:00","stage":"s2","message_key":"training.step","message_args":{"step":216,"total":600},"current":216,"total":600}
{"protocol_version":1,"job_id":"a91ce9b9-71cd-436a-b0e2-c4e6573e419e","type":"stage_progress","timestamp":"2026-09-18T15:36:41.815103+00:00","stage":"s2","message_key":"training.step","message_args":{"step":217,"total":600},"current":217,"total":600}
{"protocol_version":1,"job_id":"a91ce9b9-71cd-436a-b0e2-c4e6573e419e","type":"stage_progress","timestamp":"2026-09-18T15:36:42.938888+00:00","stage":"s2","message_key":"training.step","message_args":{"step":218,"total":600},"current":218,"total":600}
{"protocol_version":1,"job_id":"a91ce9b9-71cd-436a-b0e2-c4e6573e419e","type":"stage_progress","timestamp":"2026-09-18T15:36:44.231423+00:00","stage":"s2","message_key":"training.step","message_args":{"step":219,"total":600},"current":219,"total":600}
{"protocol_version":1,"job_id":"a91ce9b9-71cd-436a-b0e2-c4e6573e419e","type":"stage_progress","timestamp":"2026-09-18T15:36:45.376551+00:00","stage":"s2","message_key":"training.step","message_args":{"step":220,"total":600},"current":220,"total":600}
{"protocol_version":1,"job_id":"a91ce9b9-71cd-436a-b0e2-c4e6573e419e","type":"stage_progress","timestamp":"2026-09-18T15:36:46.467873+00:00","stage":"s2","message_key":"training.step","message_args":{"step":221,"total":600},"current":221,"total":600}
{"protocol_version":1,"job_id":"a91ce9b9-71cd-436a-b0e2-c4e6573e419e","type":"stage_progress","timestamp":"2026-09-18T15:36:47.567113+00:00","stage":"s2","message_key":"training.step","message_args":{"step":222,"total":600},"current":222,"total":600}
{"protocol_version":1,"job_id":"a91ce9b9-71cd-436a-b0e2-c4e6573e419e","type":"stage_progress","timestamp":"2026-09-18T15:36:48.615984+00:00","stage":"s2","message_key":"training.step","message_args":{"step":223,"total":600},"current":223,"total":600}
{"protocol_version":1,"job_id":"a91ce9b9-71cd-436a-b0e2-c4e6573e419e","type":"stage_progress","timestamp":"2026-09-18T15:36:49.797946+00:00","stage":"s2","message_key":"training.step","message_args":{"step":224,"total":600},"current":224,"total":600}
{"protocol_version":1,"job_id":"a91ce9b9-71cd-436a-b0e2-c4e6573e419e","type":"stage_progress","timestamp":"2026-09-18T15:36:50.983412+00:00","stage":"s2","message_key":"training.step","message_args":{"step":225,"total":600},"current":225,"total":600}
{"protocol_version":1,"job_id":"a91ce9b9-71cd-436a-b0e2-c4e6573e419e","type":"stage_progress","timestamp":"2026-09-18T15:36:52.069998+00:00","stage":"s2","message_key":"training.step","message_args":{"step":226,"total":600},"current":226,"total":600}
{"protocol_version":1,"job_id":"a91ce9b9-71cd-436a-b0e2-c4e6573e419e","type":"stage_progress","timestamp":"2026-09-18T15:36:53.263307+00:00","stage":"s2","message_key":"training.step","message_args":{"step":227,"total":600},"current":227,"total":600}
{"protocol_version":1,"job_id":"a91ce9b9-71cd-436a-b0e2-c4e6573e419e","type":"stage_progress","timestamp":"2026-09-18T15:36:54.481783+00:00","stage":"s2","message_key":"training.step","message_args":{"step":228,"total":600},"current":228,"total":600}
{"protocol_version":1,"job_id":"a91ce9b9-71cd-436a-b0e2-c4e6573e419e","type":"stage_progress","timestamp":"2026-09-18T15:36:55.660652+00:00","stage":"s2","message_key":"training.step","message_args":{"step":229,"total":600},"current":229,"total":600}
{"protocol_version":1,"job_id":"a91ce9b9-71cd-436a-b0e2-c4e6573e419e","type":"stage_progress","timestamp":"2026-09-18T15:36:56.668337+00:00","stage":"s2","message_key":"training.step","message_args":{"step":230,"total":600},"current":230,"total":600}
{"protocol_version":1,"job_id":"a91ce9b9-71cd-436a-b0e2-c4e6573e419e","type":"stage_progress","timestamp":"2026-09-18T15:36:57.741429+00:00","stage":"s2","message_key":"training.step","message_args":{"step":231,"total":600},"current":231,"total":600}
{"protocol_version":1,"job_id":"a91ce9b9-71cd-436a-b0e2-c4e6573e419e","type":"stage_progress","timestamp":"2026-09-18T15:36:58.793317+00:00","stage":"s2","message_key":"training.step","message_args":{"step":232,"total":600},"current":232,"total":600}
{"protocol_version":1,"job_id":"a91ce9b9-71cd-436a-b0e2-c4e6573e419e","type":"stage_progress","timestamp":"2026-09-18T15:37:00.008108+00:00","stage":"s2","message_key":"training.step","message_args":{"step":233,"total":600},"current":233,"total":600}
{"protocol_version":1,"job_id":"a91ce9b9-71cd-436a-b0e2-c4e6573e419e","type":"stage_progress","timestamp":"2026-09-18T15:37:01.044012+00:00","stage":"s2","message_key":"training.step","message_args":{"step":234,"total":600},"current":234,"total":600}
{"protocol_version":1,"job_id":"a91ce9b9-71cd-436a-b0e2-c4e6573e419e","type":"stage_progress","timestamp":"2026-09-18T15:37:02.145599+00:00","stage":"s2","message_key":"training.step","message_args":{"step":235,"total":600},"current":235,"total":600}
{"protocol_version":1,"job_id":"a91ce9b9-71cd-436a-b0e2-c4e6573e419e","type":"stage_progress","timestamp":"2026-09-18T15:37:03.251632+00:00","stage":"s2","message_key":"training.step","message_args":{"step":236,"total":600},"current":236,"total":600}
{"protocol_version":1,"job_id":"a91ce9b9-71cd-436a-b0e2-c4e6573e419e","type":"stage_progress","timestamp":"2026-09-18T15:37:04.411968+00:00","stage":"s2","message_key":"training.step","message_args":{"step":237,"total":600},"current":237,"total":600}
{"protocol_version":1,"job_id":"a91ce9b9-71cd-436a-b0e2-c4e6573e419e","type":"stage_progress","timestamp":"2026-09-18T15:37:05.532385+00:00","stage":"s2","message_key":"training.step","message_args":{"step":238,"total":600},"current":238,"total":600}
{"protocol_version":1,"job_id":"a91ce9b9-71cd-436a-b0e2-c4e6573e419e","type":"stage_progress","timestamp":"2026-09-18T15:37:06.738365+00:00","stage":"s2","message_key":"training.step","message_args":{"step":239,"total":600},"current":239,"total":600}
{"protocol_version":1,"job_id":"a91ce9b9-71cd-436a-b0e2-c4e6573e419e","type":"stage_progress","timestamp":"2026-09-18T15:37:07.813651+00:00","stage":"s2","message_key":"training.step","message_args":{"step":240,"total":600},"current":240,"total":600}
{"protocol_version":1,"job_id":"a91ce9b9-71cd-436a-b0e2-c4e6573e419e","type":"stage_progress","timestamp":"2026-09-18T15:37:08.976774+00:00","stage":"s2","message_key":"training.step","message_args":{"step":241,"total":600},"current":241,"total":600}
{"protocol_version":1,"job_id":"a91ce9b9-71cd-436a-b0e2-c4e6573e419e","type":"stage_progress","timestamp":"2026-09-18T15:37:10.203464+00:00","stage":"s2","message_key":"training.step","message_args":{"step":242,"total":600},"current":242,"total":600}
{"protocol_version":1,"job_id":"a91ce9b9-71cd-436a-b0e2-c4e6573e419e","type":"stage_progress","timestamp":"2026-09-18T15:37:11.279673+00:00","stage":"s2","message_key":"training.step","message_args":{"step":243,"total":600},"current":243,"total":600}
{"protocol_version":1,"job_id":"a91ce9b9-71cd-436a-b0e2-c4e6573e419e","type":"stage_progress","timestamp":"2026-09-18T15:37:12.379854+00:00","stage":"s2","message_key":"training.step","message_args":{"step":244,"total":600},"current":244,"total":600}
{"protocol_version":1,"job_id":"a91ce9b9-71cd-436a-b0e2-c4e6573e419e","type":"stage_progress","timestamp":"2026-09-18T15:37:13.453993+00:00","stage":"s2","message_key":"training.step","message_args":{"step":245,"total":600},"current":245,"total":600}
{"protocol_version":1,"job_id":"a91ce9b9-71cd-436a-b0e2-c4e6573e419e","type":"stage_progress","timestamp":"2026-09-18T15:37:14.494740+00:00","stage":"s2","message_key":"training.step","message_args":{"step":246,"total":600},"current":246,"total":600}
{"protocol_version":1,"job_id":"a91ce9b9-71cd-436a-b0e2-c4e6573e419e","type":"stage_progress","timestamp":"2026-09-18T15:37:15.523050+00:00","stage":"s2","message_key":"training.step","message_args":{"step":247,"total":600},"current":247,"total":600}
{"protocol_version":1,"job_id":"a91ce9b9-71cd-436a-b0e2-c4e6573e419e","type":"stage_progress","timestamp":"2026-09-18T15:37:16.592433+00:00","stage":"s2","message_key":"training.step","message_args":{"step":248,"total":600},"current":248,"total":600}
{"protocol_version":1,"job_id":"a91ce9b9-71cd-436a-b0e2-c4e6573e419e","type":"stage_progress","timestamp":"2026-09-18T15:37:17.685799+00:00","stage":"s2","message_key":"training.step","message_args":{"step":249,"total":600},"current":249,"total":600}
{"protocol_version":1,"job_id":"a91ce9b9-71cd-436a-b0e2-c4e6573e419e","type":"stage_progress","timestamp":"2026-09-18T15:37:18.795289+00:00","stage":"s2","message_key":"training.step","message_args":{"step":250,"total":600},"current":250,"total":600}
{"protocol_version":1,"job_id":"a91ce9b9-71cd-436a-b0e2-c4e6573e419e","type":"stage_progress","timestamp":"2026-09-18T15:37:19.895863+00:00","stage":"s2","message_key":"training.step","message_args":{"step":251,"total":600},"current":251,"total":600}
{"protocol_version":1,"job_id":"a91ce9b9-71cd-436a-b0e2-c4e6573e419e","type":"stage_progress","timestamp":"2026-09-18T15:37:20.975847+00:00","stage":"s2","message_key":"training.step","message_args":{"step":252,"total":600},"current":252,"total":600}
{"protocol_version":1,"job_id":"a91ce9b9-71cd-436a-b0e2-c4e6573e419e","type":"stage_progress","timestamp":"2026-09-18T15:37:22.098615+00:00","stage":"s2","message_key":"training.step","message_args":{"step":253,"total":600},"current":253,"total":600}
{"protocol_version":1,"job_id":"a91ce9b9-71cd-436a-b0e2-c4e6573e419e","type":"stage_progress","timestamp":"2026-09-18T15:37:23.161617+00:00","stage":"s2","message_key":"training.step","message_args":{"step":254,"total":600},"current":254,"total":600}
{"protocol_version":1,"job_id":"a91ce9b9-71cd-436a-b0e2-c4e6573e419e","type":"stage_progress","timestamp":"2026-09-18T15:37:24.229691+00:00","stage":"s2","message_key":"training.step","message_args":{"step":255,"total":600},"current":255,"total":600}
{"protocol_version":1,"job_id":"a91ce9b9-71cd-436a-b0e2-c4e6573e419e","type":"stage_progress","timestamp":"2026-09-18T15:37:25.364385+00:00","stage":"s2","message_key":"training.step","message_args":{"step":256,"total":600},"current":256,"total":600}
{"protocol_version":1,"job_id":"a91ce9b9-71cd-436a-b0e2-c4e6573e419e","type":"stage_progress","timestamp":"2026-09-18T15:37:26.457755+00:00","stage":"s2","message_key":"training.step","message_args":{"step":257,"total":600},"current":257,"total":600}
{"protocol_version":1,"job_id":"a91ce9b9-71cd-436a-b0e2-c4e6573e419e","type":"stage_progress","timestamp":"2026-09-18T15:37:27.557651+00:00","stage":"s2","message_key":"training.step","message_args":{"step":258,"total":600},"current":258,"total":600}
{"protocol_version":1,"job_id":"a91ce9b9-71cd-436a-b0e2-c4e6573e419e","type":"stage_progress","timestamp":"2026-09-18T15:37:28.687406+00:00","stage":"s2","message_key":"training.step","message_args":{"step":259,"total":600},"current":259,"total":600}
{"protocol_version":1,"job_id":"a91ce9b9-71cd-436a-b0e2-c4e6573e419e","type":"stage_progress","timestamp":"2026-09-18T15:37:29.772863+00:00","stage":"s2","message_key":"training.step","message_args":{"step":260,"total":600},"current":260,"total":600}
{"protocol_version":1,"job_id":"a91ce9b9-71cd-436a-b0e2-c4e6573e419e","type":"stage_progress","timestamp":"2026-09-18T15:37:30.980325+00:00","stage":"s2","message_key":"training.step","message_args":{"step":261,"total":600},"current":261,"total":600}
{"protocol_version":1,"job_id":"a91ce9b9-71cd-436a-b0e2-c4e6573e419e","type":"stage_progress","timestamp":"2026-09-18T15:37:32.145868+00:00","stage":"s2","message_key":"training.step","message_args":{"step":262,"total":600},"current":262,"total":600}
{"protocol_version":1,"job_id":"a91ce9b9-71cd-436a-b0e2-c4e6573e419e","type":"stage_progress","timestamp":"2026-09-18T15:37:33.366368+00:00","stage":"s2","message_key":"training.step","message_args":{"step":263,"total":600},"current":263,"total":600}
{"protocol_version":1,"job_id":"a91ce9b9-71cd-436a-b0e2-c4e6573e419e","type":"stage_progress","timestamp":"2026-09-18T15:37:34.712759+00:00","stage":"s2","message_key":"training.step","message_args":{"step":264,"total":600},"current":264,"total":600}
{"protocol_version":1,"job_id":"a91ce9b9-71cd-436a-b0e2-c4e6573e419e","type":"stage_progress","timestamp":"2026-09-18T15:37:35.779801+00:00","stage":"s2","message_key":"training.step","message_args":{"step":265,"total":600},"current":265,"total":600}
{"protocol_version":1,"job_id":"a91ce9b9-71cd-436a-b0e2-c4e6573e419e","type":"stage_progress","timestamp":"2026-09-18T15:37:36.819025+00:00","stage":"s2","message_key":"training.step","message_args":{"step":266,"total":600},"current":266,"total":600}
{"protocol_version":1,"job_id":"a91ce9b9-71cd-436a-b0e2-c4e6573e419e","type":"stage_progress","timestamp":"2026-09-18T15:37:37.887721+00:00","stage":"s2","message_key":"training.step","message_args":{"step":267,"total":600},"current":267,"total":600}
{"protocol_version":1,"job_id":"a91ce9b9-71cd-436a-b0e2-c4e6573e419e","type":"stage_progress","timestamp":"2026-09-18T15:37:38.891792+00:00","stage":"s2","message_key":"training.step","message_args":{"step":268,"total":600},"current":268,"total":600}
{"protocol_version":1,"job_id":"a91ce9b9-71cd-436a-b0e2-c4e6573e419e","type":"stage_progress","timestamp":"2026-09-18T15:37:39.931437+00:00","stage":"s2","message_key":"training.step","message_args":{"step":269,"total":600},"current":269,"total":600}
{"protocol_version":1,"job_id":"a91ce9b9-71cd-436a-b0e2-c4e6573e419e","type":"stage_progress","timestamp":"2026-09-18T15:37:40.994138+00:00","stage":"s2","message_key":"training.step","message_args":{"step":270,"total":600},"current":270,"total":600}
{"protocol_version":1,"job_id":"a91ce9b9-71cd-436a-b0e2-c4e6573e419e","type":"stage_progress","timestamp":"2026-09-18T15:37:42.108954+00:00","stage":"s2","message_key":"training.step","message_args":{"step":271,"total":600},"current":271,"total":600}
{"protocol_version":1,"job_id":"a91ce9b9-71cd-436a-b0e2-c4e6573e419e","type":"stage_progress","timestamp":"2026-09-18T15:37:43.197664+00:00","stage":"s2","message_key":"training.step","message_args":{"step":272,"total":600},"current":272,"total":600}
{"protocol_version":1,"job_id":"a91ce9b9-71cd-436a-b0e2-c4e6573e419e","type":"stage_progress","timestamp":"2026-09-18T15:37:44.211693+00:00","stage":"s2","message_key":"training.step","message_args":{"step":273,"total":600},"current":273,"total":600}
{"protocol_version":1,"job_id":"a91ce9b9-71cd-436a-b0e2-c4e6573e419e","type":"stage_progress","timestamp":"2026-09-18T15:37:45.073526+00:00","stage":"s2","message_key":"training.step","message_args":{"step":274,"total":600},"current":274,"total":600}
{"protocol_version":1,"job_id":"a91ce9b9-71cd-436a-b0e2-c4e6573e419e","type":"stage_progress","timestamp":"2026-09-18T15:37:45.950759+00:00","stage":"s2","message_key":"training.step","message_args":{"step":275,"total":600},"current":275,"total":600}
{"protocol_version":1,"job_id":"a91ce9b9-71cd-436a-b0e2-c4e6573e419e","type":"stage_progress","timestamp":"2026-09-18T15:37:46.822824+00:00","stage":"s2","message_key":"training.step","message_args":{"step":276,"total":600},"current":276,"total":600}
{"protocol_version":1,"job_id":"a91ce9b9-71cd-436a-b0e2-c4e6573e419e","type":"stage_progress","timestamp":"2026-09-18T15:37:47.682246+00:00","stage":"s2","message_key":"training.step","message_args":{"step":277,"total":600},"current":277,"total":600}
{"protocol_version":1,"job_id":"a91ce9b9-71cd-436a-b0e2-c4e6573e419e","type":"stage_progress","timestamp":"2026-09-18T15:37:48.536041+00:00","stage":"s2","message_key":"training.step","message_args":{"step":278,"total":600},"current":278,"total":600}
{"protocol_version":1,"job_id":"a91ce9b9-71cd-436a-b0e2-c4e6573e419e","type":"stage_progress","timestamp":"2026-09-18T15:37:49.380043+00:00","stage":"s2","message_key":"training.step","message_args":{"step":279,"total":600},"current":279,"total":600}
{"protocol_version":1,"job_id":"a91ce9b9-71cd-436a-b0e2-c4e6573e419e","type":"stage_progress","timestamp":"2026-09-18T15:37:50.237090+00:00","stage":"s2","message_key":"training.step","message_args":{"step":280,"total":600},"current":280,"total":600}
{"protocol_version":1,"job_id":"a91ce9b9-71cd-436a-b0e2-c4e6573e419e","type":"stage_progress","timestamp":"2026-09-18T15:37:51.091495+00:00","stage":"s2","message_key":"training.step","message_args":{"step":281,"total":600},"current":281,"total":600}
{"protocol_version":1,"job_id":"a91ce9b9-71cd-436a-b0e2-c4e6573e419e","type":"stage_progress","timestamp":"2026-09-18T15:37:51.950085+00:00","stage":"s2","message_key":"training.step","message_args":{"step":282,"total":600},"current":282,"total":600}
{"protocol_version":1,"job_id":"a91ce9b9-71cd-436a-b0e2-c4e6573e419e","type":"stage_progress","timestamp":"2026-09-18T15:37:52.829067+00:00","stage":"s2","message_key":"training.step","message_args":{"step":283,"total":600},"current":283,"total":600}
{"protocol_version":1,"job_id":"a91ce9b9-71cd-436a-b0e2-c4e6573e419e","type":"stage_progress","timestamp":"2026-09-18T15:37:53.684632+00:00","stage":"s2","message_key":"training.step","message_args":{"step":284,"total":600},"current":284,"total":600}
{"protocol_version":1,"job_id":"a91ce9b9-71cd-436a-b0e2-c4e6573e419e","type":"stage_progress","timestamp":"2026-09-18T15:37:54.556837+00:00","stage":"s2","message_key":"training.step","message_args":{"step":285,"total":600},"current":285,"total":600}
{"protocol_version":1,"job_id":"a91ce9b9-71cd-436a-b0e2-c4e6573e419e","type":"stage_progress","timestamp":"2026-09-18T15:37:55.412845+00:00","stage":"s2","message_key":"training.step","message_args":{"step":286,"total":600},"current":286,"total":600}
{"protocol_version":1,"job_id":"a91ce9b9-71cd-436a-b0e2-c4e6573e419e","type":"stage_progress","timestamp":"2026-09-18T15:37:56.269493+00:00","stage":"s2","message_key":"training.step","message_args":{"step":287,"total":600},"current":287,"total":600}
{"protocol_version":1,"job_id":"a91ce9b9-71cd-436a-b0e2-c4e6573e419e","type":"stage_progress","timestamp":"2026-09-18T15:37:57.132500+00:00","stage":"s2","message_key":"training.step","message_args":{"step":288,"total":600},"current":288,"total":600}
{"protocol_version":1,"job_id":"a91ce9b9-71cd-436a-b0e2-c4e6573e419e","type":"stage_progress","timestamp":"2026-09-18T15:37:58.010881+00:00","stage":"s2","message_key":"training.step","message_args":{"step":289,"total":600},"current":289,"total":600}
{"protocol_version":1,"job_id":"a91ce9b9-71cd-436a-b0e2-c4e6573e419e","type":"stage_progress","timestamp":"2026-09-18T15:37:58.880558+00:00","stage":"s2","message_key":"training.step","message_args":{"step":290,"total":600},"current":290,"total":600}
{"protocol_version":1,"job_id":"a91ce9b9-71cd-436a-b0e2-c4e6573e419e","type":"stage_progress","timestamp":"2026-09-18T15:37:59.744314+00:00","stage":"s2","message_key":"training.step","message_args":{"step":291,"total":600},"current":291,"total":600}
{"protocol_version":1,"job_id":"a91ce9b9-71cd-436a-b0e2-c4e6573e419e","type":"stage_progress","timestamp":"2026-09-18T15:38:00.617825+00:00","stage":"s2","message_key":"training.step","message_args":{"step":292,"total":600},"current":292,"total":600}
{"protocol_version":1,"job_id":"a91ce9b9-71cd-436a-b0e2-c4e6573e419e","type":"stage_progress","timestamp":"2026-09-18T15:38:01.471500+00:00","stage":"s2","message_key":"training.step","message_args":{"step":293,"total":600},"current":293,"total":600}
{"protocol_version":1,"job_id":"a91ce9b9-71cd-436a-b0e2-c4e6573e419e","type":"stage_progress","timestamp":"2026-09-18T15:38:02.341816+00:00","stage":"s2","message_key":"training.step","message_args":{"step":294,"total":600},"current":294,"total":600}
{"protocol_version":1,"job_id":"a91ce9b9-71cd-436a-b0e2-c4e6573e419e","type":"stage_progress","timestamp":"2026-09-18T15:38:03.198568+00:00","stage":"s2","message_key":"training.step","message_args":{"step":295,"total":600},"current":295,"total":600}
{"protocol_version":1,"job_id":"a91ce9b9-71cd-436a-b0e2-c4e6573e419e","type":"stage_progress","timestamp":"2026-09-18T15:38:04.046921+00:00","stage":"s2","message_key":"training.step","message_args":{"step":296,"total":600},"current":296,"total":600}
{"protocol_version":1,"job_id":"a91ce9b9-71cd-436a-b0e2-c4e6573e419e","type":"stage_progress","timestamp":"2026-09-18T15:38:04.913117+00:00","stage":"s2","message_key":"training.step","message_args":{"step":297,"total":600},"current":297,"total":600}
{"protocol_version":1,"job_id":"a91ce9b9-71cd-436a-b0e2-c4e6573e419e","type":"stage_progress","timestamp":"2026-09-18T15:38:05.782846+00:00","stage":"s2","message_key":"training.step","message_args":{"step":298,"total":600},"current":298,"total":600}
{"protocol_version":1,"job_id":"a91ce9b9-71cd-436a-b0e2-c4e6573e419e","type":"stage_progress","timestamp":"2026-09-18T15:38:06.656542+00:00","stage":"s2","message_key":"training.step","message_args":{"step":299,"total":600},"current":299,"total":600}
{"protocol_version":1,"job_id":"a91ce9b9-71cd-436a-b0e2-c4e6573e419e","type":"stage_progress","timestamp":"2026-09-18T15:38:07.508687+00:00","stage":"s2","message_key":"training.step","message_args":{"step":300,"total":600},"current":300,"total":600}
{"protocol_version":1,"job_id":"a91ce9b9-71cd-436a-b0e2-c4e6573e419e","type":"stage_progress","timestamp":"2026-09-18T15:38:08.371880+00:00","stage":"s2","message_key":"training.step","message_args":{"step":301,"total":600},"current":301,"total":600}
{"protocol_version":1,"job_id":"a91ce9b9-71cd-436a-b0e2-c4e6573e419e","type":"stage_progress","timestamp":"2026-09-18T15:38:09.234770+00:00","stage":"s2","message_key":"training.step","message_args":{"step":302,"total":600},"current":302,"total":600}
{"protocol_version":1,"job_id":"a91ce9b9-71cd-436a-b0e2-c4e6573e419e","type":"stage_progress","timestamp":"2026-09-18T15:38:10.109977+00:00","stage":"s2","message_key":"training.step","message_args":{"step":303,"total":600},"current":303,"total":600}
{"protocol_version":1,"job_id":"a91ce9b9-71cd-436a-b0e2-c4e6573e419e","type":"stage_progress","timestamp":"2026-09-18T15:38:10.986171+00:00","stage":"s2","message_key":"training.step","message_args":{"step":304,"total":600},"current":304,"total":600}
{"protocol_version":1,"job_id":"a91ce9b9-71cd-436a-b0e2-c4e6573e419e","type":"stage_progress","timestamp":"2026-09-18T15:38:11.857190+00:00","stage":"s2","message_key":"training.step","message_args":{"step":305,"total":600},"current":305,"total":600}
{"protocol_version":1,"job_id":"a91ce9b9-71cd-436a-b0e2-c4e6573e419e","type":"stage_progress","timestamp":"2026-09-18T15:38:12.778452+00:00","stage":"s2","message_key":"training.step","message_args":{"step":306,"total":600},"current":306,"total":600}
{"protocol_version":1,"job_id":"a91ce9b9-71cd-436a-b0e2-c4e6573e419e","type":"stage_progress","timestamp":"2026-09-18T15:38:13.633285+00:00","stage":"s2","message_key":"training.step","message_args":{"step":307,"total":600},"current":307,"total":600}
{"protocol_version":1,"job_id":"a91ce9b9-71cd-436a-b0e2-c4e6573e419e","type":"stage_progress","timestamp":"2026-09-18T15:38:14.501255+00:00","stage":"s2","message_key":"training.step","message_args":{"step":308,"total":600},"current":308,"total":600}
{"protocol_version":1,"job_id":"a91ce9b9-71cd-436a-b0e2-c4e6573e419e","type":"stage_progress","timestamp":"2026-09-18T15:38:15.362403+00:00","stage":"s2","message_key":"training.step","message_args":{"step":309,"total":600},"current":309,"total":600}
{"protocol_version":1,"job_id":"a91ce9b9-71cd-436a-b0e2-c4e6573e419e","type":"stage_progress","timestamp":"2026-09-18T15:38:16.233328+00:00","stage":"s2","message_key":"training.step","message_args":{"step":310,"total":600},"current":310,"total":600}
{"protocol_version":1,"job_id":"a91ce9b9-71cd-436a-b0e2-c4e6573e419e","type":"stage_progress","timestamp":"2026-09-18T15:38:17.095587+00:00","stage":"s2","message_key":"training.step","message_args":{"step":311,"total":600},"current":311,"total":600}
{"protocol_version":1,"job_id":"a91ce9b9-71cd-436a-b0e2-c4e6573e419e","type":"stage_progress","timestamp":"2026-09-18T15:38:17.974719+00:00","stage":"s2","message_key":"training.step","message_args":{"step":312,"total":600},"current":312,"total":600}
{"protocol_version":1,"job_id":"a91ce9b9-71cd-436a-b0e2-c4e6573e419e","type":"stage_progress","timestamp":"2026-09-18T15:38:18.841601+00:00","stage":"s2","message_key":"training.step","message_args":{"step":313,"total":600},"current":313,"total":600}
{"protocol_version":1,"job_id":"a91ce9b9-71cd-436a-b0e2-c4e6573e419e","type":"stage_progress","timestamp":"2026-09-18T15:38:19.696281+00:00","stage":"s2","message_key":"training.step","message_args":{"step":314,"total":600},"current":314,"total":600}
{"protocol_version":1,"job_id":"a91ce9b9-71cd-436a-b0e2-c4e6573e419e","type":"stage_progress","timestamp":"2026-09-18T15:38:20.571607+00:00","stage":"s2","message_key":"training.step","message_args":{"step":315,"total":600},"current":315,"total":600}
{"protocol_version":1,"job_id":"a91ce9b9-71cd-436a-b0e2-c4e6573e419e","type":"stage_progress","timestamp":"2026-09-18T15:38:21.438049+00:00","stage":"s2","message_key":"training.step","message_args":{"step":316,"total":600},"current":316,"total":600}
{"protocol_version":1,"job_id":"a91ce9b9-71cd-436a-b0e2-c4e6573e419e","type":"stage_progress","timestamp":"2026-09-18T15:38:22.312646+00:00","stage":"s2","message_key":"training.step","message_args":{"step":317,"total":600},"current":317,"total":600}
{"protocol_version":1,"job_id":"a91ce9b9-71cd-436a-b0e2-c4e6573e419e","type":"stage_progress","timestamp":"2026-09-18T15:38:23.670012+00:00","stage":"s2","message_key":"training.step","message_args":{"step":318,"total":600},"current":318,"total":600}
{"protocol_version":1,"job_id":"a91ce9b9-71cd-436a-b0e2-c4e6573e419e","type":"stage_progress","timestamp":"2026-09-18T15:38:24.528001+00:00","stage":"s2","message_key":"training.step","message_args":{"step":319,"total":600},"current":319,"total":600}
{"protocol_version":1,"job_id":"a91ce9b9-71cd-436a-b0e2-c4e6573e419e","type":"stage_progress","timestamp":"2026-09-18T15:38:25.375908+00:00","stage":"s2","message_key":"training.step","message_args":{"step":320,"total":600},"current":320,"total":600}
{"protocol_version":1,"job_id":"a91ce9b9-71cd-436a-b0e2-c4e6573e419e","type":"stage_progress","timestamp":"2026-09-18T15:38:26.217659+00:00","stage":"s2","message_key":"training.step","message_args":{"step":321,"total":600},"current":321,"total":600}
{"protocol_version":1,"job_id":"a91ce9b9-71cd-436a-b0e2-c4e6573e419e","type":"stage_progress","timestamp":"2026-09-18T15:38:27.071905+00:00","stage":"s2","message_key":"training.step","message_args":{"step":322,"total":600},"current":322,"total":600}
{"protocol_version":1,"job_id":"a91ce9b9-71cd-436a-b0e2-c4e6573e419e","type":"stage_progress","timestamp":"2026-09-18T15:38:27.943502+00:00","stage":"s2","message_key":"training.step","message_args":{"step":323,"total":600},"current":323,"total":600}
{"protocol_version":1,"job_id":"a91ce9b9-71cd-436a-b0e2-c4e6573e419e","type":"stage_progress","timestamp":"2026-09-18T15:38:28.823685+00:00","stage":"s2","message_key":"training.step","message_args":{"step":324,"total":600},"current":324,"total":600}
{"protocol_version":1,"job_id":"a91ce9b9-71cd-436a-b0e2-c4e6573e419e","type":"stage_progress","timestamp":"2026-09-18T15:38:29.710440+00:00","stage":"s2","message_key":"training.step","message_args":{"step":325,"total":600},"current":325,"total":600}
{"protocol_version":1,"job_id":"a91ce9b9-71cd-436a-b0e2-c4e6573e419e","type":"stage_progress","timestamp":"2026-09-18T15:38:30.599790+00:00","stage":"s2","message_key":"training.step","message_args":{"step":326,"total":600},"current":326,"total":600}
{"protocol_version":1,"job_id":"a91ce9b9-71cd-436a-b0e2-c4e6573e419e","type":"stage_progress","timestamp":"2026-09-18T15:38:31.461145+00:00","stage":"s2","message_key":"training.step","message_args":{"step":327,"total":600},"current":327,"total":600}
{"protocol_version":1,"job_id":"a91ce9b9-71cd-436a-b0e2-c4e6573e419e","type":"stage_progress","timestamp":"2026-09-18T15:38:32.314066+00:00","stage":"s2","message_key":"training.step","message_args":{"step":328,"total":600},"current":328,"total":600}
{"protocol_version":1,"job_id":"a91ce9b9-71cd-436a-b0e2-c4e6573e419e","type":"stage_progress","timestamp":"2026-09-18T15:38:33.165393+00:00","stage":"s2","message_key":"training.step","message_args":{"step":329,"total":600},"current":329,"total":600}
{"protocol_version":1,"job_id":"a91ce9b9-71cd-436a-b0e2-c4e6573e419e","type":"stage_progress","timestamp":"2026-09-18T15:38:34.024492+00:00","stage":"s2","message_key":"training.step","message_args":{"step":330,"total":600},"current":330,"total":600}
{"protocol_version":1,"job_id":"a91ce9b9-71cd-436a-b0e2-c4e6573e419e","type":"stage_progress","timestamp":"2026-09-18T15:38:34.896384+00:00","stage":"s2","message_key":"training.step","message_args":{"step":331,"total":600},"current":331,"total":600}
{"protocol_version":1,"job_id":"a91ce9b9-71cd-436a-b0e2-c4e6573e419e","type":"stage_progress","timestamp":"2026-09-18T15:38:35.755278+00:00","stage":"s2","message_key":"training.step","message_args":{"step":332,"total":600},"current":332,"total":600}
{"protocol_version":1,"job_id":"a91ce9b9-71cd-436a-b0e2-c4e6573e419e","type":"stage_progress","timestamp":"2026-09-18T15:38:36.622203+00:00","stage":"s2","message_key":"training.step","message_args":{"step":333,"total":600},"current":333,"total":600}
{"protocol_version":1,"job_id":"a91ce9b9-71cd-436a-b0e2-c4e6573e419e","type":"stage_progress","timestamp":"2026-09-18T15:38:37.474342+00:00","stage":"s2","message_key":"training.step","message_args":{"step":334,"total":600},"current":334,"total":600}
{"protocol_version":1,"job_id":"a91ce9b9-71cd-436a-b0e2-c4e6573e419e","type":"stage_progress","timestamp":"2026-09-18T15:38:38.340687+00:00","stage":"s2","message_key":"training.step","message_args":{"step":335,"total":600},"current":335,"total":600}
{"protocol_version":1,"job_id":"a91ce9b9-71cd-436a-b0e2-c4e6573e419e","type":"stage_progress","timestamp":"2026-09-18T15:38:39.195002+00:00","stage":"s2","message_key":"training.step","message_args":{"step":336,"total":600},"current":336,"total":600}
{"protocol_version":1,"job_id":"a91ce9b9-71cd-436a-b0e2-c4e6573e419e","type":"stage_progress","timestamp":"2026-09-18T15:38:40.049297+00:00","stage":"s2","message_key":"training.step","message_args":{"step":337,"total":600},"current":337,"total":600}
{"protocol_version":1,"job_id":"a91ce9b9-71cd-436a-b0e2-c4e6573e419e","type":"stage_progress","timestamp":"2026-09-18T15:38:40.910307+00:00","stage":"s2","message_key":"training.step","message_args":{"step":338,"total":600},"current":338,"total":600}
{"protocol_version":1,"job_id":"a91ce9b9-71cd-436a-b0e2-c4e6573e419e","type":"stage_progress","timestamp":"2026-09-18T15:38:41.786306+00:00","stage":"s2","message_key":"training.step","message_args":{"step":339,"total":600},"current":339,"total":600}
{"protocol_version":1,"job_id":"a91ce9b9-71cd-436a-b0e2-c4e6573e419e","type":"stage_progress","timestamp":"2026-09-18T15:38:42.645381+00:00","stage":"s2","message_key":"training.step","message_args":{"step":340,"total":600},"current":340,"total":600}
{"protocol_version":1,"job_id":"a91ce9b9-71cd-436a-b0e2-c4e6573e419e","type":"stage_progress","timestamp":"2026-09-18T15:38:43.503667+00:00","stage":"s2","message_key":"training.step","message_args":{"step":341,"total":600},"current":341,"total":600}
{"protocol_version":1,"job_id":"a91ce9b9-71cd-436a-b0e2-c4e6573e419e","type":"stage_progress","timestamp":"2026-09-18T15:38:44.359304+00:00","stage":"s2","message_key":"training.step","message_args":{"step":342,"total":600},"current":342,"total":600}
{"protocol_version":1,"job_id":"a91ce9b9-71cd-436a-b0e2-c4e6573e419e","type":"stage_progress","timestamp":"2026-09-18T15:38:45.259504+00:00","stage":"s2","message_key":"training.step","message_args":{"step":343,"total":600},"current":343,"total":600}
{"protocol_version":1,"job_id":"a91ce9b9-71cd-436a-b0e2-c4e6573e419e","type":"stage_progress","timestamp":"2026-09-18T15:38:46.115598+00:00","stage":"s2","message_key":"training.step","message_args":{"step":344,"total":600},"current":344,"total":600}
{"protocol_version":1,"job_id":"a91ce9b9-71cd-436a-b0e2-c4e6573e419e","type":"stage_progress","timestamp":"2026-09-18T15:38:46.974402+00:00","stage":"s2","message_key":"training.step","message_args":{"step":345,"total":600},"current":345,"total":600}
{"protocol_version":1,"job_id":"a91ce9b9-71cd-436a-b0e2-c4e6573e419e","type":"stage_progress","timestamp":"2026-09-18T15:38:47.875077+00:00","stage":"s2","message_key":"training.step","message_args":{"step":346,"total":600},"current":346,"total":600}
{"protocol_version":1,"job_id":"a91ce9b9-71cd-436a-b0e2-c4e6573e419e","type":"stage_progress","timestamp":"2026-09-18T15:38:48.757951+00:00","stage":"s2","message_key":"training.step","message_args":{"step":347,"total":600},"current":347,"total":600}
{"protocol_version":1,"job_id":"a91ce9b9-71cd-436a-b0e2-c4e6573e419e","type":"stage_progress","timestamp":"2026-09-18T15:38:49.632251+00:00","stage":"s2","message_key":"training.step","message_args":{"step":348,"total":600},"current":348,"total":600}
{"protocol_version":1,"job_id":"a91ce9b9-71cd-436a-b0e2-c4e6573e419e","type":"stage_progress","timestamp":"2026-09-18T15:38:50.480763+00:00","stage":"s2","message_key":"training.step","message_args":{"step":349,"total":600},"current":349,"total":600}
{"protocol_version":1,"job_id":"a91ce9b9-71cd-436a-b0e2-c4e6573e419e","type":"stage_progress","timestamp":"2026-09-18T15:38:51.370918+00:00","stage":"s2","message_key":"training.step","message_args":{"step":350,"total":600},"current":350,"total":600}
{"protocol_version":1,"job_id":"a91ce9b9-71cd-436a-b0e2-c4e6573e419e","type":"stage_progress","timestamp":"2026-09-18T15:38:52.291704+00:00","stage":"s2","message_key":"training.step","message_args":{"step":351,"total":600},"current":351,"total":600}
{"protocol_version":1,"job_id":"a91ce9b9-71cd-436a-b0e2-c4e6573e419e","type":"stage_progress","timestamp":"2026-09-18T15:38:53.240294+00:00","stage":"s2","message_key":"training.step","message_args":{"step":352,"total":600},"current":352,"total":600}
{"protocol_version":1,"job_id":"a91ce9b9-71cd-436a-b0e2-c4e6573e419e","type":"stage_progress","timestamp":"2026-09-18T15:38:54.121716+00:00","stage":"s2","message_key":"training.step","message_args":{"step":353,"total":600},"current":353,"total":600}
{"protocol_version":1,"job_id":"a91ce9b9-71cd-436a-b0e2-c4e6573e419e","type":"stage_progress","timestamp":"2026-09-18T15:38:54.988925+00:00","stage":"s2","message_key":"training.step","message_args":{"step":354,"total":600},"current":354,"total":600}
{"protocol_version":1,"job_id":"a91ce9b9-71cd-436a-b0e2-c4e6573e419e","type":"stage_progress","timestamp":"2026-09-18T15:38:55.854881+00:00","stage":"s2","message_key":"training.step","message_args":{"step":355,"total":600},"current":355,"total":600}
{"protocol_version":1,"job_id":"a91ce9b9-71cd-436a-b0e2-c4e6573e419e","type":"stage_progress","timestamp":"2026-09-18T15:38:56.734931+00:00","stage":"s2","message_key":"training.step","message_args":{"step":356,"total":600},"current":356,"total":600}
{"protocol_version":1,"job_id":"a91ce9b9-71cd-436a-b0e2-c4e6573e419e","type":"stage_progress","timestamp":"2026-09-18T15:38:57.628406+00:00","stage":"s2","message_key":"training.step","message_args":{"step":357,"total":600},"current":357,"total":600}
{"protocol_version":1,"job_id":"a91ce9b9-71cd-436a-b0e2-c4e6573e419e","type":"stage_progress","timestamp":"2026-09-18T15:38:58.546593+00:00","stage":"s2","message_key":"training.step","message_args":{"step":358,"total":600},"current":358,"total":600}
{"protocol_version":1,"job_id":"a91ce9b9-71cd-436a-b0e2-c4e6573e419e","type":"stage_progress","timestamp":"2026-09-18T15:38:59.398506+00:00","stage":"s2","message_key":"training.step","message_args":{"step":359,"total":600},"current":359,"total":600}
{"protocol_version":1,"job_id":"a91ce9b9-71cd-436a-b0e2-c4e6573e419e","type":"stage_progress","timestamp":"2026-09-18T15:39:00.295572+00:00","stage":"s2","message_key":"training.step","message_args":{"step":360,"total":600},"current":360,"total":600}
{"protocol_version":1,"job_id":"a91ce9b9-71cd-436a-b0e2-c4e6573e419e","type":"stage_progress","timestamp":"2026-09-18T15:39:01.189271+00:00","stage":"s2","message_key":"training.step","message_args":{"step":361,"total":600},"current":361,"total":600}
{"protocol_version":1,"job_id":"a91ce9b9-71cd-436a-b0e2-c4e6573e419e","type":"stage_progress","timestamp":"2026-09-18T15:39:02.041788+00:00","stage":"s2","message_key":"training.step","message_args":{"step":362,"total":600},"current":362,"total":600}
{"protocol_version":1,"job_id":"a91ce9b9-71cd-436a-b0e2-c4e6573e419e","type":"stage_progress","timestamp":"2026-09-18T15:39:03.006928+00:00","stage":"s2","message_key":"training.step","message_args":{"step":363,"total":600},"current":363,"total":600}
{"protocol_version":1,"job_id":"a91ce9b9-71cd-436a-b0e2-c4e6573e419e","type":"stage_progress","timestamp":"2026-09-18T15:39:03.940485+00:00","stage":"s2","message_key":"training.step","message_args":{"step":364,"total":600},"current":364,"total":600}
{"protocol_version":1,"job_id":"a91ce9b9-71cd-436a-b0e2-c4e6573e419e","type":"stage_progress","timestamp":"2026-09-18T15:39:04.816737+00:00","stage":"s2","message_key":"training.step","message_args":{"step":365,"total":600},"current":365,"total":600}
{"protocol_version":1,"job_id":"a91ce9b9-71cd-436a-b0e2-c4e6573e419e","type":"stage_progress","timestamp":"2026-09-18T15:39:05.692641+00:00","stage":"s2","message_key":"training.step","message_args":{"step":366,"total":600},"current":366,"total":600}
{"protocol_version":1,"job_id":"a91ce9b9-71cd-436a-b0e2-c4e6573e419e","type":"stage_progress","timestamp":"2026-09-18T15:39:06.571331+00:00","stage":"s2","message_key":"training.step","message_args":{"step":367,"total":600},"current":367,"total":600}
{"protocol_version":1,"job_id":"a91ce9b9-71cd-436a-b0e2-c4e6573e419e","type":"stage_progress","timestamp":"2026-09-18T15:39:07.415881+00:00","stage":"s2","message_key":"training.step","message_args":{"step":368,"total":600},"current":368,"total":600}
{"protocol_version":1,"job_id":"a91ce9b9-71cd-436a-b0e2-c4e6573e419e","type":"stage_progress","timestamp":"2026-09-18T15:39:08.324895+00:00","stage":"s2","message_key":"training.step","message_args":{"step":369,"total":600},"current":369,"total":600}
{"protocol_version":1,"job_id":"a91ce9b9-71cd-436a-b0e2-c4e6573e419e","type":"stage_progress","timestamp":"2026-09-18T15:39:09.202765+00:00","stage":"s2","message_key":"training.step","message_args":{"step":370,"total":600},"current":370,"total":600}
{"protocol_version":1,"job_id":"a91ce9b9-71cd-436a-b0e2-c4e6573e419e","type":"stage_progress","timestamp":"2026-09-18T15:39:10.103996+00:00","stage":"s2","message_key":"training.step","message_args":{"step":371,"total":600},"current":371,"total":600}
{"protocol_version":1,"job_id":"a91ce9b9-71cd-436a-b0e2-c4e6573e419e","type":"stage_progress","timestamp":"2026-09-18T15:39:10.967814+00:00","stage":"s2","message_key":"training.step","message_args":{"step":372,"total":600},"current":372,"total":600}
{"protocol_version":1,"job_id":"a91ce9b9-71cd-436a-b0e2-c4e6573e419e","type":"stage_progress","timestamp":"2026-09-18T15:39:11.873852+00:00","stage":"s2","message_key":"training.step","message_args":{"step":373,"total":600},"current":373,"total":600}
{"protocol_version":1,"job_id":"a91ce9b9-71cd-436a-b0e2-c4e6573e419e","type":"stage_progress","timestamp":"2026-09-18T15:39:12.760699+00:00","stage":"s2","message_key":"training.step","message_args":{"step":374,"total":600},"current":374,"total":600}
{"protocol_version":1,"job_id":"a91ce9b9-71cd-436a-b0e2-c4e6573e419e","type":"stage_progress","timestamp":"2026-09-18T15:39:13.661651+00:00","stage":"s2","message_key":"training.step","message_args":{"step":375,"total":600},"current":375,"total":600}
{"protocol_version":1,"job_id":"a91ce9b9-71cd-436a-b0e2-c4e6573e419e","type":"stage_progress","timestamp":"2026-09-18T15:39:14.532363+00:00","stage":"s2","message_key":"training.step","message_args":{"step":376,"total":600},"current":376,"total":600}
{"protocol_version":1,"job_id":"a91ce9b9-71cd-436a-b0e2-c4e6573e419e","type":"stage_progress","timestamp":"2026-09-18T15:39:15.391859+00:00","stage":"s2","message_key":"training.step","message_args":{"step":377,"total":600},"current":377,"total":600}
{"protocol_version":1,"job_id":"a91ce9b9-71cd-436a-b0e2-c4e6573e419e","type":"stage_progress","timestamp":"2026-09-18T15:39:16.248826+00:00","stage":"s2","message_key":"training.step","message_args":{"step":378,"total":600},"current":378,"total":600}
{"protocol_version":1,"job_id":"a91ce9b9-71cd-436a-b0e2-c4e6573e419e","type":"stage_progress","timestamp":"2026-09-18T15:39:17.135761+00:00","stage":"s2","message_key":"training.step","message_args":{"step":379,"total":600},"current":379,"total":600}
{"protocol_version":1,"job_id":"a91ce9b9-71cd-436a-b0e2-c4e6573e419e","type":"stage_progress","timestamp":"2026-09-18T15:39:18.025280+00:00","stage":"s2","message_key":"training.step","message_args":{"step":380,"total":600},"current":380,"total":600}
{"protocol_version":1,"job_id":"a91ce9b9-71cd-436a-b0e2-c4e6573e419e","type":"stage_progress","timestamp":"2026-09-18T15:39:19.004089+00:00","stage":"s2","message_key":"training.step","message_args":{"step":381,"total":600},"current":381,"total":600}
{"protocol_version":1,"job_id":"a91ce9b9-71cd-436a-b0e2-c4e6573e419e","type":"stage_progress","timestamp":"2026-09-18T15:39:19.918270+00:00","stage":"s2","message_key":"training.step","message_args":{"step":382,"total":600},"current":382,"total":600}
{"protocol_version":1,"job_id":"a91ce9b9-71cd-436a-b0e2-c4e6573e419e","type":"stage_progress","timestamp":"2026-09-18T15:39:20.850876+00:00","stage":"s2","message_key":"training.step","message_args":{"step":383,"total":600},"current":383,"total":600}
{"protocol_version":1,"job_id":"a91ce9b9-71cd-436a-b0e2-c4e6573e419e","type":"stage_progress","timestamp":"2026-09-18T15:39:21.792889+00:00","stage":"s2","message_key":"training.step","message_args":{"step":384,"total":600},"current":384,"total":600}
{"protocol_version":1,"job_id":"a91ce9b9-71cd-436a-b0e2-c4e6573e419e","type":"stage_progress","timestamp":"2026-09-18T15:39:22.825478+00:00","stage":"s2","message_key":"training.step","message_args":{"step":385,"total":600},"current":385,"total":600}
{"protocol_version":1,"job_id":"a91ce9b9-71cd-436a-b0e2-c4e6573e419e","type":"stage_progress","timestamp":"2026-09-18T15:39:23.855712+00:00","stage":"s2","message_key":"training.step","message_args":{"step":386,"total":600},"current":386,"total":600}
{"protocol_version":1,"job_id":"a91ce9b9-71cd-436a-b0e2-c4e6573e419e","type":"stage_progress","timestamp":"2026-09-18T15:39:24.902872+00:00","stage":"s2","message_key":"training.step","message_args":{"step":387,"total":600},"current":387,"total":600}
{"protocol_version":1,"job_id":"a91ce9b9-71cd-436a-b0e2-c4e6573e419e","type":"stage_progress","timestamp":"2026-09-18T15:39:25.788286+00:00","stage":"s2","message_key":"training.step","message_args":{"step":388,"total":600},"current":388,"total":600}
{"protocol_version":1,"job_id":"a91ce9b9-71cd-436a-b0e2-c4e6573e419e","type":"stage_progress","timestamp":"2026-09-18T15:39:26.663533+00:00","stage":"s2","message_key":"training.step","message_args":{"step":389,"total":600},"current":389,"total":600}
{"protocol_version":1,"job_id":"a91ce9b9-71cd-436a-b0e2-c4e6573e419e","type":"stage_progress","timestamp":"2026-09-18T15:39:27.532816+00:00","stage":"s2","message_key":"training.step","message_args":{"step":390,"total":600},"current":390,"total":600}
{"protocol_version":1,"job_id":"a91ce9b9-71cd-436a-b0e2-c4e6573e419e","type":"stage_progress","timestamp":"2026-09-18T15:39:28.379419+00:00","stage":"s2","message_key":"training.step","message_args":{"step":391,"total":600},"current":391,"total":600}
{"protocol_version":1,"job_id":"a91ce9b9-71cd-436a-b0e2-c4e6573e419e","type":"stage_progress","timestamp":"2026-09-18T15:39:29.229509+00:00","stage":"s2","message_key":"training.step","message_args":{"step":392,"total":600},"current":392,"total":600}
{"protocol_version":1,"job_id":"a91ce9b9-71cd-436a-b0e2-c4e6573e419e","type":"stage_progress","timestamp":"2026-09-18T15:39:30.103484+00:00","stage":"s2","message_key":"training.step","message_args":{"step":393,"total":600},"current":393,"total":600}
{"protocol_version":1,"job_id":"a91ce9b9-71cd-436a-b0e2-c4e6573e419e","type":"stage_progress","timestamp":"2026-09-18T15:39:30.954586+00:00","stage":"s2","message_key":"training.step","message_args":{"step":394,"total":600},"current":394,"total":600}
{"protocol_version":1,"job_id":"a91ce9b9-71cd-436a-b0e2-c4e6573e419e","type":"stage_progress","timestamp":"2026-09-18T15:39:31.825995+00:00","stage":"s2","message_key":"training.step","message_args":{"step":395,"total":600},"current":395,"total":600}
{"protocol_version":1,"job_id":"a91ce9b9-71cd-436a-b0e2-c4e6573e419e","type":"stage_progress","timestamp":"2026-09-18T15:39:32.695826+00:00","stage":"s2","message_key":"training.step","message_args":{"step":396,"total":600},"current":396,"total":600}
{"protocol_version":1,"job_id":"a91ce9b9-71cd-436a-b0e2-c4e6573e419e","type":"stage_progress","timestamp":"2026-09-18T15:39:33.572698+00:00","stage":"s2","message_key":"training.step","message_args":{"step":397,"total":600},"current":397,"total":600}
{"protocol_version":1,"job_id":"a91ce9b9-71cd-436a-b0e2-c4e6573e419e","type":"stage_progress","timestamp":"2026-09-18T15:39:34.429211+00:00","stage":"s2","message_key":"training.step","message_args":{"step":398,"total":600},"current":398,"total":600}
{"protocol_version":1,"job_id":"a91ce9b9-71cd-436a-b0e2-c4e6573e419e","type":"stage_progress","timestamp":"2026-09-18T15:39:35.293512+00:00","stage":"s2","message_key":"training.step","message_args":{"step":399,"total":600},"current":399,"total":600}
{"protocol_version":1,"job_id":"a91ce9b9-71cd-436a-b0e2-c4e6573e419e","type":"stage_progress","timestamp":"2026-09-18T15:39:36.163158+00:00","stage":"s2","message_key":"training.step","message_args":{"step":400,"total":600},"current":400,"total":600}
{"protocol_version":1,"job_id":"a91ce9b9-71cd-436a-b0e2-c4e6573e419e","type":"checkpoint","timestamp":"2026-09-18T15:39:40.011543+00:00","stage":"s2","artifacts":[{"type":"checkpoint","path":"D:\\AI-Training\\voice-clone\\voice-pipeline\\voice-pipeline\\runs\\Lucy\\training\\s2\\checkpoints\\step-00000400.pt"}]}
{"protocol_version":1,"job_id":"a91ce9b9-71cd-436a-b0e2-c4e6573e419e","type":"stage_progress","timestamp":"2026-09-18T15:39:40.978556+00:00","stage":"s2","message_key":"training.step","message_args":{"step":401,"total":600},"current":401,"total":600}
{"protocol_version":1,"job_id":"a91ce9b9-71cd-436a-b0e2-c4e6573e419e","type":"stage_progress","timestamp":"2026-09-18T15:39:41.851717+00:00","stage":"s2","message_key":"training.step","message_args":{"step":402,"total":600},"current":402,"total":600}
{"protocol_version":1,"job_id":"a91ce9b9-71cd-436a-b0e2-c4e6573e419e","type":"stage_progress","timestamp":"2026-09-18T15:39:42.721417+00:00","stage":"s2","message_key":"training.step","message_args":{"step":403,"total":600},"current":403,"total":600}
{"protocol_version":1,"job_id":"a91ce9b9-71cd-436a-b0e2-c4e6573e419e","type":"stage_progress","timestamp":"2026-09-18T15:39:43.598075+00:00","stage":"s2","message_key":"training.step","message_args":{"step":404,"total":600},"current":404,"total":600}
{"protocol_version":1,"job_id":"a91ce9b9-71cd-436a-b0e2-c4e6573e419e","type":"stage_progress","timestamp":"2026-09-18T15:39:44.462256+00:00","stage":"s2","message_key":"training.step","message_args":{"step":405,"total":600},"current":405,"total":600}
{"protocol_version":1,"job_id":"a91ce9b9-71cd-436a-b0e2-c4e6573e419e","type":"stage_progress","timestamp":"2026-09-18T15:39:45.341249+00:00","stage":"s2","message_key":"training.step","message_args":{"step":406,"total":600},"current":406,"total":600}
{"protocol_version":1,"job_id":"a91ce9b9-71cd-436a-b0e2-c4e6573e419e","type":"stage_progress","timestamp":"2026-09-18T15:39:46.217923+00:00","stage":"s2","message_key":"training.step","message_args":{"step":407,"total":600},"current":407,"total":600}
{"protocol_version":1,"job_id":"a91ce9b9-71cd-436a-b0e2-c4e6573e419e","type":"stage_progress","timestamp":"2026-09-18T15:39:47.094759+00:00","stage":"s2","message_key":"training.step","message_args":{"step":408,"total":600},"current":408,"total":600}
{"protocol_version":1,"job_id":"a91ce9b9-71cd-436a-b0e2-c4e6573e419e","type":"stage_progress","timestamp":"2026-09-18T15:39:47.965907+00:00","stage":"s2","message_key":"training.step","message_args":{"step":409,"total":600},"current":409,"total":600}
{"protocol_version":1,"job_id":"a91ce9b9-71cd-436a-b0e2-c4e6573e419e","type":"stage_progress","timestamp":"2026-09-18T15:39:48.834448+00:00","stage":"s2","message_key":"training.step","message_args":{"step":410,"total":600},"current":410,"total":600}
{"protocol_version":1,"job_id":"a91ce9b9-71cd-436a-b0e2-c4e6573e419e","type":"stage_progress","timestamp":"2026-09-18T15:39:49.706156+00:00","stage":"s2","message_key":"training.step","message_args":{"step":411,"total":600},"current":411,"total":600}
{"protocol_version":1,"job_id":"a91ce9b9-71cd-436a-b0e2-c4e6573e419e","type":"stage_progress","timestamp":"2026-09-18T15:39:50.586573+00:00","stage":"s2","message_key":"training.step","message_args":{"step":412,"total":600},"current":412,"total":600}
{"protocol_version":1,"job_id":"a91ce9b9-71cd-436a-b0e2-c4e6573e419e","type":"stage_progress","timestamp":"2026-09-18T15:39:51.482937+00:00","stage":"s2","message_key":"training.step","message_args":{"step":413,"total":600},"current":413,"total":600}
{"protocol_version":1,"job_id":"a91ce9b9-71cd-436a-b0e2-c4e6573e419e","type":"stage_progress","timestamp":"2026-09-18T15:39:52.355063+00:00","stage":"s2","message_key":"training.step","message_args":{"step":414,"total":600},"current":414,"total":600}
{"protocol_version":1,"job_id":"a91ce9b9-71cd-436a-b0e2-c4e6573e419e","type":"stage_progress","timestamp":"2026-09-18T15:39:53.233167+00:00","stage":"s2","message_key":"training.step","message_args":{"step":415,"total":600},"current":415,"total":600}
{"protocol_version":1,"job_id":"a91ce9b9-71cd-436a-b0e2-c4e6573e419e","type":"stage_progress","timestamp":"2026-09-18T15:39:54.110187+00:00","stage":"s2","message_key":"training.step","message_args":{"step":416,"total":600},"current":416,"total":600}
{"protocol_version":1,"job_id":"a91ce9b9-71cd-436a-b0e2-c4e6573e419e","type":"stage_progress","timestamp":"2026-09-18T15:39:54.975587+00:00","stage":"s2","message_key":"training.step","message_args":{"step":417,"total":600},"current":417,"total":600}
{"protocol_version":1,"job_id":"a91ce9b9-71cd-436a-b0e2-c4e6573e419e","type":"stage_progress","timestamp":"2026-09-18T15:39:55.857565+00:00","stage":"s2","message_key":"training.step","message_args":{"step":418,"total":600},"current":418,"total":600}
{"protocol_version":1,"job_id":"a91ce9b9-71cd-436a-b0e2-c4e6573e419e","type":"stage_progress","timestamp":"2026-09-18T15:39:56.728615+00:00","stage":"s2","message_key":"training.step","message_args":{"step":419,"total":600},"current":419,"total":600}
{"protocol_version":1,"job_id":"a91ce9b9-71cd-436a-b0e2-c4e6573e419e","type":"stage_progress","timestamp":"2026-09-18T15:39:57.619323+00:00","stage":"s2","message_key":"training.step","message_args":{"step":420,"total":600},"current":420,"total":600}
{"protocol_version":1,"job_id":"a91ce9b9-71cd-436a-b0e2-c4e6573e419e","type":"stage_progress","timestamp":"2026-09-18T15:39:58.505398+00:00","stage":"s2","message_key":"training.step","message_args":{"step":421,"total":600},"current":421,"total":600}
{"protocol_version":1,"job_id":"a91ce9b9-71cd-436a-b0e2-c4e6573e419e","type":"stage_progress","timestamp":"2026-09-18T15:39:59.384965+00:00","stage":"s2","message_key":"training.step","message_args":{"step":422,"total":600},"current":422,"total":600}
{"protocol_version":1,"job_id":"a91ce9b9-71cd-436a-b0e2-c4e6573e419e","type":"stage_progress","timestamp":"2026-09-18T15:40:00.314792+00:00","stage":"s2","message_key":"training.step","message_args":{"step":423,"total":600},"current":423,"total":600}
{"protocol_version":1,"job_id":"a91ce9b9-71cd-436a-b0e2-c4e6573e419e","type":"stage_progress","timestamp":"2026-09-18T15:40:01.183162+00:00","stage":"s2","message_key":"training.step","message_args":{"step":424,"total":600},"current":424,"total":600}
{"protocol_version":1,"job_id":"a91ce9b9-71cd-436a-b0e2-c4e6573e419e","type":"stage_progress","timestamp":"2026-09-18T15:40:02.061648+00:00","stage":"s2","message_key":"training.step","message_args":{"step":425,"total":600},"current":425,"total":600}
{"protocol_version":1,"job_id":"a91ce9b9-71cd-436a-b0e2-c4e6573e419e","type":"stage_progress","timestamp":"2026-09-18T15:40:02.937813+00:00","stage":"s2","message_key":"training.step","message_args":{"step":426,"total":600},"current":426,"total":600}
{"protocol_version":1,"job_id":"a91ce9b9-71cd-436a-b0e2-c4e6573e419e","type":"stage_progress","timestamp":"2026-09-18T15:40:03.794026+00:00","stage":"s2","message_key":"training.step","message_args":{"step":427,"total":600},"current":427,"total":600}
{"protocol_version":1,"job_id":"a91ce9b9-71cd-436a-b0e2-c4e6573e419e","type":"stage_progress","timestamp":"2026-09-18T15:40:04.667894+00:00","stage":"s2","message_key":"training.step","message_args":{"step":428,"total":600},"current":428,"total":600}
{"protocol_version":1,"job_id":"a91ce9b9-71cd-436a-b0e2-c4e6573e419e","type":"stage_progress","timestamp":"2026-09-18T15:40:05.553623+00:00","stage":"s2","message_key":"training.step","message_args":{"step":429,"total":600},"current":429,"total":600}
{"protocol_version":1,"job_id":"a91ce9b9-71cd-436a-b0e2-c4e6573e419e","type":"stage_progress","timestamp":"2026-09-18T15:40:06.434691+00:00","stage":"s2","message_key":"training.step","message_args":{"step":430,"total":600},"current":430,"total":600}
{"protocol_version":1,"job_id":"a91ce9b9-71cd-436a-b0e2-c4e6573e419e","type":"stage_progress","timestamp":"2026-09-18T15:40:07.296837+00:00","stage":"s2","message_key":"training.step","message_args":{"step":431,"total":600},"current":431,"total":600}
{"protocol_version":1,"job_id":"a91ce9b9-71cd-436a-b0e2-c4e6573e419e","type":"stage_progress","timestamp":"2026-09-18T15:40:08.155415+00:00","stage":"s2","message_key":"training.step","message_args":{"step":432,"total":600},"current":432,"total":600}
{"protocol_version":1,"job_id":"a91ce9b9-71cd-436a-b0e2-c4e6573e419e","type":"stage_progress","timestamp":"2026-09-18T15:40:09.020510+00:00","stage":"s2","message_key":"training.step","message_args":{"step":433,"total":600},"current":433,"total":600}
{"protocol_version":1,"job_id":"a91ce9b9-71cd-436a-b0e2-c4e6573e419e","type":"stage_progress","timestamp":"2026-09-18T15:40:09.887089+00:00","stage":"s2","message_key":"training.step","message_args":{"step":434,"total":600},"current":434,"total":600}
{"protocol_version":1,"job_id":"a91ce9b9-71cd-436a-b0e2-c4e6573e419e","type":"stage_progress","timestamp":"2026-09-18T15:40:10.758018+00:00","stage":"s2","message_key":"training.step","message_args":{"step":435,"total":600},"current":435,"total":600}
{"protocol_version":1,"job_id":"a91ce9b9-71cd-436a-b0e2-c4e6573e419e","type":"stage_progress","timestamp":"2026-09-18T15:40:11.641122+00:00","stage":"s2","message_key":"training.step","message_args":{"step":436,"total":600},"current":436,"total":600}
{"protocol_version":1,"job_id":"a91ce9b9-71cd-436a-b0e2-c4e6573e419e","type":"stage_progress","timestamp":"2026-09-18T15:40:12.525094+00:00","stage":"s2","message_key":"training.step","message_args":{"step":437,"total":600},"current":437,"total":600}
{"protocol_version":1,"job_id":"a91ce9b9-71cd-436a-b0e2-c4e6573e419e","type":"stage_progress","timestamp":"2026-09-18T15:40:13.392090+00:00","stage":"s2","message_key":"training.step","message_args":{"step":438,"total":600},"current":438,"total":600}
{"protocol_version":1,"job_id":"a91ce9b9-71cd-436a-b0e2-c4e6573e419e","type":"stage_progress","timestamp":"2026-09-18T15:40:14.251823+00:00","stage":"s2","message_key":"training.step","message_args":{"step":439,"total":600},"current":439,"total":600}
{"protocol_version":1,"job_id":"a91ce9b9-71cd-436a-b0e2-c4e6573e419e","type":"stage_progress","timestamp":"2026-09-18T15:40:15.108481+00:00","stage":"s2","message_key":"training.step","message_args":{"step":440,"total":600},"current":440,"total":600}
{"protocol_version":1,"job_id":"a91ce9b9-71cd-436a-b0e2-c4e6573e419e","type":"stage_progress","timestamp":"2026-09-18T15:40:15.978525+00:00","stage":"s2","message_key":"training.step","message_args":{"step":441,"total":600},"current":441,"total":600}
{"protocol_version":1,"job_id":"a91ce9b9-71cd-436a-b0e2-c4e6573e419e","type":"stage_progress","timestamp":"2026-09-18T15:40:16.878105+00:00","stage":"s2","message_key":"training.step","message_args":{"step":442,"total":600},"current":442,"total":600}
{"protocol_version":1,"job_id":"a91ce9b9-71cd-436a-b0e2-c4e6573e419e","type":"stage_progress","timestamp":"2026-09-18T15:40:17.748503+00:00","stage":"s2","message_key":"training.step","message_args":{"step":443,"total":600},"current":443,"total":600}
{"protocol_version":1,"job_id":"a91ce9b9-71cd-436a-b0e2-c4e6573e419e","type":"stage_progress","timestamp":"2026-09-18T15:40:18.622304+00:00","stage":"s2","message_key":"training.step","message_args":{"step":444,"total":600},"current":444,"total":600}
{"protocol_version":1,"job_id":"a91ce9b9-71cd-436a-b0e2-c4e6573e419e","type":"stage_progress","timestamp":"2026-09-18T15:40:19.528848+00:00","stage":"s2","message_key":"training.step","message_args":{"step":445,"total":600},"current":445,"total":600}
{"protocol_version":1,"job_id":"a91ce9b9-71cd-436a-b0e2-c4e6573e419e","type":"stage_progress","timestamp":"2026-09-18T15:40:20.391056+00:00","stage":"s2","message_key":"training.step","message_args":{"step":446,"total":600},"current":446,"total":600}
{"protocol_version":1,"job_id":"a91ce9b9-71cd-436a-b0e2-c4e6573e419e","type":"stage_progress","timestamp":"2026-09-18T15:40:21.259393+00:00","stage":"s2","message_key":"training.step","message_args":{"step":447,"total":600},"current":447,"total":600}
{"protocol_version":1,"job_id":"a91ce9b9-71cd-436a-b0e2-c4e6573e419e","type":"stage_progress","timestamp":"2026-09-18T15:40:22.127883+00:00","stage":"s2","message_key":"training.step","message_args":{"step":448,"total":600},"current":448,"total":600}
{"protocol_version":1,"job_id":"a91ce9b9-71cd-436a-b0e2-c4e6573e419e","type":"stage_progress","timestamp":"2026-09-18T15:40:22.999391+00:00","stage":"s2","message_key":"training.step","message_args":{"step":449,"total":600},"current":449,"total":600}
{"protocol_version":1,"job_id":"a91ce9b9-71cd-436a-b0e2-c4e6573e419e","type":"stage_progress","timestamp":"2026-09-18T15:40:23.857970+00:00","stage":"s2","message_key":"training.step","message_args":{"step":450,"total":600},"current":450,"total":600}
{"protocol_version":1,"job_id":"a91ce9b9-71cd-436a-b0e2-c4e6573e419e","type":"stage_progress","timestamp":"2026-09-18T15:40:24.737784+00:00","stage":"s2","message_key":"training.step","message_args":{"step":451,"total":600},"current":451,"total":600}
{"protocol_version":1,"job_id":"a91ce9b9-71cd-436a-b0e2-c4e6573e419e","type":"stage_progress","timestamp":"2026-09-18T15:40:25.626415+00:00","stage":"s2","message_key":"training.step","message_args":{"step":452,"total":600},"current":452,"total":600}
{"protocol_version":1,"job_id":"a91ce9b9-71cd-436a-b0e2-c4e6573e419e","type":"stage_progress","timestamp":"2026-09-18T15:40:26.503882+00:00","stage":"s2","message_key":"training.step","message_args":{"step":453,"total":600},"current":453,"total":600}
{"protocol_version":1,"job_id":"a91ce9b9-71cd-436a-b0e2-c4e6573e419e","type":"stage_progress","timestamp":"2026-09-18T15:40:27.385222+00:00","stage":"s2","message_key":"training.step","message_args":{"step":454,"total":600},"current":454,"total":600}
{"protocol_version":1,"job_id":"a91ce9b9-71cd-436a-b0e2-c4e6573e419e","type":"stage_progress","timestamp":"2026-09-18T15:40:28.251433+00:00","stage":"s2","message_key":"training.step","message_args":{"step":455,"total":600},"current":455,"total":600}
{"protocol_version":1,"job_id":"a91ce9b9-71cd-436a-b0e2-c4e6573e419e","type":"stage_progress","timestamp":"2026-09-18T15:40:29.109544+00:00","stage":"s2","message_key":"training.step","message_args":{"step":456,"total":600},"current":456,"total":600}
{"protocol_version":1,"job_id":"a91ce9b9-71cd-436a-b0e2-c4e6573e419e","type":"stage_progress","timestamp":"2026-09-18T15:40:29.975697+00:00","stage":"s2","message_key":"training.step","message_args":{"step":457,"total":600},"current":457,"total":600}
{"protocol_version":1,"job_id":"a91ce9b9-71cd-436a-b0e2-c4e6573e419e","type":"stage_progress","timestamp":"2026-09-18T15:40:30.860963+00:00","stage":"s2","message_key":"training.step","message_args":{"step":458,"total":600},"current":458,"total":600}
{"protocol_version":1,"job_id":"a91ce9b9-71cd-436a-b0e2-c4e6573e419e","type":"stage_progress","timestamp":"2026-09-18T15:40:31.732193+00:00","stage":"s2","message_key":"training.step","message_args":{"step":459,"total":600},"current":459,"total":600}
{"protocol_version":1,"job_id":"a91ce9b9-71cd-436a-b0e2-c4e6573e419e","type":"stage_progress","timestamp":"2026-09-18T15:40:32.597045+00:00","stage":"s2","message_key":"training.step","message_args":{"step":460,"total":600},"current":460,"total":600}
{"protocol_version":1,"job_id":"a91ce9b9-71cd-436a-b0e2-c4e6573e419e","type":"stage_progress","timestamp":"2026-09-18T15:40:33.468685+00:00","stage":"s2","message_key":"training.step","message_args":{"step":461,"total":600},"current":461,"total":600}
{"protocol_version":1,"job_id":"a91ce9b9-71cd-436a-b0e2-c4e6573e419e","type":"stage_progress","timestamp":"2026-09-18T15:40:34.328426+00:00","stage":"s2","message_key":"training.step","message_args":{"step":462,"total":600},"current":462,"total":600}
{"protocol_version":1,"job_id":"a91ce9b9-71cd-436a-b0e2-c4e6573e419e","type":"stage_progress","timestamp":"2026-09-18T15:40:35.201095+00:00","stage":"s2","message_key":"training.step","message_args":{"step":463,"total":600},"current":463,"total":600}
{"protocol_version":1,"job_id":"a91ce9b9-71cd-436a-b0e2-c4e6573e419e","type":"stage_progress","timestamp":"2026-09-18T15:40:36.065498+00:00","stage":"s2","message_key":"training.step","message_args":{"step":464,"total":600},"current":464,"total":600}
{"protocol_version":1,"job_id":"a91ce9b9-71cd-436a-b0e2-c4e6573e419e","type":"stage_progress","timestamp":"2026-09-18T15:40:36.941380+00:00","stage":"s2","message_key":"training.step","message_args":{"step":465,"total":600},"current":465,"total":600}
{"protocol_version":1,"job_id":"a91ce9b9-71cd-436a-b0e2-c4e6573e419e","type":"stage_progress","timestamp":"2026-09-18T15:40:37.812422+00:00","stage":"s2","message_key":"training.step","message_args":{"step":466,"total":600},"current":466,"total":600}
{"protocol_version":1,"job_id":"a91ce9b9-71cd-436a-b0e2-c4e6573e419e","type":"stage_progress","timestamp":"2026-09-18T15:40:38.672649+00:00","stage":"s2","message_key":"training.step","message_args":{"step":467,"total":600},"current":467,"total":600}
{"protocol_version":1,"job_id":"a91ce9b9-71cd-436a-b0e2-c4e6573e419e","type":"stage_progress","timestamp":"2026-09-18T15:40:39.531272+00:00","stage":"s2","message_key":"training.step","message_args":{"step":468,"total":600},"current":468,"total":600}
{"protocol_version":1,"job_id":"a91ce9b9-71cd-436a-b0e2-c4e6573e419e","type":"stage_progress","timestamp":"2026-09-18T15:40:40.389548+00:00","stage":"s2","message_key":"training.step","message_args":{"step":469,"total":600},"current":469,"total":600}
{"protocol_version":1,"job_id":"a91ce9b9-71cd-436a-b0e2-c4e6573e419e","type":"stage_progress","timestamp":"2026-09-18T15:40:41.250473+00:00","stage":"s2","message_key":"training.step","message_args":{"step":470,"total":600},"current":470,"total":600}
{"protocol_version":1,"job_id":"a91ce9b9-71cd-436a-b0e2-c4e6573e419e","type":"stage_progress","timestamp":"2026-09-18T15:40:42.122364+00:00","stage":"s2","message_key":"training.step","message_args":{"step":471,"total":600},"current":471,"total":600}
{"protocol_version":1,"job_id":"a91ce9b9-71cd-436a-b0e2-c4e6573e419e","type":"stage_progress","timestamp":"2026-09-18T15:40:42.981012+00:00","stage":"s2","message_key":"training.step","message_args":{"step":472,"total":600},"current":472,"total":600}
{"protocol_version":1,"job_id":"a91ce9b9-71cd-436a-b0e2-c4e6573e419e","type":"stage_progress","timestamp":"2026-09-18T15:40:43.851043+00:00","stage":"s2","message_key":"training.step","message_args":{"step":473,"total":600},"current":473,"total":600}
{"protocol_version":1,"job_id":"a91ce9b9-71cd-436a-b0e2-c4e6573e419e","type":"stage_progress","timestamp":"2026-09-18T15:40:44.763774+00:00","stage":"s2","message_key":"training.step","message_args":{"step":474,"total":600},"current":474,"total":600}
{"protocol_version":1,"job_id":"a91ce9b9-71cd-436a-b0e2-c4e6573e419e","type":"stage_progress","timestamp":"2026-09-18T15:40:45.668651+00:00","stage":"s2","message_key":"training.step","message_args":{"step":475,"total":600},"current":475,"total":600}
{"protocol_version":1,"job_id":"a91ce9b9-71cd-436a-b0e2-c4e6573e419e","type":"stage_progress","timestamp":"2026-09-18T15:40:46.599103+00:00","stage":"s2","message_key":"training.step","message_args":{"step":476,"total":600},"current":476,"total":600}
{"protocol_version":1,"job_id":"a91ce9b9-71cd-436a-b0e2-c4e6573e419e","type":"stage_progress","timestamp":"2026-09-18T15:40:47.549952+00:00","stage":"s2","message_key":"training.step","message_args":{"step":477,"total":600},"current":477,"total":600}
{"protocol_version":1,"job_id":"a91ce9b9-71cd-436a-b0e2-c4e6573e419e","type":"stage_progress","timestamp":"2026-09-18T15:40:48.542867+00:00","stage":"s2","message_key":"training.step","message_args":{"step":478,"total":600},"current":478,"total":600}
{"protocol_version":1,"job_id":"a91ce9b9-71cd-436a-b0e2-c4e6573e419e","type":"stage_progress","timestamp":"2026-09-18T15:40:49.463978+00:00","stage":"s2","message_key":"training.step","message_args":{"step":479,"total":600},"current":479,"total":600}
{"protocol_version":1,"job_id":"a91ce9b9-71cd-436a-b0e2-c4e6573e419e","type":"stage_progress","timestamp":"2026-09-18T15:40:50.447203+00:00","stage":"s2","message_key":"training.step","message_args":{"step":480,"total":600},"current":480,"total":600}
{"protocol_version":1,"job_id":"a91ce9b9-71cd-436a-b0e2-c4e6573e419e","type":"stage_progress","timestamp":"2026-09-18T15:40:51.341064+00:00","stage":"s2","message_key":"training.step","message_args":{"step":481,"total":600},"current":481,"total":600}
{"protocol_version":1,"job_id":"a91ce9b9-71cd-436a-b0e2-c4e6573e419e","type":"stage_progress","timestamp":"2026-09-18T15:40:52.241190+00:00","stage":"s2","message_key":"training.step","message_args":{"step":482,"total":600},"current":482,"total":600}
{"protocol_version":1,"job_id":"a91ce9b9-71cd-436a-b0e2-c4e6573e419e","type":"stage_progress","timestamp":"2026-09-18T15:40:53.163017+00:00","stage":"s2","message_key":"training.step","message_args":{"step":483,"total":600},"current":483,"total":600}
{"protocol_version":1,"job_id":"a91ce9b9-71cd-436a-b0e2-c4e6573e419e","type":"stage_progress","timestamp":"2026-09-18T15:40:54.102900+00:00","stage":"s2","message_key":"training.step","message_args":{"step":484,"total":600},"current":484,"total":600}
{"protocol_version":1,"job_id":"a91ce9b9-71cd-436a-b0e2-c4e6573e419e","type":"stage_progress","timestamp":"2026-09-18T15:40:54.980921+00:00","stage":"s2","message_key":"training.step","message_args":{"step":485,"total":600},"current":485,"total":600}
{"protocol_version":1,"job_id":"a91ce9b9-71cd-436a-b0e2-c4e6573e419e","type":"stage_progress","timestamp":"2026-09-18T15:40:55.870348+00:00","stage":"s2","message_key":"training.step","message_args":{"step":486,"total":600},"current":486,"total":600}
{"protocol_version":1,"job_id":"a91ce9b9-71cd-436a-b0e2-c4e6573e419e","type":"stage_progress","timestamp":"2026-09-18T15:40:56.765318+00:00","stage":"s2","message_key":"training.step","message_args":{"step":487,"total":600},"current":487,"total":600}
{"protocol_version":1,"job_id":"a91ce9b9-71cd-436a-b0e2-c4e6573e419e","type":"stage_progress","timestamp":"2026-09-18T15:40:57.674819+00:00","stage":"s2","message_key":"training.step","message_args":{"step":488,"total":600},"current":488,"total":600}
{"protocol_version":1,"job_id":"a91ce9b9-71cd-436a-b0e2-c4e6573e419e","type":"stage_progress","timestamp":"2026-09-18T15:40:58.566274+00:00","stage":"s2","message_key":"training.step","message_args":{"step":489,"total":600},"current":489,"total":600}
{"protocol_version":1,"job_id":"a91ce9b9-71cd-436a-b0e2-c4e6573e419e","type":"stage_progress","timestamp":"2026-09-18T15:40:59.453374+00:00","stage":"s2","message_key":"training.step","message_args":{"step":490,"total":600},"current":490,"total":600}
{"protocol_version":1,"job_id":"a91ce9b9-71cd-436a-b0e2-c4e6573e419e","type":"stage_progress","timestamp":"2026-09-18T15:41:00.351301+00:00","stage":"s2","message_key":"training.step","message_args":{"step":491,"total":600},"current":491,"total":600}
{"protocol_version":1,"job_id":"a91ce9b9-71cd-436a-b0e2-c4e6573e419e","type":"stage_progress","timestamp":"2026-09-18T15:41:01.215581+00:00","stage":"s2","message_key":"training.step","message_args":{"step":492,"total":600},"current":492,"total":600}
{"protocol_version":1,"job_id":"a91ce9b9-71cd-436a-b0e2-c4e6573e419e","type":"stage_progress","timestamp":"2026-09-18T15:41:02.089116+00:00","stage":"s2","message_key":"training.step","message_args":{"step":493,"total":600},"current":493,"total":600}
{"protocol_version":1,"job_id":"a91ce9b9-71cd-436a-b0e2-c4e6573e419e","type":"stage_progress","timestamp":"2026-09-18T15:41:02.959836+00:00","stage":"s2","message_key":"training.step","message_args":{"step":494,"total":600},"current":494,"total":600}
{"protocol_version":1,"job_id":"a91ce9b9-71cd-436a-b0e2-c4e6573e419e","type":"stage_progress","timestamp":"2026-09-18T15:41:03.831517+00:00","stage":"s2","message_key":"training.step","message_args":{"step":495,"total":600},"current":495,"total":600}
{"protocol_version":1,"job_id":"a91ce9b9-71cd-436a-b0e2-c4e6573e419e","type":"stage_progress","timestamp":"2026-09-18T15:41:04.713228+00:00","stage":"s2","message_key":"training.step","message_args":{"step":496,"total":600},"current":496,"total":600}
{"protocol_version":1,"job_id":"a91ce9b9-71cd-436a-b0e2-c4e6573e419e","type":"stage_progress","timestamp":"2026-09-18T15:41:05.593303+00:00","stage":"s2","message_key":"training.step","message_args":{"step":497,"total":600},"current":497,"total":600}
{"protocol_version":1,"job_id":"a91ce9b9-71cd-436a-b0e2-c4e6573e419e","type":"stage_progress","timestamp":"2026-09-18T15:41:06.471001+00:00","stage":"s2","message_key":"training.step","message_args":{"step":498,"total":600},"current":498,"total":600}
{"protocol_version":1,"job_id":"a91ce9b9-71cd-436a-b0e2-c4e6573e419e","type":"stage_progress","timestamp":"2026-09-18T15:41:07.344902+00:00","stage":"s2","message_key":"training.step","message_args":{"step":499,"total":600},"current":499,"total":600}
{"protocol_version":1,"job_id":"a91ce9b9-71cd-436a-b0e2-c4e6573e419e","type":"stage_progress","timestamp":"2026-09-18T15:41:08.206747+00:00","stage":"s2","message_key":"training.step","message_args":{"step":500,"total":600},"current":500,"total":600}
{"protocol_version":1,"job_id":"a91ce9b9-71cd-436a-b0e2-c4e6573e419e","type":"stage_progress","timestamp":"2026-09-18T15:41:09.103156+00:00","stage":"s2","message_key":"training.step","message_args":{"step":501,"total":600},"current":501,"total":600}
{"protocol_version":1,"job_id":"a91ce9b9-71cd-436a-b0e2-c4e6573e419e","type":"stage_progress","timestamp":"2026-09-18T15:41:09.977206+00:00","stage":"s2","message_key":"training.step","message_args":{"step":502,"total":600},"current":502,"total":600}
{"protocol_version":1,"job_id":"a91ce9b9-71cd-436a-b0e2-c4e6573e419e","type":"stage_progress","timestamp":"2026-09-18T15:41:10.843065+00:00","stage":"s2","message_key":"training.step","message_args":{"step":503,"total":600},"current":503,"total":600}
{"protocol_version":1,"job_id":"a91ce9b9-71cd-436a-b0e2-c4e6573e419e","type":"stage_progress","timestamp":"2026-09-18T15:41:11.726284+00:00","stage":"s2","message_key":"training.step","message_args":{"step":504,"total":600},"current":504,"total":600}
{"protocol_version":1,"job_id":"a91ce9b9-71cd-436a-b0e2-c4e6573e419e","type":"stage_progress","timestamp":"2026-09-18T15:41:12.607915+00:00","stage":"s2","message_key":"training.step","message_args":{"step":505,"total":600},"current":505,"total":600}
{"protocol_version":1,"job_id":"a91ce9b9-71cd-436a-b0e2-c4e6573e419e","type":"stage_progress","timestamp":"2026-09-18T15:41:13.460263+00:00","stage":"s2","message_key":"training.step","message_args":{"step":506,"total":600},"current":506,"total":600}
{"protocol_version":1,"job_id":"a91ce9b9-71cd-436a-b0e2-c4e6573e419e","type":"stage_progress","timestamp":"2026-09-18T15:41:14.325697+00:00","stage":"s2","message_key":"training.step","message_args":{"step":507,"total":600},"current":507,"total":600}
{"protocol_version":1,"job_id":"a91ce9b9-71cd-436a-b0e2-c4e6573e419e","type":"stage_progress","timestamp":"2026-09-18T15:41:15.196531+00:00","stage":"s2","message_key":"training.step","message_args":{"step":508,"total":600},"current":508,"total":600}
{"protocol_version":1,"job_id":"a91ce9b9-71cd-436a-b0e2-c4e6573e419e","type":"stage_progress","timestamp":"2026-09-18T15:41:16.072228+00:00","stage":"s2","message_key":"training.step","message_args":{"step":509,"total":600},"current":509,"total":600}
{"protocol_version":1,"job_id":"a91ce9b9-71cd-436a-b0e2-c4e6573e419e","type":"stage_progress","timestamp":"2026-09-18T15:41:16.939879+00:00","stage":"s2","message_key":"training.step","message_args":{"step":510,"total":600},"current":510,"total":600}
{"protocol_version":1,"job_id":"a91ce9b9-71cd-436a-b0e2-c4e6573e419e","type":"stage_progress","timestamp":"2026-09-18T15:41:17.819990+00:00","stage":"s2","message_key":"training.step","message_args":{"step":511,"total":600},"current":511,"total":600}
{"protocol_version":1,"job_id":"a91ce9b9-71cd-436a-b0e2-c4e6573e419e","type":"stage_progress","timestamp":"2026-09-18T15:41:18.700312+00:00","stage":"s2","message_key":"training.step","message_args":{"step":512,"total":600},"current":512,"total":600}
{"protocol_version":1,"job_id":"a91ce9b9-71cd-436a-b0e2-c4e6573e419e","type":"stage_progress","timestamp":"2026-09-18T15:41:19.579230+00:00","stage":"s2","message_key":"training.step","message_args":{"step":513,"total":600},"current":513,"total":600}
{"protocol_version":1,"job_id":"a91ce9b9-71cd-436a-b0e2-c4e6573e419e","type":"stage_progress","timestamp":"2026-09-18T15:41:20.445182+00:00","stage":"s2","message_key":"training.step","message_args":{"step":514,"total":600},"current":514,"total":600}
{"protocol_version":1,"job_id":"a91ce9b9-71cd-436a-b0e2-c4e6573e419e","type":"stage_progress","timestamp":"2026-09-18T15:41:21.312503+00:00","stage":"s2","message_key":"training.step","message_args":{"step":515,"total":600},"current":515,"total":600}
{"protocol_version":1,"job_id":"a91ce9b9-71cd-436a-b0e2-c4e6573e419e","type":"stage_progress","timestamp":"2026-09-18T15:41:22.184679+00:00","stage":"s2","message_key":"training.step","message_args":{"step":516,"total":600},"current":516,"total":600}
{"protocol_version":1,"job_id":"a91ce9b9-71cd-436a-b0e2-c4e6573e419e","type":"stage_progress","timestamp":"2026-09-18T15:41:23.039566+00:00","stage":"s2","message_key":"training.step","message_args":{"step":517,"total":600},"current":517,"total":600}
{"protocol_version":1,"job_id":"a91ce9b9-71cd-436a-b0e2-c4e6573e419e","type":"stage_progress","timestamp":"2026-09-18T15:41:23.907502+00:00","stage":"s2","message_key":"training.step","message_args":{"step":518,"total":600},"current":518,"total":600}
{"protocol_version":1,"job_id":"a91ce9b9-71cd-436a-b0e2-c4e6573e419e","type":"stage_progress","timestamp":"2026-09-18T15:41:24.771503+00:00","stage":"s2","message_key":"training.step","message_args":{"step":519,"total":600},"current":519,"total":600}
{"protocol_version":1,"job_id":"a91ce9b9-71cd-436a-b0e2-c4e6573e419e","type":"stage_progress","timestamp":"2026-09-18T15:41:25.643624+00:00","stage":"s2","message_key":"training.step","message_args":{"step":520,"total":600},"current":520,"total":600}
{"protocol_version":1,"job_id":"a91ce9b9-71cd-436a-b0e2-c4e6573e419e","type":"stage_progress","timestamp":"2026-09-18T15:41:26.510269+00:00","stage":"s2","message_key":"training.step","message_args":{"step":521,"total":600},"current":521,"total":600}
{"protocol_version":1,"job_id":"a91ce9b9-71cd-436a-b0e2-c4e6573e419e","type":"stage_progress","timestamp":"2026-09-18T15:41:27.374339+00:00","stage":"s2","message_key":"training.step","message_args":{"step":522,"total":600},"current":522,"total":600}
{"protocol_version":1,"job_id":"a91ce9b9-71cd-436a-b0e2-c4e6573e419e","type":"stage_progress","timestamp":"2026-09-18T15:41:28.242156+00:00","stage":"s2","message_key":"training.step","message_args":{"step":523,"total":600},"current":523,"total":600}
{"protocol_version":1,"job_id":"a91ce9b9-71cd-436a-b0e2-c4e6573e419e","type":"stage_progress","timestamp":"2026-09-18T15:41:29.109455+00:00","stage":"s2","message_key":"training.step","message_args":{"step":524,"total":600},"current":524,"total":600}
{"protocol_version":1,"job_id":"a91ce9b9-71cd-436a-b0e2-c4e6573e419e","type":"stage_progress","timestamp":"2026-09-18T15:41:29.982686+00:00","stage":"s2","message_key":"training.step","message_args":{"step":525,"total":600},"current":525,"total":600}
{"protocol_version":1,"job_id":"a91ce9b9-71cd-436a-b0e2-c4e6573e419e","type":"stage_progress","timestamp":"2026-09-18T15:41:30.852100+00:00","stage":"s2","message_key":"training.step","message_args":{"step":526,"total":600},"current":526,"total":600}
{"protocol_version":1,"job_id":"a91ce9b9-71cd-436a-b0e2-c4e6573e419e","type":"stage_progress","timestamp":"2026-09-18T15:41:31.732080+00:00","stage":"s2","message_key":"training.step","message_args":{"step":527,"total":600},"current":527,"total":600}
{"protocol_version":1,"job_id":"a91ce9b9-71cd-436a-b0e2-c4e6573e419e","type":"stage_progress","timestamp":"2026-09-18T15:41:32.622634+00:00","stage":"s2","message_key":"training.step","message_args":{"step":528,"total":600},"current":528,"total":600}
{"protocol_version":1,"job_id":"a91ce9b9-71cd-436a-b0e2-c4e6573e419e","type":"stage_progress","timestamp":"2026-09-18T15:41:33.495887+00:00","stage":"s2","message_key":"training.step","message_args":{"step":529,"total":600},"current":529,"total":600}
{"protocol_version":1,"job_id":"a91ce9b9-71cd-436a-b0e2-c4e6573e419e","type":"stage_progress","timestamp":"2026-09-18T15:41:34.360651+00:00","stage":"s2","message_key":"training.step","message_args":{"step":530,"total":600},"current":530,"total":600}
{"protocol_version":1,"job_id":"a91ce9b9-71cd-436a-b0e2-c4e6573e419e","type":"stage_progress","timestamp":"2026-09-18T15:41:35.268237+00:00","stage":"s2","message_key":"training.step","message_args":{"step":531,"total":600},"current":531,"total":600}
{"protocol_version":1,"job_id":"a91ce9b9-71cd-436a-b0e2-c4e6573e419e","type":"stage_progress","timestamp":"2026-09-18T15:41:36.149988+00:00","stage":"s2","message_key":"training.step","message_args":{"step":532,"total":600},"current":532,"total":600}
{"protocol_version":1,"job_id":"a91ce9b9-71cd-436a-b0e2-c4e6573e419e","type":"stage_progress","timestamp":"2026-09-18T15:41:37.047904+00:00","stage":"s2","message_key":"training.step","message_args":{"step":533,"total":600},"current":533,"total":600}
{"protocol_version":1,"job_id":"a91ce9b9-71cd-436a-b0e2-c4e6573e419e","type":"stage_progress","timestamp":"2026-09-18T15:41:37.936245+00:00","stage":"s2","message_key":"training.step","message_args":{"step":534,"total":600},"current":534,"total":600}
{"protocol_version":1,"job_id":"a91ce9b9-71cd-436a-b0e2-c4e6573e419e","type":"stage_progress","timestamp":"2026-09-18T15:41:38.813509+00:00","stage":"s2","message_key":"training.step","message_args":{"step":535,"total":600},"current":535,"total":600}
{"protocol_version":1,"job_id":"a91ce9b9-71cd-436a-b0e2-c4e6573e419e","type":"stage_progress","timestamp":"2026-09-18T15:41:39.700122+00:00","stage":"s2","message_key":"training.step","message_args":{"step":536,"total":600},"current":536,"total":600}
{"protocol_version":1,"job_id":"a91ce9b9-71cd-436a-b0e2-c4e6573e419e","type":"stage_progress","timestamp":"2026-09-18T15:41:40.591369+00:00","stage":"s2","message_key":"training.step","message_args":{"step":537,"total":600},"current":537,"total":600}
{"protocol_version":1,"job_id":"a91ce9b9-71cd-436a-b0e2-c4e6573e419e","type":"stage_progress","timestamp":"2026-09-18T15:41:41.489704+00:00","stage":"s2","message_key":"training.step","message_args":{"step":538,"total":600},"current":538,"total":600}
{"protocol_version":1,"job_id":"a91ce9b9-71cd-436a-b0e2-c4e6573e419e","type":"stage_progress","timestamp":"2026-09-18T15:41:42.370625+00:00","stage":"s2","message_key":"training.step","message_args":{"step":539,"total":600},"current":539,"total":600}
{"protocol_version":1,"job_id":"a91ce9b9-71cd-436a-b0e2-c4e6573e419e","type":"stage_progress","timestamp":"2026-09-18T15:41:43.247018+00:00","stage":"s2","message_key":"training.step","message_args":{"step":540,"total":600},"current":540,"total":600}
{"protocol_version":1,"job_id":"a91ce9b9-71cd-436a-b0e2-c4e6573e419e","type":"stage_progress","timestamp":"2026-09-18T15:41:44.157810+00:00","stage":"s2","message_key":"training.step","message_args":{"step":541,"total":600},"current":541,"total":600}
{"protocol_version":1,"job_id":"a91ce9b9-71cd-436a-b0e2-c4e6573e419e","type":"stage_progress","timestamp":"2026-09-18T15:41:45.280265+00:00","stage":"s2","message_key":"training.step","message_args":{"step":542,"total":600},"current":542,"total":600}
{"protocol_version":1,"job_id":"a91ce9b9-71cd-436a-b0e2-c4e6573e419e","type":"stage_progress","timestamp":"2026-09-18T15:41:46.192319+00:00","stage":"s2","message_key":"training.step","message_args":{"step":543,"total":600},"current":543,"total":600}
{"protocol_version":1,"job_id":"a91ce9b9-71cd-436a-b0e2-c4e6573e419e","type":"stage_progress","timestamp":"2026-09-18T15:41:47.089193+00:00","stage":"s2","message_key":"training.step","message_args":{"step":544,"total":600},"current":544,"total":600}
{"protocol_version":1,"job_id":"a91ce9b9-71cd-436a-b0e2-c4e6573e419e","type":"stage_progress","timestamp":"2026-09-18T15:41:47.986326+00:00","stage":"s2","message_key":"training.step","message_args":{"step":545,"total":600},"current":545,"total":600}
{"protocol_version":1,"job_id":"a91ce9b9-71cd-436a-b0e2-c4e6573e419e","type":"stage_progress","timestamp":"2026-09-18T15:41:48.874823+00:00","stage":"s2","message_key":"training.step","message_args":{"step":546,"total":600},"current":546,"total":600}
{"protocol_version":1,"job_id":"a91ce9b9-71cd-436a-b0e2-c4e6573e419e","type":"stage_progress","timestamp":"2026-09-18T15:41:49.770106+00:00","stage":"s2","message_key":"training.step","message_args":{"step":547,"total":600},"current":547,"total":600}
{"protocol_version":1,"job_id":"a91ce9b9-71cd-436a-b0e2-c4e6573e419e","type":"stage_progress","timestamp":"2026-09-18T15:41:50.663014+00:00","stage":"s2","message_key":"training.step","message_args":{"step":548,"total":600},"current":548,"total":600}
{"protocol_version":1,"job_id":"a91ce9b9-71cd-436a-b0e2-c4e6573e419e","type":"stage_progress","timestamp":"2026-09-18T15:41:51.554442+00:00","stage":"s2","message_key":"training.step","message_args":{"step":549,"total":600},"current":549,"total":600}
{"protocol_version":1,"job_id":"a91ce9b9-71cd-436a-b0e2-c4e6573e419e","type":"stage_progress","timestamp":"2026-09-18T15:41:52.599999+00:00","stage":"s2","message_key":"training.step","message_args":{"step":550,"total":600},"current":550,"total":600}
{"protocol_version":1,"job_id":"a91ce9b9-71cd-436a-b0e2-c4e6573e419e","type":"stage_progress","timestamp":"2026-09-18T15:41:53.640099+00:00","stage":"s2","message_key":"training.step","message_args":{"step":551,"total":600},"current":551,"total":600}
{"protocol_version":1,"job_id":"a91ce9b9-71cd-436a-b0e2-c4e6573e419e","type":"stage_progress","timestamp":"2026-09-18T15:41:54.616973+00:00","stage":"s2","message_key":"training.step","message_args":{"step":552,"total":600},"current":552,"total":600}
{"protocol_version":1,"job_id":"a91ce9b9-71cd-436a-b0e2-c4e6573e419e","type":"stage_progress","timestamp":"2026-09-18T15:41:55.407188+00:00","stage":"s2","message_key":"training.step","message_args":{"step":553,"total":600},"current":553,"total":600}
{"protocol_version":1,"job_id":"a91ce9b9-71cd-436a-b0e2-c4e6573e419e","type":"stage_progress","timestamp":"2026-09-18T15:41:56.167309+00:00","stage":"s2","message_key":"training.step","message_args":{"step":554,"total":600},"current":554,"total":600}
{"protocol_version":1,"job_id":"a91ce9b9-71cd-436a-b0e2-c4e6573e419e","type":"stage_progress","timestamp":"2026-09-18T15:41:56.958300+00:00","stage":"s2","message_key":"training.step","message_args":{"step":555,"total":600},"current":555,"total":600}
{"protocol_version":1,"job_id":"a91ce9b9-71cd-436a-b0e2-c4e6573e419e","type":"stage_progress","timestamp":"2026-09-18T15:41:57.735945+00:00","stage":"s2","message_key":"training.step","message_args":{"step":556,"total":600},"current":556,"total":600}
{"protocol_version":1,"job_id":"a91ce9b9-71cd-436a-b0e2-c4e6573e419e","type":"stage_progress","timestamp":"2026-09-18T15:41:58.496331+00:00","stage":"s2","message_key":"training.step","message_args":{"step":557,"total":600},"current":557,"total":600}
{"protocol_version":1,"job_id":"a91ce9b9-71cd-436a-b0e2-c4e6573e419e","type":"stage_progress","timestamp":"2026-09-18T15:41:59.322162+00:00","stage":"s2","message_key":"training.step","message_args":{"step":558,"total":600},"current":558,"total":600}
{"protocol_version":1,"job_id":"a91ce9b9-71cd-436a-b0e2-c4e6573e419e","type":"stage_progress","timestamp":"2026-09-18T15:42:00.068554+00:00","stage":"s2","message_key":"training.step","message_args":{"step":559,"total":600},"current":559,"total":600}
{"protocol_version":1,"job_id":"a91ce9b9-71cd-436a-b0e2-c4e6573e419e","type":"stage_progress","timestamp":"2026-09-18T15:42:00.867674+00:00","stage":"s2","message_key":"training.step","message_args":{"step":560,"total":600},"current":560,"total":600}
{"protocol_version":1,"job_id":"a91ce9b9-71cd-436a-b0e2-c4e6573e419e","type":"stage_progress","timestamp":"2026-09-18T15:42:01.650923+00:00","stage":"s2","message_key":"training.step","message_args":{"step":561,"total":600},"current":561,"total":600}
{"protocol_version":1,"job_id":"a91ce9b9-71cd-436a-b0e2-c4e6573e419e","type":"stage_progress","timestamp":"2026-09-18T15:42:02.491207+00:00","stage":"s2","message_key":"training.step","message_args":{"step":562,"total":600},"current":562,"total":600}
{"protocol_version":1,"job_id":"a91ce9b9-71cd-436a-b0e2-c4e6573e419e","type":"stage_progress","timestamp":"2026-09-18T15:42:03.254625+00:00","stage":"s2","message_key":"training.step","message_args":{"step":563,"total":600},"current":563,"total":600}
{"protocol_version":1,"job_id":"a91ce9b9-71cd-436a-b0e2-c4e6573e419e","type":"stage_progress","timestamp":"2026-09-18T15:42:04.002456+00:00","stage":"s2","message_key":"training.step","message_args":{"step":564,"total":600},"current":564,"total":600}
{"protocol_version":1,"job_id":"a91ce9b9-71cd-436a-b0e2-c4e6573e419e","type":"stage_progress","timestamp":"2026-09-18T15:42:04.879742+00:00","stage":"s2","message_key":"training.step","message_args":{"step":565,"total":600},"current":565,"total":600}
{"protocol_version":1,"job_id":"a91ce9b9-71cd-436a-b0e2-c4e6573e419e","type":"stage_progress","timestamp":"2026-09-18T15:42:05.720193+00:00","stage":"s2","message_key":"training.step","message_args":{"step":566,"total":600},"current":566,"total":600}
{"protocol_version":1,"job_id":"a91ce9b9-71cd-436a-b0e2-c4e6573e419e","type":"stage_progress","timestamp":"2026-09-18T15:42:06.565320+00:00","stage":"s2","message_key":"training.step","message_args":{"step":567,"total":600},"current":567,"total":600}
{"protocol_version":1,"job_id":"a91ce9b9-71cd-436a-b0e2-c4e6573e419e","type":"stage_progress","timestamp":"2026-09-18T15:42:07.385596+00:00","stage":"s2","message_key":"training.step","message_args":{"step":568,"total":600},"current":568,"total":600}
{"protocol_version":1,"job_id":"a91ce9b9-71cd-436a-b0e2-c4e6573e419e","type":"stage_progress","timestamp":"2026-09-18T15:42:08.160215+00:00","stage":"s2","message_key":"training.step","message_args":{"step":569,"total":600},"current":569,"total":600}
{"protocol_version":1,"job_id":"a91ce9b9-71cd-436a-b0e2-c4e6573e419e","type":"stage_progress","timestamp":"2026-09-18T15:42:08.945909+00:00","stage":"s2","message_key":"training.step","message_args":{"step":570,"total":600},"current":570,"total":600}
{"protocol_version":1,"job_id":"a91ce9b9-71cd-436a-b0e2-c4e6573e419e","type":"stage_progress","timestamp":"2026-09-18T15:42:09.743284+00:00","stage":"s2","message_key":"training.step","message_args":{"step":571,"total":600},"current":571,"total":600}
{"protocol_version":1,"job_id":"a91ce9b9-71cd-436a-b0e2-c4e6573e419e","type":"stage_progress","timestamp":"2026-09-18T15:42:10.532813+00:00","stage":"s2","message_key":"training.step","message_args":{"step":572,"total":600},"current":572,"total":600}
{"protocol_version":1,"job_id":"a91ce9b9-71cd-436a-b0e2-c4e6573e419e","type":"stage_progress","timestamp":"2026-09-18T15:42:11.323322+00:00","stage":"s2","message_key":"training.step","message_args":{"step":573,"total":600},"current":573,"total":600}
{"protocol_version":1,"job_id":"a91ce9b9-71cd-436a-b0e2-c4e6573e419e","type":"stage_progress","timestamp":"2026-09-18T15:42:12.159592+00:00","stage":"s2","message_key":"training.step","message_args":{"step":574,"total":600},"current":574,"total":600}
{"protocol_version":1,"job_id":"a91ce9b9-71cd-436a-b0e2-c4e6573e419e","type":"stage_progress","timestamp":"2026-09-18T15:42:12.937787+00:00","stage":"s2","message_key":"training.step","message_args":{"step":575,"total":600},"current":575,"total":600}
{"protocol_version":1,"job_id":"a91ce9b9-71cd-436a-b0e2-c4e6573e419e","type":"stage_progress","timestamp":"2026-09-18T15:42:13.693454+00:00","stage":"s2","message_key":"training.step","message_args":{"step":576,"total":600},"current":576,"total":600}
{"protocol_version":1,"job_id":"a91ce9b9-71cd-436a-b0e2-c4e6573e419e","type":"stage_progress","timestamp":"2026-09-18T15:42:14.482687+00:00","stage":"s2","message_key":"training.step","message_args":{"step":577,"total":600},"current":577,"total":600}
{"protocol_version":1,"job_id":"a91ce9b9-71cd-436a-b0e2-c4e6573e419e","type":"stage_progress","timestamp":"2026-09-18T15:42:15.246727+00:00","stage":"s2","message_key":"training.step","message_args":{"step":578,"total":600},"current":578,"total":600}
{"protocol_version":1,"job_id":"a91ce9b9-71cd-436a-b0e2-c4e6573e419e","type":"stage_progress","timestamp":"2026-09-18T15:42:16.086934+00:00","stage":"s2","message_key":"training.step","message_args":{"step":579,"total":600},"current":579,"total":600}
{"protocol_version":1,"job_id":"a91ce9b9-71cd-436a-b0e2-c4e6573e419e","type":"stage_progress","timestamp":"2026-09-18T15:42:16.838863+00:00","stage":"s2","message_key":"training.step","message_args":{"step":580,"total":600},"current":580,"total":600}
{"protocol_version":1,"job_id":"a91ce9b9-71cd-436a-b0e2-c4e6573e419e","type":"stage_progress","timestamp":"2026-09-18T15:42:17.612451+00:00","stage":"s2","message_key":"training.step","message_args":{"step":581,"total":600},"current":581,"total":600}
{"protocol_version":1,"job_id":"a91ce9b9-71cd-436a-b0e2-c4e6573e419e","type":"stage_progress","timestamp":"2026-09-18T15:42:18.362901+00:00","stage":"s2","message_key":"training.step","message_args":{"step":582,"total":600},"current":582,"total":600}
{"protocol_version":1,"job_id":"a91ce9b9-71cd-436a-b0e2-c4e6573e419e","type":"stage_progress","timestamp":"2026-09-18T15:42:19.184717+00:00","stage":"s2","message_key":"training.step","message_args":{"step":583,"total":600},"current":583,"total":600}
{"protocol_version":1,"job_id":"a91ce9b9-71cd-436a-b0e2-c4e6573e419e","type":"stage_progress","timestamp":"2026-09-18T15:42:20.003267+00:00","stage":"s2","message_key":"training.step","message_args":{"step":584,"total":600},"current":584,"total":600}
{"protocol_version":1,"job_id":"a91ce9b9-71cd-436a-b0e2-c4e6573e419e","type":"stage_progress","timestamp":"2026-09-18T15:42:20.797223+00:00","stage":"s2","message_key":"training.step","message_args":{"step":585,"total":600},"current":585,"total":600}
{"protocol_version":1,"job_id":"a91ce9b9-71cd-436a-b0e2-c4e6573e419e","type":"stage_progress","timestamp":"2026-09-18T15:42:21.556561+00:00","stage":"s2","message_key":"training.step","message_args":{"step":586,"total":600},"current":586,"total":600}
{"protocol_version":1,"job_id":"a91ce9b9-71cd-436a-b0e2-c4e6573e419e","type":"stage_progress","timestamp":"2026-09-18T15:42:22.333471+00:00","stage":"s2","message_key":"training.step","message_args":{"step":587,"total":600},"current":587,"total":600}
{"protocol_version":1,"job_id":"a91ce9b9-71cd-436a-b0e2-c4e6573e419e","type":"stage_progress","timestamp":"2026-09-18T15:42:23.171702+00:00","stage":"s2","message_key":"training.step","message_args":{"step":588,"total":600},"current":588,"total":600}
{"protocol_version":1,"job_id":"a91ce9b9-71cd-436a-b0e2-c4e6573e419e","type":"stage_progress","timestamp":"2026-09-18T15:42:24.045874+00:00","stage":"s2","message_key":"training.step","message_args":{"step":589,"total":600},"current":589,"total":600}
{"protocol_version":1,"job_id":"a91ce9b9-71cd-436a-b0e2-c4e6573e419e","type":"stage_progress","timestamp":"2026-09-18T15:42:24.817937+00:00","stage":"s2","message_key":"training.step","message_args":{"step":590,"total":600},"current":590,"total":600}
{"protocol_version":1,"job_id":"a91ce9b9-71cd-436a-b0e2-c4e6573e419e","type":"stage_progress","timestamp":"2026-09-18T15:42:25.643754+00:00","stage":"s2","message_key":"training.step","message_args":{"step":591,"total":600},"current":591,"total":600}
{"protocol_version":1,"job_id":"a91ce9b9-71cd-436a-b0e2-c4e6573e419e","type":"stage_progress","timestamp":"2026-09-18T15:42:26.392960+00:00","stage":"s2","message_key":"training.step","message_args":{"step":592,"total":600},"current":592,"total":600}
{"protocol_version":1,"job_id":"a91ce9b9-71cd-436a-b0e2-c4e6573e419e","type":"stage_progress","timestamp":"2026-09-18T15:42:27.245983+00:00","stage":"s2","message_key":"training.step","message_args":{"step":593,"total":600},"current":593,"total":600}
{"protocol_version":1,"job_id":"a91ce9b9-71cd-436a-b0e2-c4e6573e419e","type":"stage_progress","timestamp":"2026-09-18T15:42:28.097107+00:00","stage":"s2","message_key":"training.step","message_args":{"step":594,"total":600},"current":594,"total":600}
{"protocol_version":1,"job_id":"a91ce9b9-71cd-436a-b0e2-c4e6573e419e","type":"stage_progress","timestamp":"2026-09-18T15:42:28.862215+00:00","stage":"s2","message_key":"training.step","message_args":{"step":595,"total":600},"current":595,"total":600}
{"protocol_version":1,"job_id":"a91ce9b9-71cd-436a-b0e2-c4e6573e419e","type":"stage_progress","timestamp":"2026-09-18T15:42:29.637044+00:00","stage":"s2","message_key":"training.step","message_args":{"step":596,"total":600},"current":596,"total":600}
{"protocol_version":1,"job_id":"a91ce9b9-71cd-436a-b0e2-c4e6573e419e","type":"stage_progress","timestamp":"2026-09-18T15:42:30.426083+00:00","stage":"s2","message_key":"training.step","message_args":{"step":597,"total":600},"current":597,"total":600}
{"protocol_version":1,"job_id":"a91ce9b9-71cd-436a-b0e2-c4e6573e419e","type":"stage_progress","timestamp":"2026-09-18T15:42:31.363846+00:00","stage":"s2","message_key":"training.step","message_args":{"step":598,"total":600},"current":598,"total":600}
{"protocol_version":1,"job_id":"a91ce9b9-71cd-436a-b0e2-c4e6573e419e","type":"stage_progress","timestamp":"2026-09-18T15:42:32.148439+00:00","stage":"s2","message_key":"training.step","message_args":{"step":599,"total":600},"current":599,"total":600}
{"protocol_version":1,"job_id":"a91ce9b9-71cd-436a-b0e2-c4e6573e419e","type":"stage_progress","timestamp":"2026-09-18T15:42:32.980874+00:00","stage":"s2","message_key":"training.step","message_args":{"step":600,"total":600},"current":600,"total":600}
{"protocol_version":1,"job_id":"a91ce9b9-71cd-436a-b0e2-c4e6573e419e","type":"checkpoint","timestamp":"2026-09-18T15:42:36.145100+00:00","stage":"s2","artifacts":[{"type":"checkpoint","path":"D:\\AI-Training\\voice-clone\\voice-pipeline\\voice-pipeline\\runs\\Lucy\\training\\s2\\checkpoints\\step-00000600.pt"}]}
{"protocol_version":1,"job_id":"a91ce9b9-71cd-436a-b0e2-c4e6573e419e","type":"stage_completed","timestamp":"2026-09-18T15:42:36.189089+00:00","stage":"s2"}
{"protocol_version":1,"job_id":"a91ce9b9-71cd-436a-b0e2-c4e6573e419e","type":"stage_started","timestamp":"2026-09-18T15:42:36.193093+00:00","stage":"s1"}
{"protocol_version":1,"job_id":"a91ce9b9-71cd-436a-b0e2-c4e6573e419e","type":"stage_progress","timestamp":"2026-09-18T15:42:39.339244+00:00","stage":"s1","message_key":"training.step","message_args":{"step":1,"total":500},"current":1,"total":500}
{"protocol_version":1,"job_id":"a91ce9b9-71cd-436a-b0e2-c4e6573e419e","type":"stage_progress","timestamp":"2026-09-18T15:42:39.861391+00:00","stage":"s1","message_key":"training.step","message_args":{"step":2,"total":500},"current":2,"total":500}
{"protocol_version":1,"job_id":"a91ce9b9-71cd-436a-b0e2-c4e6573e419e","type":"stage_progress","timestamp":"2026-09-18T15:42:40.350739+00:00","stage":"s1","message_key":"training.step","message_args":{"step":3,"total":500},"current":3,"total":500}
{"protocol_version":1,"job_id":"a91ce9b9-71cd-436a-b0e2-c4e6573e419e","type":"stage_progress","timestamp":"2026-09-18T15:42:40.959880+00:00","stage":"s1","message_key":"training.step","message_args":{"step":4,"total":500},"current":4,"total":500}
{"protocol_version":1,"job_id":"a91ce9b9-71cd-436a-b0e2-c4e6573e419e","type":"stage_progress","timestamp":"2026-09-18T15:42:41.463462+00:00","stage":"s1","message_key":"training.step","message_args":{"step":5,"total":500},"current":5,"total":500}
{"protocol_version":1,"job_id":"a91ce9b9-71cd-436a-b0e2-c4e6573e419e","type":"stage_progress","timestamp":"2026-09-18T15:42:41.953754+00:00","stage":"s1","message_key":"training.step","message_args":{"step":6,"total":500},"current":6,"total":500}
{"protocol_version":1,"job_id":"a91ce9b9-71cd-436a-b0e2-c4e6573e419e","type":"stage_progress","timestamp":"2026-09-18T15:42:42.442791+00:00","stage":"s1","message_key":"training.step","message_args":{"step":7,"total":500},"current":7,"total":500}
{"protocol_version":1,"job_id":"a91ce9b9-71cd-436a-b0e2-c4e6573e419e","type":"stage_progress","timestamp":"2026-09-18T15:42:42.977767+00:00","stage":"s1","message_key":"training.step","message_args":{"step":8,"total":500},"current":8,"total":500}
{"protocol_version":1,"job_id":"a91ce9b9-71cd-436a-b0e2-c4e6573e419e","type":"stage_progress","timestamp":"2026-09-18T15:42:43.478862+00:00","stage":"s1","message_key":"training.step","message_args":{"step":9,"total":500},"current":9,"total":500}
{"protocol_version":1,"job_id":"a91ce9b9-71cd-436a-b0e2-c4e6573e419e","type":"stage_progress","timestamp":"2026-09-18T15:42:44.205043+00:00","stage":"s1","message_key":"training.step","message_args":{"step":10,"total":500},"current":10,"total":500}
{"protocol_version":1,"job_id":"a91ce9b9-71cd-436a-b0e2-c4e6573e419e","type":"stage_progress","timestamp":"2026-09-18T15:42:44.788192+00:00","stage":"s1","message_key":"training.step","message_args":{"step":11,"total":500},"current":11,"total":500}
{"protocol_version":1,"job_id":"a91ce9b9-71cd-436a-b0e2-c4e6573e419e","type":"stage_progress","timestamp":"2026-09-18T15:42:45.419603+00:00","stage":"s1","message_key":"training.step","message_args":{"step":12,"total":500},"current":12,"total":500}
{"protocol_version":1,"job_id":"a91ce9b9-71cd-436a-b0e2-c4e6573e419e","type":"stage_progress","timestamp":"2026-09-18T15:42:46.050732+00:00","stage":"s1","message_key":"training.step","message_args":{"step":13,"total":500},"current":13,"total":500}
{"protocol_version":1,"job_id":"a91ce9b9-71cd-436a-b0e2-c4e6573e419e","type":"stage_progress","timestamp":"2026-09-18T15:42:46.626635+00:00","stage":"s1","message_key":"training.step","message_args":{"step":14,"total":500},"current":14,"total":500}
{"protocol_version":1,"job_id":"a91ce9b9-71cd-436a-b0e2-c4e6573e419e","type":"stage_progress","timestamp":"2026-09-18T15:42:47.223754+00:00","stage":"s1","message_key":"training.step","message_args":{"step":15,"total":500},"current":15,"total":500}
{"protocol_version":1,"job_id":"a91ce9b9-71cd-436a-b0e2-c4e6573e419e","type":"stage_progress","timestamp":"2026-09-18T15:42:47.789401+00:00","stage":"s1","message_key":"training.step","message_args":{"step":16,"total":500},"current":16,"total":500}
{"protocol_version":1,"job_id":"a91ce9b9-71cd-436a-b0e2-c4e6573e419e","type":"stage_progress","timestamp":"2026-09-18T15:42:48.304086+00:00","stage":"s1","message_key":"training.step","message_args":{"step":17,"total":500},"current":17,"total":500}
{"protocol_version":1,"job_id":"a91ce9b9-71cd-436a-b0e2-c4e6573e419e","type":"stage_progress","timestamp":"2026-09-18T15:42:48.870476+00:00","stage":"s1","message_key":"training.step","message_args":{"step":18,"total":500},"current":18,"total":500}
{"protocol_version":1,"job_id":"a91ce9b9-71cd-436a-b0e2-c4e6573e419e","type":"stage_progress","timestamp":"2026-09-18T15:42:49.423503+00:00","stage":"s1","message_key":"training.step","message_args":{"step":19,"total":500},"current":19,"total":500}
{"protocol_version":1,"job_id":"a91ce9b9-71cd-436a-b0e2-c4e6573e419e","type":"stage_progress","timestamp":"2026-09-18T15:42:49.995259+00:00","stage":"s1","message_key":"training.step","message_args":{"step":20,"total":500},"current":20,"total":500}
{"protocol_version":1,"job_id":"a91ce9b9-71cd-436a-b0e2-c4e6573e419e","type":"stage_progress","timestamp":"2026-09-18T15:42:50.625954+00:00","stage":"s1","message_key":"training.step","message_args":{"step":21,"total":500},"current":21,"total":500}
{"protocol_version":1,"job_id":"a91ce9b9-71cd-436a-b0e2-c4e6573e419e","type":"stage_progress","timestamp":"2026-09-18T15:42:51.225521+00:00","stage":"s1","message_key":"training.step","message_args":{"step":22,"total":500},"current":22,"total":500}
{"protocol_version":1,"job_id":"a91ce9b9-71cd-436a-b0e2-c4e6573e419e","type":"stage_progress","timestamp":"2026-09-18T15:42:51.790611+00:00","stage":"s1","message_key":"training.step","message_args":{"step":23,"total":500},"current":23,"total":500}
{"protocol_version":1,"job_id":"a91ce9b9-71cd-436a-b0e2-c4e6573e419e","type":"stage_progress","timestamp":"2026-09-18T15:42:52.359736+00:00","stage":"s1","message_key":"training.step","message_args":{"step":24,"total":500},"current":24,"total":500}
{"protocol_version":1,"job_id":"a91ce9b9-71cd-436a-b0e2-c4e6573e419e","type":"stage_progress","timestamp":"2026-09-18T15:42:52.953630+00:00","stage":"s1","message_key":"training.step","message_args":{"step":25,"total":500},"current":25,"total":500}
{"protocol_version":1,"job_id":"a91ce9b9-71cd-436a-b0e2-c4e6573e419e","type":"stage_progress","timestamp":"2026-09-18T15:42:53.575709+00:00","stage":"s1","message_key":"training.step","message_args":{"step":26,"total":500},"current":26,"total":500}
{"protocol_version":1,"job_id":"a91ce9b9-71cd-436a-b0e2-c4e6573e419e","type":"stage_progress","timestamp":"2026-09-18T15:42:54.328655+00:00","stage":"s1","message_key":"training.step","message_args":{"step":27,"total":500},"current":27,"total":500}
{"protocol_version":1,"job_id":"a91ce9b9-71cd-436a-b0e2-c4e6573e419e","type":"stage_progress","timestamp":"2026-09-18T15:42:54.912831+00:00","stage":"s1","message_key":"training.step","message_args":{"step":28,"total":500},"current":28,"total":500}
{"protocol_version":1,"job_id":"a91ce9b9-71cd-436a-b0e2-c4e6573e419e","type":"stage_progress","timestamp":"2026-09-18T15:42:55.482105+00:00","stage":"s1","message_key":"training.step","message_args":{"step":29,"total":500},"current":29,"total":500}
{"protocol_version":1,"job_id":"a91ce9b9-71cd-436a-b0e2-c4e6573e419e","type":"stage_progress","timestamp":"2026-09-18T15:42:56.107218+00:00","stage":"s1","message_key":"training.step","message_args":{"step":30,"total":500},"current":30,"total":500}
{"protocol_version":1,"job_id":"a91ce9b9-71cd-436a-b0e2-c4e6573e419e","type":"stage_progress","timestamp":"2026-09-18T15:42:56.721914+00:00","stage":"s1","message_key":"training.step","message_args":{"step":31,"total":500},"current":31,"total":500}
{"protocol_version":1,"job_id":"a91ce9b9-71cd-436a-b0e2-c4e6573e419e","type":"stage_progress","timestamp":"2026-09-18T15:42:57.377663+00:00","stage":"s1","message_key":"training.step","message_args":{"step":32,"total":500},"current":32,"total":500}
{"protocol_version":1,"job_id":"a91ce9b9-71cd-436a-b0e2-c4e6573e419e","type":"stage_progress","timestamp":"2026-09-18T15:42:57.960065+00:00","stage":"s1","message_key":"training.step","message_args":{"step":33,"total":500},"current":33,"total":500}
{"protocol_version":1,"job_id":"a91ce9b9-71cd-436a-b0e2-c4e6573e419e","type":"stage_progress","timestamp":"2026-09-18T15:42:58.537714+00:00","stage":"s1","message_key":"training.step","message_args":{"step":34,"total":500},"current":34,"total":500}
{"protocol_version":1,"job_id":"a91ce9b9-71cd-436a-b0e2-c4e6573e419e","type":"stage_progress","timestamp":"2026-09-18T15:42:59.149936+00:00","stage":"s1","message_key":"training.step","message_args":{"step":35,"total":500},"current":35,"total":500}
{"protocol_version":1,"job_id":"a91ce9b9-71cd-436a-b0e2-c4e6573e419e","type":"stage_progress","timestamp":"2026-09-18T15:42:59.727570+00:00","stage":"s1","message_key":"training.step","message_args":{"step":36,"total":500},"current":36,"total":500}
{"protocol_version":1,"job_id":"a91ce9b9-71cd-436a-b0e2-c4e6573e419e","type":"stage_progress","timestamp":"2026-09-18T15:43:00.311806+00:00","stage":"s1","message_key":"training.step","message_args":{"step":37,"total":500},"current":37,"total":500}
{"protocol_version":1,"job_id":"a91ce9b9-71cd-436a-b0e2-c4e6573e419e","type":"stage_progress","timestamp":"2026-09-18T15:43:00.918407+00:00","stage":"s1","message_key":"training.step","message_args":{"step":38,"total":500},"current":38,"total":500}
{"protocol_version":1,"job_id":"a91ce9b9-71cd-436a-b0e2-c4e6573e419e","type":"stage_progress","timestamp":"2026-09-18T15:43:01.516942+00:00","stage":"s1","message_key":"training.step","message_args":{"step":39,"total":500},"current":39,"total":500}
{"protocol_version":1,"job_id":"a91ce9b9-71cd-436a-b0e2-c4e6573e419e","type":"stage_progress","timestamp":"2026-09-18T15:43:02.135227+00:00","stage":"s1","message_key":"training.step","message_args":{"step":40,"total":500},"current":40,"total":500}
{"protocol_version":1,"job_id":"a91ce9b9-71cd-436a-b0e2-c4e6573e419e","type":"stage_progress","timestamp":"2026-09-18T15:43:02.715546+00:00","stage":"s1","message_key":"training.step","message_args":{"step":41,"total":500},"current":41,"total":500}
{"protocol_version":1,"job_id":"a91ce9b9-71cd-436a-b0e2-c4e6573e419e","type":"stage_progress","timestamp":"2026-09-18T15:43:03.301640+00:00","stage":"s1","message_key":"training.step","message_args":{"step":42,"total":500},"current":42,"total":500}
{"protocol_version":1,"job_id":"a91ce9b9-71cd-436a-b0e2-c4e6573e419e","type":"stage_progress","timestamp":"2026-09-18T15:43:03.865767+00:00","stage":"s1","message_key":"training.step","message_args":{"step":43,"total":500},"current":43,"total":500}
{"protocol_version":1,"job_id":"a91ce9b9-71cd-436a-b0e2-c4e6573e419e","type":"stage_progress","timestamp":"2026-09-18T15:43:04.464168+00:00","stage":"s1","message_key":"training.step","message_args":{"step":44,"total":500},"current":44,"total":500}
{"protocol_version":1,"job_id":"a91ce9b9-71cd-436a-b0e2-c4e6573e419e","type":"stage_progress","timestamp":"2026-09-18T15:43:05.042440+00:00","stage":"s1","message_key":"training.step","message_args":{"step":45,"total":500},"current":45,"total":500}
{"protocol_version":1,"job_id":"a91ce9b9-71cd-436a-b0e2-c4e6573e419e","type":"stage_progress","timestamp":"2026-09-18T15:43:05.654620+00:00","stage":"s1","message_key":"training.step","message_args":{"step":46,"total":500},"current":46,"total":500}
{"protocol_version":1,"job_id":"a91ce9b9-71cd-436a-b0e2-c4e6573e419e","type":"stage_progress","timestamp":"2026-09-18T15:43:06.329535+00:00","stage":"s1","message_key":"training.step","message_args":{"step":47,"total":500},"current":47,"total":500}
{"protocol_version":1,"job_id":"a91ce9b9-71cd-436a-b0e2-c4e6573e419e","type":"stage_progress","timestamp":"2026-09-18T15:43:06.955601+00:00","stage":"s1","message_key":"training.step","message_args":{"step":48,"total":500},"current":48,"total":500}
{"protocol_version":1,"job_id":"a91ce9b9-71cd-436a-b0e2-c4e6573e419e","type":"stage_progress","timestamp":"2026-09-18T15:43:07.545775+00:00","stage":"s1","message_key":"training.step","message_args":{"step":49,"total":500},"current":49,"total":500}
{"protocol_version":1,"job_id":"a91ce9b9-71cd-436a-b0e2-c4e6573e419e","type":"stage_progress","timestamp":"2026-09-18T15:43:08.208891+00:00","stage":"s1","message_key":"training.step","message_args":{"step":50,"total":500},"current":50,"total":500}
{"protocol_version":1,"job_id":"a91ce9b9-71cd-436a-b0e2-c4e6573e419e","type":"stage_progress","timestamp":"2026-09-18T15:43:08.776539+00:00","stage":"s1","message_key":"training.step","message_args":{"step":51,"total":500},"current":51,"total":500}
{"protocol_version":1,"job_id":"a91ce9b9-71cd-436a-b0e2-c4e6573e419e","type":"stage_progress","timestamp":"2026-09-18T15:43:09.360296+00:00","stage":"s1","message_key":"training.step","message_args":{"step":52,"total":500},"current":52,"total":500}
{"protocol_version":1,"job_id":"a91ce9b9-71cd-436a-b0e2-c4e6573e419e","type":"stage_progress","timestamp":"2026-09-18T15:43:09.935469+00:00","stage":"s1","message_key":"training.step","message_args":{"step":53,"total":500},"current":53,"total":500}
{"protocol_version":1,"job_id":"a91ce9b9-71cd-436a-b0e2-c4e6573e419e","type":"stage_progress","timestamp":"2026-09-18T15:43:10.579292+00:00","stage":"s1","message_key":"training.step","message_args":{"step":54,"total":500},"current":54,"total":500}
{"protocol_version":1,"job_id":"a91ce9b9-71cd-436a-b0e2-c4e6573e419e","type":"stage_progress","timestamp":"2026-09-18T15:43:11.153764+00:00","stage":"s1","message_key":"training.step","message_args":{"step":55,"total":500},"current":55,"total":500}
{"protocol_version":1,"job_id":"a91ce9b9-71cd-436a-b0e2-c4e6573e419e","type":"stage_progress","timestamp":"2026-09-18T15:43:11.785606+00:00","stage":"s1","message_key":"training.step","message_args":{"step":56,"total":500},"current":56,"total":500}
{"protocol_version":1,"job_id":"a91ce9b9-71cd-436a-b0e2-c4e6573e419e","type":"stage_progress","timestamp":"2026-09-18T15:43:12.354535+00:00","stage":"s1","message_key":"training.step","message_args":{"step":57,"total":500},"current":57,"total":500}
{"protocol_version":1,"job_id":"a91ce9b9-71cd-436a-b0e2-c4e6573e419e","type":"stage_progress","timestamp":"2026-09-18T15:43:12.988613+00:00","stage":"s1","message_key":"training.step","message_args":{"step":58,"total":500},"current":58,"total":500}
{"protocol_version":1,"job_id":"a91ce9b9-71cd-436a-b0e2-c4e6573e419e","type":"stage_progress","timestamp":"2026-09-18T15:43:13.607462+00:00","stage":"s1","message_key":"training.step","message_args":{"step":59,"total":500},"current":59,"total":500}
{"protocol_version":1,"job_id":"a91ce9b9-71cd-436a-b0e2-c4e6573e419e","type":"stage_progress","timestamp":"2026-09-18T15:43:14.163607+00:00","stage":"s1","message_key":"training.step","message_args":{"step":60,"total":500},"current":60,"total":500}
{"protocol_version":1,"job_id":"a91ce9b9-71cd-436a-b0e2-c4e6573e419e","type":"stage_progress","timestamp":"2026-09-18T15:43:14.718057+00:00","stage":"s1","message_key":"training.step","message_args":{"step":61,"total":500},"current":61,"total":500}
{"protocol_version":1,"job_id":"a91ce9b9-71cd-436a-b0e2-c4e6573e419e","type":"stage_progress","timestamp":"2026-09-18T15:43:15.315573+00:00","stage":"s1","message_key":"training.step","message_args":{"step":62,"total":500},"current":62,"total":500}
{"protocol_version":1,"job_id":"a91ce9b9-71cd-436a-b0e2-c4e6573e419e","type":"stage_progress","timestamp":"2026-09-18T15:43:15.900151+00:00","stage":"s1","message_key":"training.step","message_args":{"step":63,"total":500},"current":63,"total":500}
{"protocol_version":1,"job_id":"a91ce9b9-71cd-436a-b0e2-c4e6573e419e","type":"stage_progress","timestamp":"2026-09-18T15:43:16.519043+00:00","stage":"s1","message_key":"training.step","message_args":{"step":64,"total":500},"current":64,"total":500}
{"protocol_version":1,"job_id":"a91ce9b9-71cd-436a-b0e2-c4e6573e419e","type":"stage_progress","timestamp":"2026-09-18T15:43:17.107878+00:00","stage":"s1","message_key":"training.step","message_args":{"step":65,"total":500},"current":65,"total":500}
{"protocol_version":1,"job_id":"a91ce9b9-71cd-436a-b0e2-c4e6573e419e","type":"stage_progress","timestamp":"2026-09-18T15:43:17.739676+00:00","stage":"s1","message_key":"training.step","message_args":{"step":66,"total":500},"current":66,"total":500}
{"protocol_version":1,"job_id":"a91ce9b9-71cd-436a-b0e2-c4e6573e419e","type":"stage_progress","timestamp":"2026-09-18T15:43:18.332860+00:00","stage":"s1","message_key":"training.step","message_args":{"step":67,"total":500},"current":67,"total":500}
{"protocol_version":1,"job_id":"a91ce9b9-71cd-436a-b0e2-c4e6573e419e","type":"stage_progress","timestamp":"2026-09-18T15:43:18.933819+00:00","stage":"s1","message_key":"training.step","message_args":{"step":68,"total":500},"current":68,"total":500}
{"protocol_version":1,"job_id":"a91ce9b9-71cd-436a-b0e2-c4e6573e419e","type":"stage_progress","timestamp":"2026-09-18T15:43:19.506738+00:00","stage":"s1","message_key":"training.step","message_args":{"step":69,"total":500},"current":69,"total":500}
{"protocol_version":1,"job_id":"a91ce9b9-71cd-436a-b0e2-c4e6573e419e","type":"stage_progress","timestamp":"2026-09-18T15:43:20.103655+00:00","stage":"s1","message_key":"training.step","message_args":{"step":70,"total":500},"current":70,"total":500}
{"protocol_version":1,"job_id":"a91ce9b9-71cd-436a-b0e2-c4e6573e419e","type":"stage_progress","timestamp":"2026-09-18T15:43:20.723736+00:00","stage":"s1","message_key":"training.step","message_args":{"step":71,"total":500},"current":71,"total":500}
{"protocol_version":1,"job_id":"a91ce9b9-71cd-436a-b0e2-c4e6573e419e","type":"stage_progress","timestamp":"2026-09-18T15:43:21.301767+00:00","stage":"s1","message_key":"training.step","message_args":{"step":72,"total":500},"current":72,"total":500}
{"protocol_version":1,"job_id":"a91ce9b9-71cd-436a-b0e2-c4e6573e419e","type":"stage_progress","timestamp":"2026-09-18T15:43:21.926536+00:00","stage":"s1","message_key":"training.step","message_args":{"step":73,"total":500},"current":73,"total":500}
{"protocol_version":1,"job_id":"a91ce9b9-71cd-436a-b0e2-c4e6573e419e","type":"stage_progress","timestamp":"2026-09-18T15:43:22.603882+00:00","stage":"s1","message_key":"training.step","message_args":{"step":74,"total":500},"current":74,"total":500}
{"protocol_version":1,"job_id":"a91ce9b9-71cd-436a-b0e2-c4e6573e419e","type":"stage_progress","timestamp":"2026-09-18T15:43:23.200731+00:00","stage":"s1","message_key":"training.step","message_args":{"step":75,"total":500},"current":75,"total":500}
{"protocol_version":1,"job_id":"a91ce9b9-71cd-436a-b0e2-c4e6573e419e","type":"stage_progress","timestamp":"2026-09-18T15:43:23.759755+00:00","stage":"s1","message_key":"training.step","message_args":{"step":76,"total":500},"current":76,"total":500}
{"protocol_version":1,"job_id":"a91ce9b9-71cd-436a-b0e2-c4e6573e419e","type":"stage_progress","timestamp":"2026-09-18T15:43:24.371044+00:00","stage":"s1","message_key":"training.step","message_args":{"step":77,"total":500},"current":77,"total":500}
{"protocol_version":1,"job_id":"a91ce9b9-71cd-436a-b0e2-c4e6573e419e","type":"stage_progress","timestamp":"2026-09-18T15:43:24.973837+00:00","stage":"s1","message_key":"training.step","message_args":{"step":78,"total":500},"current":78,"total":500}
{"protocol_version":1,"job_id":"a91ce9b9-71cd-436a-b0e2-c4e6573e419e","type":"stage_progress","timestamp":"2026-09-18T15:43:25.588302+00:00","stage":"s1","message_key":"training.step","message_args":{"step":79,"total":500},"current":79,"total":500}
{"protocol_version":1,"job_id":"a91ce9b9-71cd-436a-b0e2-c4e6573e419e","type":"stage_progress","timestamp":"2026-09-18T15:43:26.198626+00:00","stage":"s1","message_key":"training.step","message_args":{"step":80,"total":500},"current":80,"total":500}
{"protocol_version":1,"job_id":"a91ce9b9-71cd-436a-b0e2-c4e6573e419e","type":"stage_progress","timestamp":"2026-09-18T15:43:26.774583+00:00","stage":"s1","message_key":"training.step","message_args":{"step":81,"total":500},"current":81,"total":500}
{"protocol_version":1,"job_id":"a91ce9b9-71cd-436a-b0e2-c4e6573e419e","type":"stage_progress","timestamp":"2026-09-18T15:43:27.391832+00:00","stage":"s1","message_key":"training.step","message_args":{"step":82,"total":500},"current":82,"total":500}
{"protocol_version":1,"job_id":"a91ce9b9-71cd-436a-b0e2-c4e6573e419e","type":"stage_progress","timestamp":"2026-09-18T15:43:28.008468+00:00","stage":"s1","message_key":"training.step","message_args":{"step":83,"total":500},"current":83,"total":500}
{"protocol_version":1,"job_id":"a91ce9b9-71cd-436a-b0e2-c4e6573e419e","type":"stage_progress","timestamp":"2026-09-18T15:43:28.612200+00:00","stage":"s1","message_key":"training.step","message_args":{"step":84,"total":500},"current":84,"total":500}
{"protocol_version":1,"job_id":"a91ce9b9-71cd-436a-b0e2-c4e6573e419e","type":"stage_progress","timestamp":"2026-09-18T15:43:29.240855+00:00","stage":"s1","message_key":"training.step","message_args":{"step":85,"total":500},"current":85,"total":500}
{"protocol_version":1,"job_id":"a91ce9b9-71cd-436a-b0e2-c4e6573e419e","type":"stage_progress","timestamp":"2026-09-18T15:43:29.861445+00:00","stage":"s1","message_key":"training.step","message_args":{"step":86,"total":500},"current":86,"total":500}
{"protocol_version":1,"job_id":"a91ce9b9-71cd-436a-b0e2-c4e6573e419e","type":"stage_progress","timestamp":"2026-09-18T15:43:30.475849+00:00","stage":"s1","message_key":"training.step","message_args":{"step":87,"total":500},"current":87,"total":500}
{"protocol_version":1,"job_id":"a91ce9b9-71cd-436a-b0e2-c4e6573e419e","type":"stage_progress","timestamp":"2026-09-18T15:43:31.067105+00:00","stage":"s1","message_key":"training.step","message_args":{"step":88,"total":500},"current":88,"total":500}
{"protocol_version":1,"job_id":"a91ce9b9-71cd-436a-b0e2-c4e6573e419e","type":"stage_progress","timestamp":"2026-09-18T15:43:31.639483+00:00","stage":"s1","message_key":"training.step","message_args":{"step":89,"total":500},"current":89,"total":500}
{"protocol_version":1,"job_id":"a91ce9b9-71cd-436a-b0e2-c4e6573e419e","type":"stage_progress","timestamp":"2026-09-18T15:43:32.362682+00:00","stage":"s1","message_key":"training.step","message_args":{"step":90,"total":500},"current":90,"total":500}
{"protocol_version":1,"job_id":"a91ce9b9-71cd-436a-b0e2-c4e6573e419e","type":"stage_progress","timestamp":"2026-09-18T15:43:33.037793+00:00","stage":"s1","message_key":"training.step","message_args":{"step":91,"total":500},"current":91,"total":500}
{"protocol_version":1,"job_id":"a91ce9b9-71cd-436a-b0e2-c4e6573e419e","type":"stage_progress","timestamp":"2026-09-18T15:43:33.694048+00:00","stage":"s1","message_key":"training.step","message_args":{"step":92,"total":500},"current":92,"total":500}
{"protocol_version":1,"job_id":"a91ce9b9-71cd-436a-b0e2-c4e6573e419e","type":"stage_progress","timestamp":"2026-09-18T15:43:34.319581+00:00","stage":"s1","message_key":"training.step","message_args":{"step":93,"total":500},"current":93,"total":500}
{"protocol_version":1,"job_id":"a91ce9b9-71cd-436a-b0e2-c4e6573e419e","type":"stage_progress","timestamp":"2026-09-18T15:43:34.964257+00:00","stage":"s1","message_key":"training.step","message_args":{"step":94,"total":500},"current":94,"total":500}
{"protocol_version":1,"job_id":"a91ce9b9-71cd-436a-b0e2-c4e6573e419e","type":"stage_progress","timestamp":"2026-09-18T15:43:35.691553+00:00","stage":"s1","message_key":"training.step","message_args":{"step":95,"total":500},"current":95,"total":500}
{"protocol_version":1,"job_id":"a91ce9b9-71cd-436a-b0e2-c4e6573e419e","type":"stage_progress","timestamp":"2026-09-18T15:43:36.340131+00:00","stage":"s1","message_key":"training.step","message_args":{"step":96,"total":500},"current":96,"total":500}
{"protocol_version":1,"job_id":"a91ce9b9-71cd-436a-b0e2-c4e6573e419e","type":"stage_progress","timestamp":"2026-09-18T15:43:36.979963+00:00","stage":"s1","message_key":"training.step","message_args":{"step":97,"total":500},"current":97,"total":500}
{"protocol_version":1,"job_id":"a91ce9b9-71cd-436a-b0e2-c4e6573e419e","type":"stage_progress","timestamp":"2026-09-18T15:43:37.631880+00:00","stage":"s1","message_key":"training.step","message_args":{"step":98,"total":500},"current":98,"total":500}
{"protocol_version":1,"job_id":"a91ce9b9-71cd-436a-b0e2-c4e6573e419e","type":"stage_progress","timestamp":"2026-09-18T15:43:38.368191+00:00","stage":"s1","message_key":"training.step","message_args":{"step":99,"total":500},"current":99,"total":500}
{"protocol_version":1,"job_id":"a91ce9b9-71cd-436a-b0e2-c4e6573e419e","type":"stage_progress","timestamp":"2026-09-18T15:43:39.007796+00:00","stage":"s1","message_key":"training.step","message_args":{"step":100,"total":500},"current":100,"total":500}
{"protocol_version":1,"job_id":"a91ce9b9-71cd-436a-b0e2-c4e6573e419e","type":"checkpoint","timestamp":"2026-09-18T15:43:40.868382+00:00","stage":"s1","artifacts":[{"type":"checkpoint","path":"D:\\AI-Training\\voice-clone\\voice-pipeline\\voice-pipeline\\runs\\Lucy\\training\\s1\\checkpoints\\step-00000100.pt"}]}
{"protocol_version":1,"job_id":"a91ce9b9-71cd-436a-b0e2-c4e6573e419e","type":"stage_progress","timestamp":"2026-09-18T15:43:41.544590+00:00","stage":"s1","message_key":"training.step","message_args":{"step":101,"total":500},"current":101,"total":500}
{"protocol_version":1,"job_id":"a91ce9b9-71cd-436a-b0e2-c4e6573e419e","type":"stage_progress","timestamp":"2026-09-18T15:43:42.263332+00:00","stage":"s1","message_key":"training.step","message_args":{"step":102,"total":500},"current":102,"total":500}
{"protocol_version":1,"job_id":"a91ce9b9-71cd-436a-b0e2-c4e6573e419e","type":"stage_progress","timestamp":"2026-09-18T15:43:42.978317+00:00","stage":"s1","message_key":"training.step","message_args":{"step":103,"total":500},"current":103,"total":500}
{"protocol_version":1,"job_id":"a91ce9b9-71cd-436a-b0e2-c4e6573e419e","type":"stage_progress","timestamp":"2026-09-18T15:43:43.639473+00:00","stage":"s1","message_key":"training.step","message_args":{"step":104,"total":500},"current":104,"total":500}
{"protocol_version":1,"job_id":"a91ce9b9-71cd-436a-b0e2-c4e6573e419e","type":"stage_progress","timestamp":"2026-09-18T15:43:44.279594+00:00","stage":"s1","message_key":"training.step","message_args":{"step":105,"total":500},"current":105,"total":500}
{"protocol_version":1,"job_id":"a91ce9b9-71cd-436a-b0e2-c4e6573e419e","type":"stage_progress","timestamp":"2026-09-18T15:43:45.028761+00:00","stage":"s1","message_key":"training.step","message_args":{"step":106,"total":500},"current":106,"total":500}
{"protocol_version":1,"job_id":"a91ce9b9-71cd-436a-b0e2-c4e6573e419e","type":"stage_progress","timestamp":"2026-09-18T15:43:45.692612+00:00","stage":"s1","message_key":"training.step","message_args":{"step":107,"total":500},"current":107,"total":500}
{"protocol_version":1,"job_id":"a91ce9b9-71cd-436a-b0e2-c4e6573e419e","type":"stage_progress","timestamp":"2026-09-18T15:43:46.365178+00:00","stage":"s1","message_key":"training.step","message_args":{"step":108,"total":500},"current":108,"total":500}
{"protocol_version":1,"job_id":"a91ce9b9-71cd-436a-b0e2-c4e6573e419e","type":"stage_progress","timestamp":"2026-09-18T15:43:47.027844+00:00","stage":"s1","message_key":"training.step","message_args":{"step":109,"total":500},"current":109,"total":500}
{"protocol_version":1,"job_id":"a91ce9b9-71cd-436a-b0e2-c4e6573e419e","type":"stage_progress","timestamp":"2026-09-18T15:43:47.748224+00:00","stage":"s1","message_key":"training.step","message_args":{"step":110,"total":500},"current":110,"total":500}
{"protocol_version":1,"job_id":"a91ce9b9-71cd-436a-b0e2-c4e6573e419e","type":"stage_progress","timestamp":"2026-09-18T15:43:48.403772+00:00","stage":"s1","message_key":"training.step","message_args":{"step":111,"total":500},"current":111,"total":500}
{"protocol_version":1,"job_id":"a91ce9b9-71cd-436a-b0e2-c4e6573e419e","type":"stage_progress","timestamp":"2026-09-18T15:43:49.123356+00:00","stage":"s1","message_key":"training.step","message_args":{"step":112,"total":500},"current":112,"total":500}
{"protocol_version":1,"job_id":"a91ce9b9-71cd-436a-b0e2-c4e6573e419e","type":"stage_progress","timestamp":"2026-09-18T15:43:49.786184+00:00","stage":"s1","message_key":"training.step","message_args":{"step":113,"total":500},"current":113,"total":500}
{"protocol_version":1,"job_id":"a91ce9b9-71cd-436a-b0e2-c4e6573e419e","type":"stage_progress","timestamp":"2026-09-18T15:43:50.493150+00:00","stage":"s1","message_key":"training.step","message_args":{"step":114,"total":500},"current":114,"total":500}
{"protocol_version":1,"job_id":"a91ce9b9-71cd-436a-b0e2-c4e6573e419e","type":"stage_progress","timestamp":"2026-09-18T15:43:51.187341+00:00","stage":"s1","message_key":"training.step","message_args":{"step":115,"total":500},"current":115,"total":500}
{"protocol_version":1,"job_id":"a91ce9b9-71cd-436a-b0e2-c4e6573e419e","type":"stage_progress","timestamp":"2026-09-18T15:43:51.833484+00:00","stage":"s1","message_key":"training.step","message_args":{"step":116,"total":500},"current":116,"total":500}
{"protocol_version":1,"job_id":"a91ce9b9-71cd-436a-b0e2-c4e6573e419e","type":"stage_progress","timestamp":"2026-09-18T15:43:52.486727+00:00","stage":"s1","message_key":"training.step","message_args":{"step":117,"total":500},"current":117,"total":500}
{"protocol_version":1,"job_id":"a91ce9b9-71cd-436a-b0e2-c4e6573e419e","type":"stage_progress","timestamp":"2026-09-18T15:43:53.155128+00:00","stage":"s1","message_key":"training.step","message_args":{"step":118,"total":500},"current":118,"total":500}
{"protocol_version":1,"job_id":"a91ce9b9-71cd-436a-b0e2-c4e6573e419e","type":"stage_progress","timestamp":"2026-09-18T15:43:53.781963+00:00","stage":"s1","message_key":"training.step","message_args":{"step":119,"total":500},"current":119,"total":500}
{"protocol_version":1,"job_id":"a91ce9b9-71cd-436a-b0e2-c4e6573e419e","type":"stage_progress","timestamp":"2026-09-18T15:43:54.437535+00:00","stage":"s1","message_key":"training.step","message_args":{"step":120,"total":500},"current":120,"total":500}
{"protocol_version":1,"job_id":"a91ce9b9-71cd-436a-b0e2-c4e6573e419e","type":"stage_progress","timestamp":"2026-09-18T15:43:55.116917+00:00","stage":"s1","message_key":"training.step","message_args":{"step":121,"total":500},"current":121,"total":500}
{"protocol_version":1,"job_id":"a91ce9b9-71cd-436a-b0e2-c4e6573e419e","type":"stage_progress","timestamp":"2026-09-18T15:43:55.780903+00:00","stage":"s1","message_key":"training.step","message_args":{"step":122,"total":500},"current":122,"total":500}
{"protocol_version":1,"job_id":"a91ce9b9-71cd-436a-b0e2-c4e6573e419e","type":"stage_progress","timestamp":"2026-09-18T15:43:56.425481+00:00","stage":"s1","message_key":"training.step","message_args":{"step":123,"total":500},"current":123,"total":500}
{"protocol_version":1,"job_id":"a91ce9b9-71cd-436a-b0e2-c4e6573e419e","type":"stage_progress","timestamp":"2026-09-18T15:43:57.116154+00:00","stage":"s1","message_key":"training.step","message_args":{"step":124,"total":500},"current":124,"total":500}
{"protocol_version":1,"job_id":"a91ce9b9-71cd-436a-b0e2-c4e6573e419e","type":"stage_progress","timestamp":"2026-09-18T15:43:57.826588+00:00","stage":"s1","message_key":"training.step","message_args":{"step":125,"total":500},"current":125,"total":500}
{"protocol_version":1,"job_id":"a91ce9b9-71cd-436a-b0e2-c4e6573e419e","type":"stage_progress","timestamp":"2026-09-18T15:43:58.510951+00:00","stage":"s1","message_key":"training.step","message_args":{"step":126,"total":500},"current":126,"total":500}
{"protocol_version":1,"job_id":"a91ce9b9-71cd-436a-b0e2-c4e6573e419e","type":"stage_progress","timestamp":"2026-09-18T15:43:59.170760+00:00","stage":"s1","message_key":"training.step","message_args":{"step":127,"total":500},"current":127,"total":500}
{"protocol_version":1,"job_id":"a91ce9b9-71cd-436a-b0e2-c4e6573e419e","type":"stage_progress","timestamp":"2026-09-18T15:43:59.883300+00:00","stage":"s1","message_key":"training.step","message_args":{"step":128,"total":500},"current":128,"total":500}
{"protocol_version":1,"job_id":"a91ce9b9-71cd-436a-b0e2-c4e6573e419e","type":"stage_progress","timestamp":"2026-09-18T15:44:00.559123+00:00","stage":"s1","message_key":"training.step","message_args":{"step":129,"total":500},"current":129,"total":500}
{"protocol_version":1,"job_id":"a91ce9b9-71cd-436a-b0e2-c4e6573e419e","type":"stage_progress","timestamp":"2026-09-18T15:44:01.265679+00:00","stage":"s1","message_key":"training.step","message_args":{"step":130,"total":500},"current":130,"total":500}
{"protocol_version":1,"job_id":"a91ce9b9-71cd-436a-b0e2-c4e6573e419e","type":"stage_progress","timestamp":"2026-09-18T15:44:01.943363+00:00","stage":"s1","message_key":"training.step","message_args":{"step":131,"total":500},"current":131,"total":500}
{"protocol_version":1,"job_id":"a91ce9b9-71cd-436a-b0e2-c4e6573e419e","type":"stage_progress","timestamp":"2026-09-18T15:44:02.608199+00:00","stage":"s1","message_key":"training.step","message_args":{"step":132,"total":500},"current":132,"total":500}
{"protocol_version":1,"job_id":"a91ce9b9-71cd-436a-b0e2-c4e6573e419e","type":"stage_progress","timestamp":"2026-09-18T15:44:03.310572+00:00","stage":"s1","message_key":"training.step","message_args":{"step":133,"total":500},"current":133,"total":500}
{"protocol_version":1,"job_id":"a91ce9b9-71cd-436a-b0e2-c4e6573e419e","type":"stage_progress","timestamp":"2026-09-18T15:44:04.034761+00:00","stage":"s1","message_key":"training.step","message_args":{"step":134,"total":500},"current":134,"total":500}
{"protocol_version":1,"job_id":"a91ce9b9-71cd-436a-b0e2-c4e6573e419e","type":"stage_progress","timestamp":"2026-09-18T15:44:04.680589+00:00","stage":"s1","message_key":"training.step","message_args":{"step":135,"total":500},"current":135,"total":500}
{"protocol_version":1,"job_id":"a91ce9b9-71cd-436a-b0e2-c4e6573e419e","type":"stage_progress","timestamp":"2026-09-18T15:44:05.388218+00:00","stage":"s1","message_key":"training.step","message_args":{"step":136,"total":500},"current":136,"total":500}
{"protocol_version":1,"job_id":"a91ce9b9-71cd-436a-b0e2-c4e6573e419e","type":"stage_progress","timestamp":"2026-09-18T15:44:06.029009+00:00","stage":"s1","message_key":"training.step","message_args":{"step":137,"total":500},"current":137,"total":500}
{"protocol_version":1,"job_id":"a91ce9b9-71cd-436a-b0e2-c4e6573e419e","type":"stage_progress","timestamp":"2026-09-18T15:44:06.690581+00:00","stage":"s1","message_key":"training.step","message_args":{"step":138,"total":500},"current":138,"total":500}
{"protocol_version":1,"job_id":"a91ce9b9-71cd-436a-b0e2-c4e6573e419e","type":"stage_progress","timestamp":"2026-09-18T15:44:07.404164+00:00","stage":"s1","message_key":"training.step","message_args":{"step":139,"total":500},"current":139,"total":500}
{"protocol_version":1,"job_id":"a91ce9b9-71cd-436a-b0e2-c4e6573e419e","type":"stage_progress","timestamp":"2026-09-18T15:44:08.079264+00:00","stage":"s1","message_key":"training.step","message_args":{"step":140,"total":500},"current":140,"total":500}
{"protocol_version":1,"job_id":"a91ce9b9-71cd-436a-b0e2-c4e6573e419e","type":"stage_progress","timestamp":"2026-09-18T15:44:08.814207+00:00","stage":"s1","message_key":"training.step","message_args":{"step":141,"total":500},"current":141,"total":500}
{"protocol_version":1,"job_id":"a91ce9b9-71cd-436a-b0e2-c4e6573e419e","type":"stage_progress","timestamp":"2026-09-18T15:44:09.535857+00:00","stage":"s1","message_key":"training.step","message_args":{"step":142,"total":500},"current":142,"total":500}
{"protocol_version":1,"job_id":"a91ce9b9-71cd-436a-b0e2-c4e6573e419e","type":"stage_progress","timestamp":"2026-09-18T15:44:10.195694+00:00","stage":"s1","message_key":"training.step","message_args":{"step":143,"total":500},"current":143,"total":500}
{"protocol_version":1,"job_id":"a91ce9b9-71cd-436a-b0e2-c4e6573e419e","type":"stage_progress","timestamp":"2026-09-18T15:44:10.876587+00:00","stage":"s1","message_key":"training.step","message_args":{"step":144,"total":500},"current":144,"total":500}
{"protocol_version":1,"job_id":"a91ce9b9-71cd-436a-b0e2-c4e6573e419e","type":"stage_progress","timestamp":"2026-09-18T15:44:11.506723+00:00","stage":"s1","message_key":"training.step","message_args":{"step":145,"total":500},"current":145,"total":500}
{"protocol_version":1,"job_id":"a91ce9b9-71cd-436a-b0e2-c4e6573e419e","type":"stage_progress","timestamp":"2026-09-18T15:44:12.216888+00:00","stage":"s1","message_key":"training.step","message_args":{"step":146,"total":500},"current":146,"total":500}
{"protocol_version":1,"job_id":"a91ce9b9-71cd-436a-b0e2-c4e6573e419e","type":"stage_progress","timestamp":"2026-09-18T15:44:12.851954+00:00","stage":"s1","message_key":"training.step","message_args":{"step":147,"total":500},"current":147,"total":500}
{"protocol_version":1,"job_id":"a91ce9b9-71cd-436a-b0e2-c4e6573e419e","type":"stage_progress","timestamp":"2026-09-18T15:44:13.561844+00:00","stage":"s1","message_key":"training.step","message_args":{"step":148,"total":500},"current":148,"total":500}
{"protocol_version":1,"job_id":"a91ce9b9-71cd-436a-b0e2-c4e6573e419e","type":"stage_progress","timestamp":"2026-09-18T15:44:14.241906+00:00","stage":"s1","message_key":"training.step","message_args":{"step":149,"total":500},"current":149,"total":500}
{"protocol_version":1,"job_id":"a91ce9b9-71cd-436a-b0e2-c4e6573e419e","type":"stage_progress","timestamp":"2026-09-18T15:44:14.943324+00:00","stage":"s1","message_key":"training.step","message_args":{"step":150,"total":500},"current":150,"total":500}
{"protocol_version":1,"job_id":"a91ce9b9-71cd-436a-b0e2-c4e6573e419e","type":"stage_progress","timestamp":"2026-09-18T15:44:15.594910+00:00","stage":"s1","message_key":"training.step","message_args":{"step":151,"total":500},"current":151,"total":500}
{"protocol_version":1,"job_id":"a91ce9b9-71cd-436a-b0e2-c4e6573e419e","type":"stage_progress","timestamp":"2026-09-18T15:44:16.268386+00:00","stage":"s1","message_key":"training.step","message_args":{"step":152,"total":500},"current":152,"total":500}
{"protocol_version":1,"job_id":"a91ce9b9-71cd-436a-b0e2-c4e6573e419e","type":"stage_progress","timestamp":"2026-09-18T15:44:16.937660+00:00","stage":"s1","message_key":"training.step","message_args":{"step":153,"total":500},"current":153,"total":500}
{"protocol_version":1,"job_id":"a91ce9b9-71cd-436a-b0e2-c4e6573e419e","type":"stage_progress","timestamp":"2026-09-18T15:44:17.628168+00:00","stage":"s1","message_key":"training.step","message_args":{"step":154,"total":500},"current":154,"total":500}
{"protocol_version":1,"job_id":"a91ce9b9-71cd-436a-b0e2-c4e6573e419e","type":"stage_progress","timestamp":"2026-09-18T15:44:18.311699+00:00","stage":"s1","message_key":"training.step","message_args":{"step":155,"total":500},"current":155,"total":500}
{"protocol_version":1,"job_id":"a91ce9b9-71cd-436a-b0e2-c4e6573e419e","type":"stage_progress","timestamp":"2026-09-18T15:44:18.985563+00:00","stage":"s1","message_key":"training.step","message_args":{"step":156,"total":500},"current":156,"total":500}
{"protocol_version":1,"job_id":"a91ce9b9-71cd-436a-b0e2-c4e6573e419e","type":"stage_progress","timestamp":"2026-09-18T15:44:19.634946+00:00","stage":"s1","message_key":"training.step","message_args":{"step":157,"total":500},"current":157,"total":500}
{"protocol_version":1,"job_id":"a91ce9b9-71cd-436a-b0e2-c4e6573e419e","type":"stage_progress","timestamp":"2026-09-18T15:44:20.334024+00:00","stage":"s1","message_key":"training.step","message_args":{"step":158,"total":500},"current":158,"total":500}
{"protocol_version":1,"job_id":"a91ce9b9-71cd-436a-b0e2-c4e6573e419e","type":"stage_progress","timestamp":"2026-09-18T15:44:21.040124+00:00","stage":"s1","message_key":"training.step","message_args":{"step":159,"total":500},"current":159,"total":500}
{"protocol_version":1,"job_id":"a91ce9b9-71cd-436a-b0e2-c4e6573e419e","type":"stage_progress","timestamp":"2026-09-18T15:44:21.756763+00:00","stage":"s1","message_key":"training.step","message_args":{"step":160,"total":500},"current":160,"total":500}
{"protocol_version":1,"job_id":"a91ce9b9-71cd-436a-b0e2-c4e6573e419e","type":"stage_progress","timestamp":"2026-09-18T15:44:22.431972+00:00","stage":"s1","message_key":"training.step","message_args":{"step":161,"total":500},"current":161,"total":500}
{"protocol_version":1,"job_id":"a91ce9b9-71cd-436a-b0e2-c4e6573e419e","type":"stage_progress","timestamp":"2026-09-18T15:44:23.081742+00:00","stage":"s1","message_key":"training.step","message_args":{"step":162,"total":500},"current":162,"total":500}
{"protocol_version":1,"job_id":"a91ce9b9-71cd-436a-b0e2-c4e6573e419e","type":"stage_progress","timestamp":"2026-09-18T15:44:23.730239+00:00","stage":"s1","message_key":"training.step","message_args":{"step":163,"total":500},"current":163,"total":500}
{"protocol_version":1,"job_id":"a91ce9b9-71cd-436a-b0e2-c4e6573e419e","type":"stage_progress","timestamp":"2026-09-18T15:44:24.417616+00:00","stage":"s1","message_key":"training.step","message_args":{"step":164,"total":500},"current":164,"total":500}
{"protocol_version":1,"job_id":"a91ce9b9-71cd-436a-b0e2-c4e6573e419e","type":"stage_progress","timestamp":"2026-09-18T15:44:25.107776+00:00","stage":"s1","message_key":"training.step","message_args":{"step":165,"total":500},"current":165,"total":500}
{"protocol_version":1,"job_id":"a91ce9b9-71cd-436a-b0e2-c4e6573e419e","type":"stage_progress","timestamp":"2026-09-18T15:44:25.765517+00:00","stage":"s1","message_key":"training.step","message_args":{"step":166,"total":500},"current":166,"total":500}
{"protocol_version":1,"job_id":"a91ce9b9-71cd-436a-b0e2-c4e6573e419e","type":"stage_progress","timestamp":"2026-09-18T15:44:26.412186+00:00","stage":"s1","message_key":"training.step","message_args":{"step":167,"total":500},"current":167,"total":500}
{"protocol_version":1,"job_id":"a91ce9b9-71cd-436a-b0e2-c4e6573e419e","type":"stage_progress","timestamp":"2026-09-18T15:44:27.069944+00:00","stage":"s1","message_key":"training.step","message_args":{"step":168,"total":500},"current":168,"total":500}
{"protocol_version":1,"job_id":"a91ce9b9-71cd-436a-b0e2-c4e6573e419e","type":"stage_progress","timestamp":"2026-09-18T15:44:27.738106+00:00","stage":"s1","message_key":"training.step","message_args":{"step":169,"total":500},"current":169,"total":500}
{"protocol_version":1,"job_id":"a91ce9b9-71cd-436a-b0e2-c4e6573e419e","type":"stage_progress","timestamp":"2026-09-18T15:44:28.432671+00:00","stage":"s1","message_key":"training.step","message_args":{"step":170,"total":500},"current":170,"total":500}
{"protocol_version":1,"job_id":"a91ce9b9-71cd-436a-b0e2-c4e6573e419e","type":"stage_progress","timestamp":"2026-09-18T15:44:29.118679+00:00","stage":"s1","message_key":"training.step","message_args":{"step":171,"total":500},"current":171,"total":500}
{"protocol_version":1,"job_id":"a91ce9b9-71cd-436a-b0e2-c4e6573e419e","type":"stage_progress","timestamp":"2026-09-18T15:44:29.806670+00:00","stage":"s1","message_key":"training.step","message_args":{"step":172,"total":500},"current":172,"total":500}
{"protocol_version":1,"job_id":"a91ce9b9-71cd-436a-b0e2-c4e6573e419e","type":"stage_progress","timestamp":"2026-09-18T15:44:30.449930+00:00","stage":"s1","message_key":"training.step","message_args":{"step":173,"total":500},"current":173,"total":500}
{"protocol_version":1,"job_id":"a91ce9b9-71cd-436a-b0e2-c4e6573e419e","type":"stage_progress","timestamp":"2026-09-18T15:44:31.116925+00:00","stage":"s1","message_key":"training.step","message_args":{"step":174,"total":500},"current":174,"total":500}
{"protocol_version":1,"job_id":"a91ce9b9-71cd-436a-b0e2-c4e6573e419e","type":"stage_progress","timestamp":"2026-09-18T15:44:31.797969+00:00","stage":"s1","message_key":"training.step","message_args":{"step":175,"total":500},"current":175,"total":500}
{"protocol_version":1,"job_id":"a91ce9b9-71cd-436a-b0e2-c4e6573e419e","type":"stage_progress","timestamp":"2026-09-18T15:44:32.481097+00:00","stage":"s1","message_key":"training.step","message_args":{"step":176,"total":500},"current":176,"total":500}
{"protocol_version":1,"job_id":"a91ce9b9-71cd-436a-b0e2-c4e6573e419e","type":"stage_progress","timestamp":"2026-09-18T15:44:33.161845+00:00","stage":"s1","message_key":"training.step","message_args":{"step":177,"total":500},"current":177,"total":500}
{"protocol_version":1,"job_id":"a91ce9b9-71cd-436a-b0e2-c4e6573e419e","type":"stage_progress","timestamp":"2026-09-18T15:44:33.866017+00:00","stage":"s1","message_key":"training.step","message_args":{"step":178,"total":500},"current":178,"total":500}
{"protocol_version":1,"job_id":"a91ce9b9-71cd-436a-b0e2-c4e6573e419e","type":"stage_progress","timestamp":"2026-09-18T15:44:34.522114+00:00","stage":"s1","message_key":"training.step","message_args":{"step":179,"total":500},"current":179,"total":500}
{"protocol_version":1,"job_id":"a91ce9b9-71cd-436a-b0e2-c4e6573e419e","type":"stage_progress","timestamp":"2026-09-18T15:44:35.174301+00:00","stage":"s1","message_key":"training.step","message_args":{"step":180,"total":500},"current":180,"total":500}
{"protocol_version":1,"job_id":"a91ce9b9-71cd-436a-b0e2-c4e6573e419e","type":"stage_progress","timestamp":"2026-09-18T15:44:35.811302+00:00","stage":"s1","message_key":"training.step","message_args":{"step":181,"total":500},"current":181,"total":500}
{"protocol_version":1,"job_id":"a91ce9b9-71cd-436a-b0e2-c4e6573e419e","type":"stage_progress","timestamp":"2026-09-18T15:44:36.559247+00:00","stage":"s1","message_key":"training.step","message_args":{"step":182,"total":500},"current":182,"total":500}
{"protocol_version":1,"job_id":"a91ce9b9-71cd-436a-b0e2-c4e6573e419e","type":"stage_progress","timestamp":"2026-09-18T15:44:37.280340+00:00","stage":"s1","message_key":"training.step","message_args":{"step":183,"total":500},"current":183,"total":500}
{"protocol_version":1,"job_id":"a91ce9b9-71cd-436a-b0e2-c4e6573e419e","type":"stage_progress","timestamp":"2026-09-18T15:44:37.930012+00:00","stage":"s1","message_key":"training.step","message_args":{"step":184,"total":500},"current":184,"total":500}
{"protocol_version":1,"job_id":"a91ce9b9-71cd-436a-b0e2-c4e6573e419e","type":"stage_progress","timestamp":"2026-09-18T15:44:38.577375+00:00","stage":"s1","message_key":"training.step","message_args":{"step":185,"total":500},"current":185,"total":500}
{"protocol_version":1,"job_id":"a91ce9b9-71cd-436a-b0e2-c4e6573e419e","type":"stage_progress","timestamp":"2026-09-18T15:44:39.227881+00:00","stage":"s1","message_key":"training.step","message_args":{"step":186,"total":500},"current":186,"total":500}
{"protocol_version":1,"job_id":"a91ce9b9-71cd-436a-b0e2-c4e6573e419e","type":"stage_progress","timestamp":"2026-09-18T15:44:39.936353+00:00","stage":"s1","message_key":"training.step","message_args":{"step":187,"total":500},"current":187,"total":500}
{"protocol_version":1,"job_id":"a91ce9b9-71cd-436a-b0e2-c4e6573e419e","type":"stage_progress","timestamp":"2026-09-18T15:44:40.584327+00:00","stage":"s1","message_key":"training.step","message_args":{"step":188,"total":500},"current":188,"total":500}
{"protocol_version":1,"job_id":"a91ce9b9-71cd-436a-b0e2-c4e6573e419e","type":"stage_progress","timestamp":"2026-09-18T15:44:41.250502+00:00","stage":"s1","message_key":"training.step","message_args":{"step":189,"total":500},"current":189,"total":500}
{"protocol_version":1,"job_id":"a91ce9b9-71cd-436a-b0e2-c4e6573e419e","type":"stage_progress","timestamp":"2026-09-18T15:44:41.942344+00:00","stage":"s1","message_key":"training.step","message_args":{"step":190,"total":500},"current":190,"total":500}
{"protocol_version":1,"job_id":"a91ce9b9-71cd-436a-b0e2-c4e6573e419e","type":"stage_progress","timestamp":"2026-09-18T15:44:42.640317+00:00","stage":"s1","message_key":"training.step","message_args":{"step":191,"total":500},"current":191,"total":500}
{"protocol_version":1,"job_id":"a91ce9b9-71cd-436a-b0e2-c4e6573e419e","type":"stage_progress","timestamp":"2026-09-18T15:44:43.339079+00:00","stage":"s1","message_key":"training.step","message_args":{"step":192,"total":500},"current":192,"total":500}
{"protocol_version":1,"job_id":"a91ce9b9-71cd-436a-b0e2-c4e6573e419e","type":"stage_progress","timestamp":"2026-09-18T15:44:44.100227+00:00","stage":"s1","message_key":"training.step","message_args":{"step":193,"total":500},"current":193,"total":500}
{"protocol_version":1,"job_id":"a91ce9b9-71cd-436a-b0e2-c4e6573e419e","type":"stage_progress","timestamp":"2026-09-18T15:44:44.754665+00:00","stage":"s1","message_key":"training.step","message_args":{"step":194,"total":500},"current":194,"total":500}
{"protocol_version":1,"job_id":"a91ce9b9-71cd-436a-b0e2-c4e6573e419e","type":"stage_progress","timestamp":"2026-09-18T15:44:45.397250+00:00","stage":"s1","message_key":"training.step","message_args":{"step":195,"total":500},"current":195,"total":500}
{"protocol_version":1,"job_id":"a91ce9b9-71cd-436a-b0e2-c4e6573e419e","type":"stage_progress","timestamp":"2026-09-18T15:44:46.143230+00:00","stage":"s1","message_key":"training.step","message_args":{"step":196,"total":500},"current":196,"total":500}
{"protocol_version":1,"job_id":"a91ce9b9-71cd-436a-b0e2-c4e6573e419e","type":"stage_progress","timestamp":"2026-09-18T15:44:46.993891+00:00","stage":"s1","message_key":"training.step","message_args":{"step":197,"total":500},"current":197,"total":500}
{"protocol_version":1,"job_id":"a91ce9b9-71cd-436a-b0e2-c4e6573e419e","type":"stage_progress","timestamp":"2026-09-18T15:44:47.745568+00:00","stage":"s1","message_key":"training.step","message_args":{"step":198,"total":500},"current":198,"total":500}
{"protocol_version":1,"job_id":"a91ce9b9-71cd-436a-b0e2-c4e6573e419e","type":"stage_progress","timestamp":"2026-09-18T15:44:48.430840+00:00","stage":"s1","message_key":"training.step","message_args":{"step":199,"total":500},"current":199,"total":500}
{"protocol_version":1,"job_id":"a91ce9b9-71cd-436a-b0e2-c4e6573e419e","type":"stage_progress","timestamp":"2026-09-18T15:44:49.124208+00:00","stage":"s1","message_key":"training.step","message_args":{"step":200,"total":500},"current":200,"total":500}
{"protocol_version":1,"job_id":"a91ce9b9-71cd-436a-b0e2-c4e6573e419e","type":"checkpoint","timestamp":"2026-09-18T15:44:50.273240+00:00","stage":"s1","artifacts":[{"type":"checkpoint","path":"D:\\AI-Training\\voice-clone\\voice-pipeline\\voice-pipeline\\runs\\Lucy\\training\\s1\\checkpoints\\step-00000200.pt"}]}
{"protocol_version":1,"job_id":"a91ce9b9-71cd-436a-b0e2-c4e6573e419e","type":"stage_progress","timestamp":"2026-09-18T15:44:50.595201+00:00","stage":"s1","message_key":"training.step","message_args":{"step":201,"total":500},"current":201,"total":500}
{"protocol_version":1,"job_id":"a91ce9b9-71cd-436a-b0e2-c4e6573e419e","type":"stage_progress","timestamp":"2026-09-18T15:44:50.976206+00:00","stage":"s1","message_key":"training.step","message_args":{"step":202,"total":500},"current":202,"total":500}
{"protocol_version":1,"job_id":"a91ce9b9-71cd-436a-b0e2-c4e6573e419e","type":"stage_progress","timestamp":"2026-09-18T15:44:51.289099+00:00","stage":"s1","message_key":"training.step","message_args":{"step":203,"total":500},"current":203,"total":500}
{"protocol_version":1,"job_id":"a91ce9b9-71cd-436a-b0e2-c4e6573e419e","type":"stage_progress","timestamp":"2026-09-18T15:44:51.600728+00:00","stage":"s1","message_key":"training.step","message_args":{"step":204,"total":500},"current":204,"total":500}
{"protocol_version":1,"job_id":"a91ce9b9-71cd-436a-b0e2-c4e6573e419e","type":"stage_progress","timestamp":"2026-09-18T15:44:51.933052+00:00","stage":"s1","message_key":"training.step","message_args":{"step":205,"total":500},"current":205,"total":500}
{"protocol_version":1,"job_id":"a91ce9b9-71cd-436a-b0e2-c4e6573e419e","type":"stage_progress","timestamp":"2026-09-18T15:44:52.316192+00:00","stage":"s1","message_key":"training.step","message_args":{"step":206,"total":500},"current":206,"total":500}
{"protocol_version":1,"job_id":"a91ce9b9-71cd-436a-b0e2-c4e6573e419e","type":"stage_progress","timestamp":"2026-09-18T15:44:52.615278+00:00","stage":"s1","message_key":"training.step","message_args":{"step":207,"total":500},"current":207,"total":500}
{"protocol_version":1,"job_id":"a91ce9b9-71cd-436a-b0e2-c4e6573e419e","type":"stage_progress","timestamp":"2026-09-18T15:44:52.923560+00:00","stage":"s1","message_key":"training.step","message_args":{"step":208,"total":500},"current":208,"total":500}
{"protocol_version":1,"job_id":"a91ce9b9-71cd-436a-b0e2-c4e6573e419e","type":"stage_progress","timestamp":"2026-09-18T15:44:53.250099+00:00","stage":"s1","message_key":"training.step","message_args":{"step":209,"total":500},"current":209,"total":500}
{"protocol_version":1,"job_id":"a91ce9b9-71cd-436a-b0e2-c4e6573e419e","type":"stage_progress","timestamp":"2026-09-18T15:44:53.630824+00:00","stage":"s1","message_key":"training.step","message_args":{"step":210,"total":500},"current":210,"total":500}
{"protocol_version":1,"job_id":"a91ce9b9-71cd-436a-b0e2-c4e6573e419e","type":"stage_progress","timestamp":"2026-09-18T15:44:54.259163+00:00","stage":"s1","message_key":"training.step","message_args":{"step":211,"total":500},"current":211,"total":500}
{"protocol_version":1,"job_id":"a91ce9b9-71cd-436a-b0e2-c4e6573e419e","type":"stage_progress","timestamp":"2026-09-18T15:44:54.893399+00:00","stage":"s1","message_key":"training.step","message_args":{"step":212,"total":500},"current":212,"total":500}
{"protocol_version":1,"job_id":"a91ce9b9-71cd-436a-b0e2-c4e6573e419e","type":"stage_progress","timestamp":"2026-09-18T15:44:55.501116+00:00","stage":"s1","message_key":"training.step","message_args":{"step":213,"total":500},"current":213,"total":500}
{"protocol_version":1,"job_id":"a91ce9b9-71cd-436a-b0e2-c4e6573e419e","type":"stage_progress","timestamp":"2026-09-18T15:44:56.110850+00:00","stage":"s1","message_key":"training.step","message_args":{"step":214,"total":500},"current":214,"total":500}
{"protocol_version":1,"job_id":"a91ce9b9-71cd-436a-b0e2-c4e6573e419e","type":"stage_progress","timestamp":"2026-09-18T15:44:56.702473+00:00","stage":"s1","message_key":"training.step","message_args":{"step":215,"total":500},"current":215,"total":500}
{"protocol_version":1,"job_id":"a91ce9b9-71cd-436a-b0e2-c4e6573e419e","type":"stage_progress","timestamp":"2026-09-18T15:44:57.298126+00:00","stage":"s1","message_key":"training.step","message_args":{"step":216,"total":500},"current":216,"total":500}
{"protocol_version":1,"job_id":"a91ce9b9-71cd-436a-b0e2-c4e6573e419e","type":"stage_progress","timestamp":"2026-09-18T15:44:57.909792+00:00","stage":"s1","message_key":"training.step","message_args":{"step":217,"total":500},"current":217,"total":500}
{"protocol_version":1,"job_id":"a91ce9b9-71cd-436a-b0e2-c4e6573e419e","type":"stage_progress","timestamp":"2026-09-18T15:44:58.652579+00:00","stage":"s1","message_key":"training.step","message_args":{"step":218,"total":500},"current":218,"total":500}
{"protocol_version":1,"job_id":"a91ce9b9-71cd-436a-b0e2-c4e6573e419e","type":"stage_progress","timestamp":"2026-09-18T15:44:59.287501+00:00","stage":"s1","message_key":"training.step","message_args":{"step":219,"total":500},"current":219,"total":500}
{"protocol_version":1,"job_id":"a91ce9b9-71cd-436a-b0e2-c4e6573e419e","type":"stage_progress","timestamp":"2026-09-18T15:44:59.924007+00:00","stage":"s1","message_key":"training.step","message_args":{"step":220,"total":500},"current":220,"total":500}
{"protocol_version":1,"job_id":"a91ce9b9-71cd-436a-b0e2-c4e6573e419e","type":"stage_progress","timestamp":"2026-09-18T15:45:00.533499+00:00","stage":"s1","message_key":"training.step","message_args":{"step":221,"total":500},"current":221,"total":500}
{"protocol_version":1,"job_id":"a91ce9b9-71cd-436a-b0e2-c4e6573e419e","type":"stage_progress","timestamp":"2026-09-18T15:45:01.211067+00:00","stage":"s1","message_key":"training.step","message_args":{"step":222,"total":500},"current":222,"total":500}
{"protocol_version":1,"job_id":"a91ce9b9-71cd-436a-b0e2-c4e6573e419e","type":"stage_progress","timestamp":"2026-09-18T15:45:01.835807+00:00","stage":"s1","message_key":"training.step","message_args":{"step":223,"total":500},"current":223,"total":500}
{"protocol_version":1,"job_id":"a91ce9b9-71cd-436a-b0e2-c4e6573e419e","type":"stage_progress","timestamp":"2026-09-18T15:45:02.462582+00:00","stage":"s1","message_key":"training.step","message_args":{"step":224,"total":500},"current":224,"total":500}
{"protocol_version":1,"job_id":"a91ce9b9-71cd-436a-b0e2-c4e6573e419e","type":"stage_progress","timestamp":"2026-09-18T15:45:03.066795+00:00","stage":"s1","message_key":"training.step","message_args":{"step":225,"total":500},"current":225,"total":500}
{"protocol_version":1,"job_id":"a91ce9b9-71cd-436a-b0e2-c4e6573e419e","type":"stage_progress","timestamp":"2026-09-18T15:45:03.693957+00:00","stage":"s1","message_key":"training.step","message_args":{"step":226,"total":500},"current":226,"total":500}
{"protocol_version":1,"job_id":"a91ce9b9-71cd-436a-b0e2-c4e6573e419e","type":"stage_progress","timestamp":"2026-09-18T15:45:04.299668+00:00","stage":"s1","message_key":"training.step","message_args":{"step":227,"total":500},"current":227,"total":500}
{"protocol_version":1,"job_id":"a91ce9b9-71cd-436a-b0e2-c4e6573e419e","type":"stage_progress","timestamp":"2026-09-18T15:45:04.907460+00:00","stage":"s1","message_key":"training.step","message_args":{"step":228,"total":500},"current":228,"total":500}
{"protocol_version":1,"job_id":"a91ce9b9-71cd-436a-b0e2-c4e6573e419e","type":"stage_progress","timestamp":"2026-09-18T15:45:05.514084+00:00","stage":"s1","message_key":"training.step","message_args":{"step":229,"total":500},"current":229,"total":500}
{"protocol_version":1,"job_id":"a91ce9b9-71cd-436a-b0e2-c4e6573e419e","type":"stage_progress","timestamp":"2026-09-18T15:45:06.308017+00:00","stage":"s1","message_key":"training.step","message_args":{"step":230,"total":500},"current":230,"total":500}
{"protocol_version":1,"job_id":"a91ce9b9-71cd-436a-b0e2-c4e6573e419e","type":"stage_progress","timestamp":"2026-09-18T15:45:06.937110+00:00","stage":"s1","message_key":"training.step","message_args":{"step":231,"total":500},"current":231,"total":500}
{"protocol_version":1,"job_id":"a91ce9b9-71cd-436a-b0e2-c4e6573e419e","type":"stage_progress","timestamp":"2026-09-18T15:45:07.560637+00:00","stage":"s1","message_key":"training.step","message_args":{"step":232,"total":500},"current":232,"total":500}
{"protocol_version":1,"job_id":"a91ce9b9-71cd-436a-b0e2-c4e6573e419e","type":"stage_progress","timestamp":"2026-09-18T15:45:08.206881+00:00","stage":"s1","message_key":"training.step","message_args":{"step":233,"total":500},"current":233,"total":500}
{"protocol_version":1,"job_id":"a91ce9b9-71cd-436a-b0e2-c4e6573e419e","type":"stage_progress","timestamp":"2026-09-18T15:45:08.827626+00:00","stage":"s1","message_key":"training.step","message_args":{"step":234,"total":500},"current":234,"total":500}
{"protocol_version":1,"job_id":"a91ce9b9-71cd-436a-b0e2-c4e6573e419e","type":"stage_progress","timestamp":"2026-09-18T15:45:09.469809+00:00","stage":"s1","message_key":"training.step","message_args":{"step":235,"total":500},"current":235,"total":500}
{"protocol_version":1,"job_id":"a91ce9b9-71cd-436a-b0e2-c4e6573e419e","type":"stage_progress","timestamp":"2026-09-18T15:45:10.070417+00:00","stage":"s1","message_key":"training.step","message_args":{"step":236,"total":500},"current":236,"total":500}
{"protocol_version":1,"job_id":"a91ce9b9-71cd-436a-b0e2-c4e6573e419e","type":"stage_progress","timestamp":"2026-09-18T15:45:10.666692+00:00","stage":"s1","message_key":"training.step","message_args":{"step":237,"total":500},"current":237,"total":500}
{"protocol_version":1,"job_id":"a91ce9b9-71cd-436a-b0e2-c4e6573e419e","type":"stage_progress","timestamp":"2026-09-18T15:45:11.280564+00:00","stage":"s1","message_key":"training.step","message_args":{"step":238,"total":500},"current":238,"total":500}
{"protocol_version":1,"job_id":"a91ce9b9-71cd-436a-b0e2-c4e6573e419e","type":"stage_progress","timestamp":"2026-09-18T15:45:11.881498+00:00","stage":"s1","message_key":"training.step","message_args":{"step":239,"total":500},"current":239,"total":500}
{"protocol_version":1,"job_id":"a91ce9b9-71cd-436a-b0e2-c4e6573e419e","type":"stage_progress","timestamp":"2026-09-18T15:45:12.700429+00:00","stage":"s1","message_key":"training.step","message_args":{"step":240,"total":500},"current":240,"total":500}
{"protocol_version":1,"job_id":"a91ce9b9-71cd-436a-b0e2-c4e6573e419e","type":"stage_progress","timestamp":"2026-09-18T15:45:13.312707+00:00","stage":"s1","message_key":"training.step","message_args":{"step":241,"total":500},"current":241,"total":500}
{"protocol_version":1,"job_id":"a91ce9b9-71cd-436a-b0e2-c4e6573e419e","type":"stage_progress","timestamp":"2026-09-18T15:45:13.910961+00:00","stage":"s1","message_key":"training.step","message_args":{"step":242,"total":500},"current":242,"total":500}
{"protocol_version":1,"job_id":"a91ce9b9-71cd-436a-b0e2-c4e6573e419e","type":"stage_progress","timestamp":"2026-09-18T15:45:14.511333+00:00","stage":"s1","message_key":"training.step","message_args":{"step":243,"total":500},"current":243,"total":500}
{"protocol_version":1,"job_id":"a91ce9b9-71cd-436a-b0e2-c4e6573e419e","type":"stage_progress","timestamp":"2026-09-18T15:45:15.115693+00:00","stage":"s1","message_key":"training.step","message_args":{"step":244,"total":500},"current":244,"total":500}
{"protocol_version":1,"job_id":"a91ce9b9-71cd-436a-b0e2-c4e6573e419e","type":"stage_progress","timestamp":"2026-09-18T15:45:15.713732+00:00","stage":"s1","message_key":"training.step","message_args":{"step":245,"total":500},"current":245,"total":500}
{"protocol_version":1,"job_id":"a91ce9b9-71cd-436a-b0e2-c4e6573e419e","type":"stage_progress","timestamp":"2026-09-18T15:45:16.324294+00:00","stage":"s1","message_key":"training.step","message_args":{"step":246,"total":500},"current":246,"total":500}
{"protocol_version":1,"job_id":"a91ce9b9-71cd-436a-b0e2-c4e6573e419e","type":"stage_progress","timestamp":"2026-09-18T15:45:16.919691+00:00","stage":"s1","message_key":"training.step","message_args":{"step":247,"total":500},"current":247,"total":500}
{"protocol_version":1,"job_id":"a91ce9b9-71cd-436a-b0e2-c4e6573e419e","type":"stage_progress","timestamp":"2026-09-18T15:45:17.524510+00:00","stage":"s1","message_key":"training.step","message_args":{"step":248,"total":500},"current":248,"total":500}
{"protocol_version":1,"job_id":"a91ce9b9-71cd-436a-b0e2-c4e6573e419e","type":"stage_progress","timestamp":"2026-09-18T15:45:18.127679+00:00","stage":"s1","message_key":"training.step","message_args":{"step":249,"total":500},"current":249,"total":500}
{"protocol_version":1,"job_id":"a91ce9b9-71cd-436a-b0e2-c4e6573e419e","type":"stage_progress","timestamp":"2026-09-18T15:45:18.751347+00:00","stage":"s1","message_key":"training.step","message_args":{"step":250,"total":500},"current":250,"total":500}
{"protocol_version":1,"job_id":"a91ce9b9-71cd-436a-b0e2-c4e6573e419e","type":"stage_progress","timestamp":"2026-09-18T15:45:19.351954+00:00","stage":"s1","message_key":"training.step","message_args":{"step":251,"total":500},"current":251,"total":500}
{"protocol_version":1,"job_id":"a91ce9b9-71cd-436a-b0e2-c4e6573e419e","type":"stage_progress","timestamp":"2026-09-18T15:45:19.940504+00:00","stage":"s1","message_key":"training.step","message_args":{"step":252,"total":500},"current":252,"total":500}
{"protocol_version":1,"job_id":"a91ce9b9-71cd-436a-b0e2-c4e6573e419e","type":"stage_progress","timestamp":"2026-09-18T15:45:20.544154+00:00","stage":"s1","message_key":"training.step","message_args":{"step":253,"total":500},"current":253,"total":500}
{"protocol_version":1,"job_id":"a91ce9b9-71cd-436a-b0e2-c4e6573e419e","type":"stage_progress","timestamp":"2026-09-18T15:45:21.186892+00:00","stage":"s1","message_key":"training.step","message_args":{"step":254,"total":500},"current":254,"total":500}
{"protocol_version":1,"job_id":"a91ce9b9-71cd-436a-b0e2-c4e6573e419e","type":"stage_progress","timestamp":"2026-09-18T15:45:21.791978+00:00","stage":"s1","message_key":"training.step","message_args":{"step":255,"total":500},"current":255,"total":500}
{"protocol_version":1,"job_id":"a91ce9b9-71cd-436a-b0e2-c4e6573e419e","type":"stage_progress","timestamp":"2026-09-18T15:45:22.394119+00:00","stage":"s1","message_key":"training.step","message_args":{"step":256,"total":500},"current":256,"total":500}
{"protocol_version":1,"job_id":"a91ce9b9-71cd-436a-b0e2-c4e6573e419e","type":"stage_progress","timestamp":"2026-09-18T15:45:23.009205+00:00","stage":"s1","message_key":"training.step","message_args":{"step":257,"total":500},"current":257,"total":500}
{"protocol_version":1,"job_id":"a91ce9b9-71cd-436a-b0e2-c4e6573e419e","type":"stage_progress","timestamp":"2026-09-18T15:45:23.623248+00:00","stage":"s1","message_key":"training.step","message_args":{"step":258,"total":500},"current":258,"total":500}
{"protocol_version":1,"job_id":"a91ce9b9-71cd-436a-b0e2-c4e6573e419e","type":"stage_progress","timestamp":"2026-09-18T15:45:24.217216+00:00","stage":"s1","message_key":"training.step","message_args":{"step":259,"total":500},"current":259,"total":500}
{"protocol_version":1,"job_id":"a91ce9b9-71cd-436a-b0e2-c4e6573e419e","type":"stage_progress","timestamp":"2026-09-18T15:45:24.808945+00:00","stage":"s1","message_key":"training.step","message_args":{"step":260,"total":500},"current":260,"total":500}
{"protocol_version":1,"job_id":"a91ce9b9-71cd-436a-b0e2-c4e6573e419e","type":"stage_progress","timestamp":"2026-09-18T15:45:25.404742+00:00","stage":"s1","message_key":"training.step","message_args":{"step":261,"total":500},"current":261,"total":500}
{"protocol_version":1,"job_id":"a91ce9b9-71cd-436a-b0e2-c4e6573e419e","type":"stage_progress","timestamp":"2026-09-18T15:45:26.018063+00:00","stage":"s1","message_key":"training.step","message_args":{"step":262,"total":500},"current":262,"total":500}
{"protocol_version":1,"job_id":"a91ce9b9-71cd-436a-b0e2-c4e6573e419e","type":"stage_progress","timestamp":"2026-09-18T15:45:26.619853+00:00","stage":"s1","message_key":"training.step","message_args":{"step":263,"total":500},"current":263,"total":500}
{"protocol_version":1,"job_id":"a91ce9b9-71cd-436a-b0e2-c4e6573e419e","type":"stage_progress","timestamp":"2026-09-18T15:45:27.226874+00:00","stage":"s1","message_key":"training.step","message_args":{"step":264,"total":500},"current":264,"total":500}
{"protocol_version":1,"job_id":"a91ce9b9-71cd-436a-b0e2-c4e6573e419e","type":"stage_progress","timestamp":"2026-09-18T15:45:27.831596+00:00","stage":"s1","message_key":"training.step","message_args":{"step":265,"total":500},"current":265,"total":500}
{"protocol_version":1,"job_id":"a91ce9b9-71cd-436a-b0e2-c4e6573e419e","type":"stage_progress","timestamp":"2026-09-18T15:45:28.449904+00:00","stage":"s1","message_key":"training.step","message_args":{"step":266,"total":500},"current":266,"total":500}
{"protocol_version":1,"job_id":"a91ce9b9-71cd-436a-b0e2-c4e6573e419e","type":"stage_progress","timestamp":"2026-09-18T15:45:29.043355+00:00","stage":"s1","message_key":"training.step","message_args":{"step":267,"total":500},"current":267,"total":500}
{"protocol_version":1,"job_id":"a91ce9b9-71cd-436a-b0e2-c4e6573e419e","type":"stage_progress","timestamp":"2026-09-18T15:45:29.647742+00:00","stage":"s1","message_key":"training.step","message_args":{"step":268,"total":500},"current":268,"total":500}
{"protocol_version":1,"job_id":"a91ce9b9-71cd-436a-b0e2-c4e6573e419e","type":"stage_progress","timestamp":"2026-09-18T15:45:30.246451+00:00","stage":"s1","message_key":"training.step","message_args":{"step":269,"total":500},"current":269,"total":500}
{"protocol_version":1,"job_id":"a91ce9b9-71cd-436a-b0e2-c4e6573e419e","type":"stage_progress","timestamp":"2026-09-18T15:45:30.857588+00:00","stage":"s1","message_key":"training.step","message_args":{"step":270,"total":500},"current":270,"total":500}
{"protocol_version":1,"job_id":"a91ce9b9-71cd-436a-b0e2-c4e6573e419e","type":"stage_progress","timestamp":"2026-09-18T15:45:31.451449+00:00","stage":"s1","message_key":"training.step","message_args":{"step":271,"total":500},"current":271,"total":500}
{"protocol_version":1,"job_id":"a91ce9b9-71cd-436a-b0e2-c4e6573e419e","type":"stage_progress","timestamp":"2026-09-18T15:45:32.058668+00:00","stage":"s1","message_key":"training.step","message_args":{"step":272,"total":500},"current":272,"total":500}
{"protocol_version":1,"job_id":"a91ce9b9-71cd-436a-b0e2-c4e6573e419e","type":"stage_progress","timestamp":"2026-09-18T15:45:32.642193+00:00","stage":"s1","message_key":"training.step","message_args":{"step":273,"total":500},"current":273,"total":500}
{"protocol_version":1,"job_id":"a91ce9b9-71cd-436a-b0e2-c4e6573e419e","type":"stage_progress","timestamp":"2026-09-18T15:45:33.258319+00:00","stage":"s1","message_key":"training.step","message_args":{"step":274,"total":500},"current":274,"total":500}
{"protocol_version":1,"job_id":"a91ce9b9-71cd-436a-b0e2-c4e6573e419e","type":"stage_progress","timestamp":"2026-09-18T15:45:33.860219+00:00","stage":"s1","message_key":"training.step","message_args":{"step":275,"total":500},"current":275,"total":500}
{"protocol_version":1,"job_id":"a91ce9b9-71cd-436a-b0e2-c4e6573e419e","type":"stage_progress","timestamp":"2026-09-18T15:45:34.463201+00:00","stage":"s1","message_key":"training.step","message_args":{"step":276,"total":500},"current":276,"total":500}
{"protocol_version":1,"job_id":"a91ce9b9-71cd-436a-b0e2-c4e6573e419e","type":"stage_progress","timestamp":"2026-09-18T15:45:35.058341+00:00","stage":"s1","message_key":"training.step","message_args":{"step":277,"total":500},"current":277,"total":500}
{"protocol_version":1,"job_id":"a91ce9b9-71cd-436a-b0e2-c4e6573e419e","type":"stage_progress","timestamp":"2026-09-18T15:45:35.675926+00:00","stage":"s1","message_key":"training.step","message_args":{"step":278,"total":500},"current":278,"total":500}
{"protocol_version":1,"job_id":"a91ce9b9-71cd-436a-b0e2-c4e6573e419e","type":"stage_progress","timestamp":"2026-09-18T15:45:36.276530+00:00","stage":"s1","message_key":"training.step","message_args":{"step":279,"total":500},"current":279,"total":500}
{"protocol_version":1,"job_id":"a91ce9b9-71cd-436a-b0e2-c4e6573e419e","type":"stage_progress","timestamp":"2026-09-18T15:45:36.874335+00:00","stage":"s1","message_key":"training.step","message_args":{"step":280,"total":500},"current":280,"total":500}
{"protocol_version":1,"job_id":"a91ce9b9-71cd-436a-b0e2-c4e6573e419e","type":"stage_progress","timestamp":"2026-09-18T15:45:37.470412+00:00","stage":"s1","message_key":"training.step","message_args":{"step":281,"total":500},"current":281,"total":500}
{"protocol_version":1,"job_id":"a91ce9b9-71cd-436a-b0e2-c4e6573e419e","type":"stage_progress","timestamp":"2026-09-18T15:45:38.078863+00:00","stage":"s1","message_key":"training.step","message_args":{"step":282,"total":500},"current":282,"total":500}
{"protocol_version":1,"job_id":"a91ce9b9-71cd-436a-b0e2-c4e6573e419e","type":"stage_progress","timestamp":"2026-09-18T15:45:38.680173+00:00","stage":"s1","message_key":"training.step","message_args":{"step":283,"total":500},"current":283,"total":500}
{"protocol_version":1,"job_id":"a91ce9b9-71cd-436a-b0e2-c4e6573e419e","type":"stage_progress","timestamp":"2026-09-18T15:45:39.295469+00:00","stage":"s1","message_key":"training.step","message_args":{"step":284,"total":500},"current":284,"total":500}
{"protocol_version":1,"job_id":"a91ce9b9-71cd-436a-b0e2-c4e6573e419e","type":"stage_progress","timestamp":"2026-09-18T15:45:39.901471+00:00","stage":"s1","message_key":"training.step","message_args":{"step":285,"total":500},"current":285,"total":500}
{"protocol_version":1,"job_id":"a91ce9b9-71cd-436a-b0e2-c4e6573e419e","type":"stage_progress","timestamp":"2026-09-18T15:45:40.515969+00:00","stage":"s1","message_key":"training.step","message_args":{"step":286,"total":500},"current":286,"total":500}
{"protocol_version":1,"job_id":"a91ce9b9-71cd-436a-b0e2-c4e6573e419e","type":"stage_progress","timestamp":"2026-09-18T15:45:41.115332+00:00","stage":"s1","message_key":"training.step","message_args":{"step":287,"total":500},"current":287,"total":500}
{"protocol_version":1,"job_id":"a91ce9b9-71cd-436a-b0e2-c4e6573e419e","type":"stage_progress","timestamp":"2026-09-18T15:45:41.714519+00:00","stage":"s1","message_key":"training.step","message_args":{"step":288,"total":500},"current":288,"total":500}
{"protocol_version":1,"job_id":"a91ce9b9-71cd-436a-b0e2-c4e6573e419e","type":"stage_progress","timestamp":"2026-09-18T15:45:42.313616+00:00","stage":"s1","message_key":"training.step","message_args":{"step":289,"total":500},"current":289,"total":500}
{"protocol_version":1,"job_id":"a91ce9b9-71cd-436a-b0e2-c4e6573e419e","type":"stage_progress","timestamp":"2026-09-18T15:45:42.926325+00:00","stage":"s1","message_key":"training.step","message_args":{"step":290,"total":500},"current":290,"total":500}
{"protocol_version":1,"job_id":"a91ce9b9-71cd-436a-b0e2-c4e6573e419e","type":"stage_progress","timestamp":"2026-09-18T15:45:43.515319+00:00","stage":"s1","message_key":"training.step","message_args":{"step":291,"total":500},"current":291,"total":500}
{"protocol_version":1,"job_id":"a91ce9b9-71cd-436a-b0e2-c4e6573e419e","type":"stage_progress","timestamp":"2026-09-18T15:45:44.112354+00:00","stage":"s1","message_key":"training.step","message_args":{"step":292,"total":500},"current":292,"total":500}
{"protocol_version":1,"job_id":"a91ce9b9-71cd-436a-b0e2-c4e6573e419e","type":"stage_progress","timestamp":"2026-09-18T15:45:44.714835+00:00","stage":"s1","message_key":"training.step","message_args":{"step":293,"total":500},"current":293,"total":500}
{"protocol_version":1,"job_id":"a91ce9b9-71cd-436a-b0e2-c4e6573e419e","type":"stage_progress","timestamp":"2026-09-18T15:45:45.322738+00:00","stage":"s1","message_key":"training.step","message_args":{"step":294,"total":500},"current":294,"total":500}
{"protocol_version":1,"job_id":"a91ce9b9-71cd-436a-b0e2-c4e6573e419e","type":"stage_progress","timestamp":"2026-09-18T15:45:45.914500+00:00","stage":"s1","message_key":"training.step","message_args":{"step":295,"total":500},"current":295,"total":500}
{"protocol_version":1,"job_id":"a91ce9b9-71cd-436a-b0e2-c4e6573e419e","type":"stage_progress","timestamp":"2026-09-18T15:45:46.505472+00:00","stage":"s1","message_key":"training.step","message_args":{"step":296,"total":500},"current":296,"total":500}
{"protocol_version":1,"job_id":"a91ce9b9-71cd-436a-b0e2-c4e6573e419e","type":"stage_progress","timestamp":"2026-09-18T15:45:47.099891+00:00","stage":"s1","message_key":"training.step","message_args":{"step":297,"total":500},"current":297,"total":500}
{"protocol_version":1,"job_id":"a91ce9b9-71cd-436a-b0e2-c4e6573e419e","type":"stage_progress","timestamp":"2026-09-18T15:45:47.712063+00:00","stage":"s1","message_key":"training.step","message_args":{"step":298,"total":500},"current":298,"total":500}
{"protocol_version":1,"job_id":"a91ce9b9-71cd-436a-b0e2-c4e6573e419e","type":"stage_progress","timestamp":"2026-09-18T15:45:48.311054+00:00","stage":"s1","message_key":"training.step","message_args":{"step":299,"total":500},"current":299,"total":500}
{"protocol_version":1,"job_id":"a91ce9b9-71cd-436a-b0e2-c4e6573e419e","type":"stage_progress","timestamp":"2026-09-18T15:45:48.906244+00:00","stage":"s1","message_key":"training.step","message_args":{"step":300,"total":500},"current":300,"total":500}
{"protocol_version":1,"job_id":"a91ce9b9-71cd-436a-b0e2-c4e6573e419e","type":"checkpoint","timestamp":"2026-09-18T15:45:50.733834+00:00","stage":"s1","artifacts":[{"type":"checkpoint","path":"D:\\AI-Training\\voice-clone\\voice-pipeline\\voice-pipeline\\runs\\Lucy\\training\\s1\\checkpoints\\step-00000300.pt"}]}
{"protocol_version":1,"job_id":"a91ce9b9-71cd-436a-b0e2-c4e6573e419e","type":"stage_progress","timestamp":"2026-09-18T15:45:51.357448+00:00","stage":"s1","message_key":"training.step","message_args":{"step":301,"total":500},"current":301,"total":500}
{"protocol_version":1,"job_id":"a91ce9b9-71cd-436a-b0e2-c4e6573e419e","type":"stage_progress","timestamp":"2026-09-18T15:45:51.981964+00:00","stage":"s1","message_key":"training.step","message_args":{"step":302,"total":500},"current":302,"total":500}
{"protocol_version":1,"job_id":"a91ce9b9-71cd-436a-b0e2-c4e6573e419e","type":"stage_progress","timestamp":"2026-09-18T15:45:52.580685+00:00","stage":"s1","message_key":"training.step","message_args":{"step":303,"total":500},"current":303,"total":500}
{"protocol_version":1,"job_id":"a91ce9b9-71cd-436a-b0e2-c4e6573e419e","type":"stage_progress","timestamp":"2026-09-18T15:45:53.197980+00:00","stage":"s1","message_key":"training.step","message_args":{"step":304,"total":500},"current":304,"total":500}
{"protocol_version":1,"job_id":"a91ce9b9-71cd-436a-b0e2-c4e6573e419e","type":"stage_progress","timestamp":"2026-09-18T15:45:53.802461+00:00","stage":"s1","message_key":"training.step","message_args":{"step":305,"total":500},"current":305,"total":500}
{"protocol_version":1,"job_id":"a91ce9b9-71cd-436a-b0e2-c4e6573e419e","type":"stage_progress","timestamp":"2026-09-18T15:45:54.414512+00:00","stage":"s1","message_key":"training.step","message_args":{"step":306,"total":500},"current":306,"total":500}
{"protocol_version":1,"job_id":"a91ce9b9-71cd-436a-b0e2-c4e6573e419e","type":"stage_progress","timestamp":"2026-09-18T15:45:55.029841+00:00","stage":"s1","message_key":"training.step","message_args":{"step":307,"total":500},"current":307,"total":500}
{"protocol_version":1,"job_id":"a91ce9b9-71cd-436a-b0e2-c4e6573e419e","type":"stage_progress","timestamp":"2026-09-18T15:45:55.641553+00:00","stage":"s1","message_key":"training.step","message_args":{"step":308,"total":500},"current":308,"total":500}
{"protocol_version":1,"job_id":"a91ce9b9-71cd-436a-b0e2-c4e6573e419e","type":"stage_progress","timestamp":"2026-09-18T15:45:56.229574+00:00","stage":"s1","message_key":"training.step","message_args":{"step":309,"total":500},"current":309,"total":500}
{"protocol_version":1,"job_id":"a91ce9b9-71cd-436a-b0e2-c4e6573e419e","type":"stage_progress","timestamp":"2026-09-18T15:45:56.832362+00:00","stage":"s1","message_key":"training.step","message_args":{"step":310,"total":500},"current":310,"total":500}
{"protocol_version":1,"job_id":"a91ce9b9-71cd-436a-b0e2-c4e6573e419e","type":"stage_progress","timestamp":"2026-09-18T15:45:57.425575+00:00","stage":"s1","message_key":"training.step","message_args":{"step":311,"total":500},"current":311,"total":500}
{"protocol_version":1,"job_id":"a91ce9b9-71cd-436a-b0e2-c4e6573e419e","type":"stage_progress","timestamp":"2026-09-18T15:45:58.026995+00:00","stage":"s1","message_key":"training.step","message_args":{"step":312,"total":500},"current":312,"total":500}
{"protocol_version":1,"job_id":"a91ce9b9-71cd-436a-b0e2-c4e6573e419e","type":"stage_progress","timestamp":"2026-09-18T15:45:58.621714+00:00","stage":"s1","message_key":"training.step","message_args":{"step":313,"total":500},"current":313,"total":500}
{"protocol_version":1,"job_id":"a91ce9b9-71cd-436a-b0e2-c4e6573e419e","type":"stage_progress","timestamp":"2026-09-18T15:45:59.232202+00:00","stage":"s1","message_key":"training.step","message_args":{"step":314,"total":500},"current":314,"total":500}
{"protocol_version":1,"job_id":"a91ce9b9-71cd-436a-b0e2-c4e6573e419e","type":"stage_progress","timestamp":"2026-09-18T15:45:59.832171+00:00","stage":"s1","message_key":"training.step","message_args":{"step":315,"total":500},"current":315,"total":500}
{"protocol_version":1,"job_id":"a91ce9b9-71cd-436a-b0e2-c4e6573e419e","type":"stage_progress","timestamp":"2026-09-18T15:46:00.441604+00:00","stage":"s1","message_key":"training.step","message_args":{"step":316,"total":500},"current":316,"total":500}
{"protocol_version":1,"job_id":"a91ce9b9-71cd-436a-b0e2-c4e6573e419e","type":"stage_progress","timestamp":"2026-09-18T15:46:01.046944+00:00","stage":"s1","message_key":"training.step","message_args":{"step":317,"total":500},"current":317,"total":500}
{"protocol_version":1,"job_id":"a91ce9b9-71cd-436a-b0e2-c4e6573e419e","type":"stage_progress","timestamp":"2026-09-18T15:46:01.653001+00:00","stage":"s1","message_key":"training.step","message_args":{"step":318,"total":500},"current":318,"total":500}
{"protocol_version":1,"job_id":"a91ce9b9-71cd-436a-b0e2-c4e6573e419e","type":"stage_progress","timestamp":"2026-09-18T15:46:02.256995+00:00","stage":"s1","message_key":"training.step","message_args":{"step":319,"total":500},"current":319,"total":500}
{"protocol_version":1,"job_id":"a91ce9b9-71cd-436a-b0e2-c4e6573e419e","type":"stage_progress","timestamp":"2026-09-18T15:46:02.869081+00:00","stage":"s1","message_key":"training.step","message_args":{"step":320,"total":500},"current":320,"total":500}
{"protocol_version":1,"job_id":"a91ce9b9-71cd-436a-b0e2-c4e6573e419e","type":"stage_progress","timestamp":"2026-09-18T15:46:03.469033+00:00","stage":"s1","message_key":"training.step","message_args":{"step":321,"total":500},"current":321,"total":500}
{"protocol_version":1,"job_id":"a91ce9b9-71cd-436a-b0e2-c4e6573e419e","type":"stage_progress","timestamp":"2026-09-18T15:46:04.086757+00:00","stage":"s1","message_key":"training.step","message_args":{"step":322,"total":500},"current":322,"total":500}
{"protocol_version":1,"job_id":"a91ce9b9-71cd-436a-b0e2-c4e6573e419e","type":"stage_progress","timestamp":"2026-09-18T15:46:04.689363+00:00","stage":"s1","message_key":"training.step","message_args":{"step":323,"total":500},"current":323,"total":500}
{"protocol_version":1,"job_id":"a91ce9b9-71cd-436a-b0e2-c4e6573e419e","type":"stage_progress","timestamp":"2026-09-18T15:46:05.285506+00:00","stage":"s1","message_key":"training.step","message_args":{"step":324,"total":500},"current":324,"total":500}
{"protocol_version":1,"job_id":"a91ce9b9-71cd-436a-b0e2-c4e6573e419e","type":"stage_progress","timestamp":"2026-09-18T15:46:05.884894+00:00","stage":"s1","message_key":"training.step","message_args":{"step":325,"total":500},"current":325,"total":500}
{"protocol_version":1,"job_id":"a91ce9b9-71cd-436a-b0e2-c4e6573e419e","type":"stage_progress","timestamp":"2026-09-18T15:46:06.513894+00:00","stage":"s1","message_key":"training.step","message_args":{"step":326,"total":500},"current":326,"total":500}
{"protocol_version":1,"job_id":"a91ce9b9-71cd-436a-b0e2-c4e6573e419e","type":"stage_progress","timestamp":"2026-09-18T15:46:07.112211+00:00","stage":"s1","message_key":"training.step","message_args":{"step":327,"total":500},"current":327,"total":500}
{"protocol_version":1,"job_id":"a91ce9b9-71cd-436a-b0e2-c4e6573e419e","type":"stage_progress","timestamp":"2026-09-18T15:46:07.712295+00:00","stage":"s1","message_key":"training.step","message_args":{"step":328,"total":500},"current":328,"total":500}
{"protocol_version":1,"job_id":"a91ce9b9-71cd-436a-b0e2-c4e6573e419e","type":"stage_progress","timestamp":"2026-09-18T15:46:08.317377+00:00","stage":"s1","message_key":"training.step","message_args":{"step":329,"total":500},"current":329,"total":500}
{"protocol_version":1,"job_id":"a91ce9b9-71cd-436a-b0e2-c4e6573e419e","type":"stage_progress","timestamp":"2026-09-18T15:46:08.930579+00:00","stage":"s1","message_key":"training.step","message_args":{"step":330,"total":500},"current":330,"total":500}
{"protocol_version":1,"job_id":"a91ce9b9-71cd-436a-b0e2-c4e6573e419e","type":"stage_progress","timestamp":"2026-09-18T15:46:09.531142+00:00","stage":"s1","message_key":"training.step","message_args":{"step":331,"total":500},"current":331,"total":500}
{"protocol_version":1,"job_id":"a91ce9b9-71cd-436a-b0e2-c4e6573e419e","type":"stage_progress","timestamp":"2026-09-18T15:46:10.125680+00:00","stage":"s1","message_key":"training.step","message_args":{"step":332,"total":500},"current":332,"total":500}
{"protocol_version":1,"job_id":"a91ce9b9-71cd-436a-b0e2-c4e6573e419e","type":"stage_progress","timestamp":"2026-09-18T15:46:10.721392+00:00","stage":"s1","message_key":"training.step","message_args":{"step":333,"total":500},"current":333,"total":500}
{"protocol_version":1,"job_id":"a91ce9b9-71cd-436a-b0e2-c4e6573e419e","type":"stage_progress","timestamp":"2026-09-18T15:46:11.322990+00:00","stage":"s1","message_key":"training.step","message_args":{"step":334,"total":500},"current":334,"total":500}
{"protocol_version":1,"job_id":"a91ce9b9-71cd-436a-b0e2-c4e6573e419e","type":"stage_progress","timestamp":"2026-09-18T15:46:11.927031+00:00","stage":"s1","message_key":"training.step","message_args":{"step":335,"total":500},"current":335,"total":500}
{"protocol_version":1,"job_id":"a91ce9b9-71cd-436a-b0e2-c4e6573e419e","type":"stage_progress","timestamp":"2026-09-18T15:46:12.531444+00:00","stage":"s1","message_key":"training.step","message_args":{"step":336,"total":500},"current":336,"total":500}
{"protocol_version":1,"job_id":"a91ce9b9-71cd-436a-b0e2-c4e6573e419e","type":"stage_progress","timestamp":"2026-09-18T15:46:13.125971+00:00","stage":"s1","message_key":"training.step","message_args":{"step":337,"total":500},"current":337,"total":500}
{"protocol_version":1,"job_id":"a91ce9b9-71cd-436a-b0e2-c4e6573e419e","type":"stage_progress","timestamp":"2026-09-18T15:46:13.742257+00:00","stage":"s1","message_key":"training.step","message_args":{"step":338,"total":500},"current":338,"total":500}
{"protocol_version":1,"job_id":"a91ce9b9-71cd-436a-b0e2-c4e6573e419e","type":"stage_progress","timestamp":"2026-09-18T15:46:14.348497+00:00","stage":"s1","message_key":"training.step","message_args":{"step":339,"total":500},"current":339,"total":500}
{"protocol_version":1,"job_id":"a91ce9b9-71cd-436a-b0e2-c4e6573e419e","type":"stage_progress","timestamp":"2026-09-18T15:46:14.954056+00:00","stage":"s1","message_key":"training.step","message_args":{"step":340,"total":500},"current":340,"total":500}
{"protocol_version":1,"job_id":"a91ce9b9-71cd-436a-b0e2-c4e6573e419e","type":"stage_progress","timestamp":"2026-09-18T15:46:15.560402+00:00","stage":"s1","message_key":"training.step","message_args":{"step":341,"total":500},"current":341,"total":500}
{"protocol_version":1,"job_id":"a91ce9b9-71cd-436a-b0e2-c4e6573e419e","type":"stage_progress","timestamp":"2026-09-18T15:46:16.162142+00:00","stage":"s1","message_key":"training.step","message_args":{"step":342,"total":500},"current":342,"total":500}
{"protocol_version":1,"job_id":"a91ce9b9-71cd-436a-b0e2-c4e6573e419e","type":"stage_progress","timestamp":"2026-09-18T15:46:16.766994+00:00","stage":"s1","message_key":"training.step","message_args":{"step":343,"total":500},"current":343,"total":500}
{"protocol_version":1,"job_id":"a91ce9b9-71cd-436a-b0e2-c4e6573e419e","type":"stage_progress","timestamp":"2026-09-18T15:46:17.365049+00:00","stage":"s1","message_key":"training.step","message_args":{"step":344,"total":500},"current":344,"total":500}
{"protocol_version":1,"job_id":"a91ce9b9-71cd-436a-b0e2-c4e6573e419e","type":"stage_progress","timestamp":"2026-09-18T15:46:17.966240+00:00","stage":"s1","message_key":"training.step","message_args":{"step":345,"total":500},"current":345,"total":500}
{"protocol_version":1,"job_id":"a91ce9b9-71cd-436a-b0e2-c4e6573e419e","type":"stage_progress","timestamp":"2026-09-18T15:46:18.584605+00:00","stage":"s1","message_key":"training.step","message_args":{"step":346,"total":500},"current":346,"total":500}
{"protocol_version":1,"job_id":"a91ce9b9-71cd-436a-b0e2-c4e6573e419e","type":"stage_progress","timestamp":"2026-09-18T15:46:19.183275+00:00","stage":"s1","message_key":"training.step","message_args":{"step":347,"total":500},"current":347,"total":500}
{"protocol_version":1,"job_id":"a91ce9b9-71cd-436a-b0e2-c4e6573e419e","type":"stage_progress","timestamp":"2026-09-18T15:46:19.784427+00:00","stage":"s1","message_key":"training.step","message_args":{"step":348,"total":500},"current":348,"total":500}
{"protocol_version":1,"job_id":"a91ce9b9-71cd-436a-b0e2-c4e6573e419e","type":"stage_progress","timestamp":"2026-09-18T15:46:20.387969+00:00","stage":"s1","message_key":"training.step","message_args":{"step":349,"total":500},"current":349,"total":500}
{"protocol_version":1,"job_id":"a91ce9b9-71cd-436a-b0e2-c4e6573e419e","type":"stage_progress","timestamp":"2026-09-18T15:46:21.001272+00:00","stage":"s1","message_key":"training.step","message_args":{"step":350,"total":500},"current":350,"total":500}
{"protocol_version":1,"job_id":"a91ce9b9-71cd-436a-b0e2-c4e6573e419e","type":"stage_progress","timestamp":"2026-09-18T15:46:21.599065+00:00","stage":"s1","message_key":"training.step","message_args":{"step":351,"total":500},"current":351,"total":500}
{"protocol_version":1,"job_id":"a91ce9b9-71cd-436a-b0e2-c4e6573e419e","type":"stage_progress","timestamp":"2026-09-18T15:46:22.201179+00:00","stage":"s1","message_key":"training.step","message_args":{"step":352,"total":500},"current":352,"total":500}
{"protocol_version":1,"job_id":"a91ce9b9-71cd-436a-b0e2-c4e6573e419e","type":"stage_progress","timestamp":"2026-09-18T15:46:22.797563+00:00","stage":"s1","message_key":"training.step","message_args":{"step":353,"total":500},"current":353,"total":500}
{"protocol_version":1,"job_id":"a91ce9b9-71cd-436a-b0e2-c4e6573e419e","type":"stage_progress","timestamp":"2026-09-18T15:46:23.411834+00:00","stage":"s1","message_key":"training.step","message_args":{"step":354,"total":500},"current":354,"total":500}
{"protocol_version":1,"job_id":"a91ce9b9-71cd-436a-b0e2-c4e6573e419e","type":"stage_progress","timestamp":"2026-09-18T15:46:24.008622+00:00","stage":"s1","message_key":"training.step","message_args":{"step":355,"total":500},"current":355,"total":500}
{"protocol_version":1,"job_id":"a91ce9b9-71cd-436a-b0e2-c4e6573e419e","type":"stage_progress","timestamp":"2026-09-18T15:46:24.617902+00:00","stage":"s1","message_key":"training.step","message_args":{"step":356,"total":500},"current":356,"total":500}
{"protocol_version":1,"job_id":"a91ce9b9-71cd-436a-b0e2-c4e6573e419e","type":"stage_progress","timestamp":"2026-09-18T15:46:25.211000+00:00","stage":"s1","message_key":"training.step","message_args":{"step":357,"total":500},"current":357,"total":500}
{"protocol_version":1,"job_id":"a91ce9b9-71cd-436a-b0e2-c4e6573e419e","type":"stage_progress","timestamp":"2026-09-18T15:46:25.828796+00:00","stage":"s1","message_key":"training.step","message_args":{"step":358,"total":500},"current":358,"total":500}
{"protocol_version":1,"job_id":"a91ce9b9-71cd-436a-b0e2-c4e6573e419e","type":"stage_progress","timestamp":"2026-09-18T15:46:26.426483+00:00","stage":"s1","message_key":"training.step","message_args":{"step":359,"total":500},"current":359,"total":500}
{"protocol_version":1,"job_id":"a91ce9b9-71cd-436a-b0e2-c4e6573e419e","type":"stage_progress","timestamp":"2026-09-18T15:46:27.043317+00:00","stage":"s1","message_key":"training.step","message_args":{"step":360,"total":500},"current":360,"total":500}
{"protocol_version":1,"job_id":"a91ce9b9-71cd-436a-b0e2-c4e6573e419e","type":"stage_progress","timestamp":"2026-09-18T15:46:27.644447+00:00","stage":"s1","message_key":"training.step","message_args":{"step":361,"total":500},"current":361,"total":500}
{"protocol_version":1,"job_id":"a91ce9b9-71cd-436a-b0e2-c4e6573e419e","type":"stage_progress","timestamp":"2026-09-18T15:46:28.254566+00:00","stage":"s1","message_key":"training.step","message_args":{"step":362,"total":500},"current":362,"total":500}
{"protocol_version":1,"job_id":"a91ce9b9-71cd-436a-b0e2-c4e6573e419e","type":"stage_progress","timestamp":"2026-09-18T15:46:28.857513+00:00","stage":"s1","message_key":"training.step","message_args":{"step":363,"total":500},"current":363,"total":500}
{"protocol_version":1,"job_id":"a91ce9b9-71cd-436a-b0e2-c4e6573e419e","type":"stage_progress","timestamp":"2026-09-18T15:46:29.451410+00:00","stage":"s1","message_key":"training.step","message_args":{"step":364,"total":500},"current":364,"total":500}
{"protocol_version":1,"job_id":"a91ce9b9-71cd-436a-b0e2-c4e6573e419e","type":"stage_progress","timestamp":"2026-09-18T15:46:30.095389+00:00","stage":"s1","message_key":"training.step","message_args":{"step":365,"total":500},"current":365,"total":500}
{"protocol_version":1,"job_id":"a91ce9b9-71cd-436a-b0e2-c4e6573e419e","type":"stage_progress","timestamp":"2026-09-18T15:46:30.716067+00:00","stage":"s1","message_key":"training.step","message_args":{"step":366,"total":500},"current":366,"total":500}
{"protocol_version":1,"job_id":"a91ce9b9-71cd-436a-b0e2-c4e6573e419e","type":"stage_progress","timestamp":"2026-09-18T15:46:31.331375+00:00","stage":"s1","message_key":"training.step","message_args":{"step":367,"total":500},"current":367,"total":500}
{"protocol_version":1,"job_id":"a91ce9b9-71cd-436a-b0e2-c4e6573e419e","type":"stage_progress","timestamp":"2026-09-18T15:46:31.935685+00:00","stage":"s1","message_key":"training.step","message_args":{"step":368,"total":500},"current":368,"total":500}
{"protocol_version":1,"job_id":"a91ce9b9-71cd-436a-b0e2-c4e6573e419e","type":"stage_progress","timestamp":"2026-09-18T15:46:32.535573+00:00","stage":"s1","message_key":"training.step","message_args":{"step":369,"total":500},"current":369,"total":500}
{"protocol_version":1,"job_id":"a91ce9b9-71cd-436a-b0e2-c4e6573e419e","type":"stage_progress","timestamp":"2026-09-18T15:46:33.150954+00:00","stage":"s1","message_key":"training.step","message_args":{"step":370,"total":500},"current":370,"total":500}
{"protocol_version":1,"job_id":"a91ce9b9-71cd-436a-b0e2-c4e6573e419e","type":"stage_progress","timestamp":"2026-09-18T15:46:33.757883+00:00","stage":"s1","message_key":"training.step","message_args":{"step":371,"total":500},"current":371,"total":500}
{"protocol_version":1,"job_id":"a91ce9b9-71cd-436a-b0e2-c4e6573e419e","type":"stage_progress","timestamp":"2026-09-18T15:46:34.346734+00:00","stage":"s1","message_key":"training.step","message_args":{"step":372,"total":500},"current":372,"total":500}
{"protocol_version":1,"job_id":"a91ce9b9-71cd-436a-b0e2-c4e6573e419e","type":"stage_progress","timestamp":"2026-09-18T15:46:34.948548+00:00","stage":"s1","message_key":"training.step","message_args":{"step":373,"total":500},"current":373,"total":500}
{"protocol_version":1,"job_id":"a91ce9b9-71cd-436a-b0e2-c4e6573e419e","type":"stage_progress","timestamp":"2026-09-18T15:46:35.559894+00:00","stage":"s1","message_key":"training.step","message_args":{"step":374,"total":500},"current":374,"total":500}
{"protocol_version":1,"job_id":"a91ce9b9-71cd-436a-b0e2-c4e6573e419e","type":"stage_progress","timestamp":"2026-09-18T15:46:36.164512+00:00","stage":"s1","message_key":"training.step","message_args":{"step":375,"total":500},"current":375,"total":500}
{"protocol_version":1,"job_id":"a91ce9b9-71cd-436a-b0e2-c4e6573e419e","type":"stage_progress","timestamp":"2026-09-18T15:46:36.759154+00:00","stage":"s1","message_key":"training.step","message_args":{"step":376,"total":500},"current":376,"total":500}
{"protocol_version":1,"job_id":"a91ce9b9-71cd-436a-b0e2-c4e6573e419e","type":"stage_progress","timestamp":"2026-09-18T15:46:37.356217+00:00","stage":"s1","message_key":"training.step","message_args":{"step":377,"total":500},"current":377,"total":500}
{"protocol_version":1,"job_id":"a91ce9b9-71cd-436a-b0e2-c4e6573e419e","type":"stage_progress","timestamp":"2026-09-18T15:46:37.976103+00:00","stage":"s1","message_key":"training.step","message_args":{"step":378,"total":500},"current":378,"total":500}
{"protocol_version":1,"job_id":"a91ce9b9-71cd-436a-b0e2-c4e6573e419e","type":"stage_progress","timestamp":"2026-09-18T15:46:38.576021+00:00","stage":"s1","message_key":"training.step","message_args":{"step":379,"total":500},"current":379,"total":500}
{"protocol_version":1,"job_id":"a91ce9b9-71cd-436a-b0e2-c4e6573e419e","type":"stage_progress","timestamp":"2026-09-18T15:46:39.182925+00:00","stage":"s1","message_key":"training.step","message_args":{"step":380,"total":500},"current":380,"total":500}
{"protocol_version":1,"job_id":"a91ce9b9-71cd-436a-b0e2-c4e6573e419e","type":"stage_progress","timestamp":"2026-09-18T15:46:39.799943+00:00","stage":"s1","message_key":"training.step","message_args":{"step":381,"total":500},"current":381,"total":500}
{"protocol_version":1,"job_id":"a91ce9b9-71cd-436a-b0e2-c4e6573e419e","type":"stage_progress","timestamp":"2026-09-18T15:46:40.418641+00:00","stage":"s1","message_key":"training.step","message_args":{"step":382,"total":500},"current":382,"total":500}
{"protocol_version":1,"job_id":"a91ce9b9-71cd-436a-b0e2-c4e6573e419e","type":"stage_progress","timestamp":"2026-09-18T15:46:41.026269+00:00","stage":"s1","message_key":"training.step","message_args":{"step":383,"total":500},"current":383,"total":500}
{"protocol_version":1,"job_id":"a91ce9b9-71cd-436a-b0e2-c4e6573e419e","type":"stage_progress","timestamp":"2026-09-18T15:46:41.620199+00:00","stage":"s1","message_key":"training.step","message_args":{"step":384,"total":500},"current":384,"total":500}
{"protocol_version":1,"job_id":"a91ce9b9-71cd-436a-b0e2-c4e6573e419e","type":"stage_progress","timestamp":"2026-09-18T15:46:42.225305+00:00","stage":"s1","message_key":"training.step","message_args":{"step":385,"total":500},"current":385,"total":500}
{"protocol_version":1,"job_id":"a91ce9b9-71cd-436a-b0e2-c4e6573e419e","type":"stage_progress","timestamp":"2026-09-18T15:46:42.841439+00:00","stage":"s1","message_key":"training.step","message_args":{"step":386,"total":500},"current":386,"total":500}
{"protocol_version":1,"job_id":"a91ce9b9-71cd-436a-b0e2-c4e6573e419e","type":"stage_progress","timestamp":"2026-09-18T15:46:43.452968+00:00","stage":"s1","message_key":"training.step","message_args":{"step":387,"total":500},"current":387,"total":500}
{"protocol_version":1,"job_id":"a91ce9b9-71cd-436a-b0e2-c4e6573e419e","type":"stage_progress","timestamp":"2026-09-18T15:46:44.054791+00:00","stage":"s1","message_key":"training.step","message_args":{"step":388,"total":500},"current":388,"total":500}
{"protocol_version":1,"job_id":"a91ce9b9-71cd-436a-b0e2-c4e6573e419e","type":"stage_progress","timestamp":"2026-09-18T15:46:44.640655+00:00","stage":"s1","message_key":"training.step","message_args":{"step":389,"total":500},"current":389,"total":500}
{"protocol_version":1,"job_id":"a91ce9b9-71cd-436a-b0e2-c4e6573e419e","type":"stage_progress","timestamp":"2026-09-18T15:46:45.260158+00:00","stage":"s1","message_key":"training.step","message_args":{"step":390,"total":500},"current":390,"total":500}
{"protocol_version":1,"job_id":"a91ce9b9-71cd-436a-b0e2-c4e6573e419e","type":"stage_progress","timestamp":"2026-09-18T15:46:45.853802+00:00","stage":"s1","message_key":"training.step","message_args":{"step":391,"total":500},"current":391,"total":500}
{"protocol_version":1,"job_id":"a91ce9b9-71cd-436a-b0e2-c4e6573e419e","type":"stage_progress","timestamp":"2026-09-18T15:46:46.440587+00:00","stage":"s1","message_key":"training.step","message_args":{"step":392,"total":500},"current":392,"total":500}
{"protocol_version":1,"job_id":"a91ce9b9-71cd-436a-b0e2-c4e6573e419e","type":"stage_progress","timestamp":"2026-09-18T15:46:47.046586+00:00","stage":"s1","message_key":"training.step","message_args":{"step":393,"total":500},"current":393,"total":500}
{"protocol_version":1,"job_id":"a91ce9b9-71cd-436a-b0e2-c4e6573e419e","type":"stage_progress","timestamp":"2026-09-18T15:46:47.666920+00:00","stage":"s1","message_key":"training.step","message_args":{"step":394,"total":500},"current":394,"total":500}
{"protocol_version":1,"job_id":"a91ce9b9-71cd-436a-b0e2-c4e6573e419e","type":"stage_progress","timestamp":"2026-09-18T15:46:48.278303+00:00","stage":"s1","message_key":"training.step","message_args":{"step":395,"total":500},"current":395,"total":500}
{"protocol_version":1,"job_id":"a91ce9b9-71cd-436a-b0e2-c4e6573e419e","type":"stage_progress","timestamp":"2026-09-18T15:46:48.879507+00:00","stage":"s1","message_key":"training.step","message_args":{"step":396,"total":500},"current":396,"total":500}
{"protocol_version":1,"job_id":"a91ce9b9-71cd-436a-b0e2-c4e6573e419e","type":"stage_progress","timestamp":"2026-09-18T15:46:49.471806+00:00","stage":"s1","message_key":"training.step","message_args":{"step":397,"total":500},"current":397,"total":500}
{"protocol_version":1,"job_id":"a91ce9b9-71cd-436a-b0e2-c4e6573e419e","type":"stage_progress","timestamp":"2026-09-18T15:46:50.080973+00:00","stage":"s1","message_key":"training.step","message_args":{"step":398,"total":500},"current":398,"total":500}
{"protocol_version":1,"job_id":"a91ce9b9-71cd-436a-b0e2-c4e6573e419e","type":"stage_progress","timestamp":"2026-09-18T15:46:50.688669+00:00","stage":"s1","message_key":"training.step","message_args":{"step":399,"total":500},"current":399,"total":500}
{"protocol_version":1,"job_id":"a91ce9b9-71cd-436a-b0e2-c4e6573e419e","type":"stage_progress","timestamp":"2026-09-18T15:46:51.287833+00:00","stage":"s1","message_key":"training.step","message_args":{"step":400,"total":500},"current":400,"total":500}
{"protocol_version":1,"job_id":"a91ce9b9-71cd-436a-b0e2-c4e6573e419e","type":"checkpoint","timestamp":"2026-09-18T15:46:52.909892+00:00","stage":"s1","artifacts":[{"type":"checkpoint","path":"D:\\AI-Training\\voice-clone\\voice-pipeline\\voice-pipeline\\runs\\Lucy\\training\\s1\\checkpoints\\step-00000400.pt"}]}
{"protocol_version":1,"job_id":"a91ce9b9-71cd-436a-b0e2-c4e6573e419e","type":"stage_progress","timestamp":"2026-09-18T15:46:53.503886+00:00","stage":"s1","message_key":"training.step","message_args":{"step":401,"total":500},"current":401,"total":500}
{"protocol_version":1,"job_id":"a91ce9b9-71cd-436a-b0e2-c4e6573e419e","type":"stage_progress","timestamp":"2026-09-18T15:46:54.103920+00:00","stage":"s1","message_key":"training.step","message_args":{"step":402,"total":500},"current":402,"total":500}
{"protocol_version":1,"job_id":"a91ce9b9-71cd-436a-b0e2-c4e6573e419e","type":"stage_progress","timestamp":"2026-09-18T15:46:54.703205+00:00","stage":"s1","message_key":"training.step","message_args":{"step":403,"total":500},"current":403,"total":500}
{"protocol_version":1,"job_id":"a91ce9b9-71cd-436a-b0e2-c4e6573e419e","type":"stage_progress","timestamp":"2026-09-18T15:46:55.306660+00:00","stage":"s1","message_key":"training.step","message_args":{"step":404,"total":500},"current":404,"total":500}
{"protocol_version":1,"job_id":"a91ce9b9-71cd-436a-b0e2-c4e6573e419e","type":"stage_progress","timestamp":"2026-09-18T15:46:55.903374+00:00","stage":"s1","message_key":"training.step","message_args":{"step":405,"total":500},"current":405,"total":500}
{"protocol_version":1,"job_id":"a91ce9b9-71cd-436a-b0e2-c4e6573e419e","type":"stage_progress","timestamp":"2026-09-18T15:46:56.521824+00:00","stage":"s1","message_key":"training.step","message_args":{"step":406,"total":500},"current":406,"total":500}
{"protocol_version":1,"job_id":"a91ce9b9-71cd-436a-b0e2-c4e6573e419e","type":"stage_progress","timestamp":"2026-09-18T15:46:57.113469+00:00","stage":"s1","message_key":"training.step","message_args":{"step":407,"total":500},"current":407,"total":500}
{"protocol_version":1,"job_id":"a91ce9b9-71cd-436a-b0e2-c4e6573e419e","type":"stage_progress","timestamp":"2026-09-18T15:46:57.724846+00:00","stage":"s1","message_key":"training.step","message_args":{"step":408,"total":500},"current":408,"total":500}
{"protocol_version":1,"job_id":"a91ce9b9-71cd-436a-b0e2-c4e6573e419e","type":"stage_progress","timestamp":"2026-09-18T15:46:58.332245+00:00","stage":"s1","message_key":"training.step","message_args":{"step":409,"total":500},"current":409,"total":500}
{"protocol_version":1,"job_id":"a91ce9b9-71cd-436a-b0e2-c4e6573e419e","type":"stage_progress","timestamp":"2026-09-18T15:46:58.952842+00:00","stage":"s1","message_key":"training.step","message_args":{"step":410,"total":500},"current":410,"total":500}
{"protocol_version":1,"job_id":"a91ce9b9-71cd-436a-b0e2-c4e6573e419e","type":"stage_progress","timestamp":"2026-09-18T15:46:59.549299+00:00","stage":"s1","message_key":"training.step","message_args":{"step":411,"total":500},"current":411,"total":500}
{"protocol_version":1,"job_id":"a91ce9b9-71cd-436a-b0e2-c4e6573e419e","type":"stage_progress","timestamp":"2026-09-18T15:47:00.146411+00:00","stage":"s1","message_key":"training.step","message_args":{"step":412,"total":500},"current":412,"total":500}
{"protocol_version":1,"job_id":"a91ce9b9-71cd-436a-b0e2-c4e6573e419e","type":"stage_progress","timestamp":"2026-09-18T15:47:00.744897+00:00","stage":"s1","message_key":"training.step","message_args":{"step":413,"total":500},"current":413,"total":500}
{"protocol_version":1,"job_id":"a91ce9b9-71cd-436a-b0e2-c4e6573e419e","type":"stage_progress","timestamp":"2026-09-18T15:47:01.356891+00:00","stage":"s1","message_key":"training.step","message_args":{"step":414,"total":500},"current":414,"total":500}
{"protocol_version":1,"job_id":"a91ce9b9-71cd-436a-b0e2-c4e6573e419e","type":"stage_progress","timestamp":"2026-09-18T15:47:01.953268+00:00","stage":"s1","message_key":"training.step","message_args":{"step":415,"total":500},"current":415,"total":500}
{"protocol_version":1,"job_id":"a91ce9b9-71cd-436a-b0e2-c4e6573e419e","type":"stage_progress","timestamp":"2026-09-18T15:47:02.551924+00:00","stage":"s1","message_key":"training.step","message_args":{"step":416,"total":500},"current":416,"total":500}
{"protocol_version":1,"job_id":"a91ce9b9-71cd-436a-b0e2-c4e6573e419e","type":"stage_progress","timestamp":"2026-09-18T15:47:03.150236+00:00","stage":"s1","message_key":"training.step","message_args":{"step":417,"total":500},"current":417,"total":500}
{"protocol_version":1,"job_id":"a91ce9b9-71cd-436a-b0e2-c4e6573e419e","type":"stage_progress","timestamp":"2026-09-18T15:47:03.766573+00:00","stage":"s1","message_key":"training.step","message_args":{"step":418,"total":500},"current":418,"total":500}
{"protocol_version":1,"job_id":"a91ce9b9-71cd-436a-b0e2-c4e6573e419e","type":"stage_progress","timestamp":"2026-09-18T15:47:04.366012+00:00","stage":"s1","message_key":"training.step","message_args":{"step":419,"total":500},"current":419,"total":500}
{"protocol_version":1,"job_id":"a91ce9b9-71cd-436a-b0e2-c4e6573e419e","type":"stage_progress","timestamp":"2026-09-18T15:47:04.964962+00:00","stage":"s1","message_key":"training.step","message_args":{"step":420,"total":500},"current":420,"total":500}
{"protocol_version":1,"job_id":"a91ce9b9-71cd-436a-b0e2-c4e6573e419e","type":"stage_progress","timestamp":"2026-09-18T15:47:05.554221+00:00","stage":"s1","message_key":"training.step","message_args":{"step":421,"total":500},"current":421,"total":500}
{"protocol_version":1,"job_id":"a91ce9b9-71cd-436a-b0e2-c4e6573e419e","type":"stage_progress","timestamp":"2026-09-18T15:47:06.169384+00:00","stage":"s1","message_key":"training.step","message_args":{"step":422,"total":500},"current":422,"total":500}
{"protocol_version":1,"job_id":"a91ce9b9-71cd-436a-b0e2-c4e6573e419e","type":"stage_progress","timestamp":"2026-09-18T15:47:06.770799+00:00","stage":"s1","message_key":"training.step","message_args":{"step":423,"total":500},"current":423,"total":500}
{"protocol_version":1,"job_id":"a91ce9b9-71cd-436a-b0e2-c4e6573e419e","type":"stage_progress","timestamp":"2026-09-18T15:47:07.373313+00:00","stage":"s1","message_key":"training.step","message_args":{"step":424,"total":500},"current":424,"total":500}
{"protocol_version":1,"job_id":"a91ce9b9-71cd-436a-b0e2-c4e6573e419e","type":"stage_progress","timestamp":"2026-09-18T15:47:07.980441+00:00","stage":"s1","message_key":"training.step","message_args":{"step":425,"total":500},"current":425,"total":500}
{"protocol_version":1,"job_id":"a91ce9b9-71cd-436a-b0e2-c4e6573e419e","type":"stage_progress","timestamp":"2026-09-18T15:47:08.597565+00:00","stage":"s1","message_key":"training.step","message_args":{"step":426,"total":500},"current":426,"total":500}
{"protocol_version":1,"job_id":"a91ce9b9-71cd-436a-b0e2-c4e6573e419e","type":"stage_progress","timestamp":"2026-09-18T15:47:09.192075+00:00","stage":"s1","message_key":"training.step","message_args":{"step":427,"total":500},"current":427,"total":500}
{"protocol_version":1,"job_id":"a91ce9b9-71cd-436a-b0e2-c4e6573e419e","type":"stage_progress","timestamp":"2026-09-18T15:47:09.790160+00:00","stage":"s1","message_key":"training.step","message_args":{"step":428,"total":500},"current":428,"total":500}
{"protocol_version":1,"job_id":"a91ce9b9-71cd-436a-b0e2-c4e6573e419e","type":"stage_progress","timestamp":"2026-09-18T15:47:10.388800+00:00","stage":"s1","message_key":"training.step","message_args":{"step":429,"total":500},"current":429,"total":500}
{"protocol_version":1,"job_id":"a91ce9b9-71cd-436a-b0e2-c4e6573e419e","type":"stage_progress","timestamp":"2026-09-18T15:47:11.000814+00:00","stage":"s1","message_key":"training.step","message_args":{"step":430,"total":500},"current":430,"total":500}
{"protocol_version":1,"job_id":"a91ce9b9-71cd-436a-b0e2-c4e6573e419e","type":"stage_progress","timestamp":"2026-09-18T15:47:11.597116+00:00","stage":"s1","message_key":"training.step","message_args":{"step":431,"total":500},"current":431,"total":500}
{"protocol_version":1,"job_id":"a91ce9b9-71cd-436a-b0e2-c4e6573e419e","type":"stage_progress","timestamp":"2026-09-18T15:47:12.197468+00:00","stage":"s1","message_key":"training.step","message_args":{"step":432,"total":500},"current":432,"total":500}
{"protocol_version":1,"job_id":"a91ce9b9-71cd-436a-b0e2-c4e6573e419e","type":"stage_progress","timestamp":"2026-09-18T15:47:12.791050+00:00","stage":"s1","message_key":"training.step","message_args":{"step":433,"total":500},"current":433,"total":500}
{"protocol_version":1,"job_id":"a91ce9b9-71cd-436a-b0e2-c4e6573e419e","type":"stage_progress","timestamp":"2026-09-18T15:47:13.407162+00:00","stage":"s1","message_key":"training.step","message_args":{"step":434,"total":500},"current":434,"total":500}
{"protocol_version":1,"job_id":"a91ce9b9-71cd-436a-b0e2-c4e6573e419e","type":"stage_progress","timestamp":"2026-09-18T15:47:14.001314+00:00","stage":"s1","message_key":"training.step","message_args":{"step":435,"total":500},"current":435,"total":500}
{"protocol_version":1,"job_id":"a91ce9b9-71cd-436a-b0e2-c4e6573e419e","type":"stage_progress","timestamp":"2026-09-18T15:47:14.604440+00:00","stage":"s1","message_key":"training.step","message_args":{"step":436,"total":500},"current":436,"total":500}
{"protocol_version":1,"job_id":"a91ce9b9-71cd-436a-b0e2-c4e6573e419e","type":"stage_progress","timestamp":"2026-09-18T15:47:15.195333+00:00","stage":"s1","message_key":"training.step","message_args":{"step":437,"total":500},"current":437,"total":500}
{"protocol_version":1,"job_id":"a91ce9b9-71cd-436a-b0e2-c4e6573e419e","type":"stage_progress","timestamp":"2026-09-18T15:47:15.805019+00:00","stage":"s1","message_key":"training.step","message_args":{"step":438,"total":500},"current":438,"total":500}
{"protocol_version":1,"job_id":"a91ce9b9-71cd-436a-b0e2-c4e6573e419e","type":"stage_progress","timestamp":"2026-09-18T15:47:16.405344+00:00","stage":"s1","message_key":"training.step","message_args":{"step":439,"total":500},"current":439,"total":500}
{"protocol_version":1,"job_id":"a91ce9b9-71cd-436a-b0e2-c4e6573e419e","type":"stage_progress","timestamp":"2026-09-18T15:47:16.995279+00:00","stage":"s1","message_key":"training.step","message_args":{"step":440,"total":500},"current":440,"total":500}
{"protocol_version":1,"job_id":"a91ce9b9-71cd-436a-b0e2-c4e6573e419e","type":"stage_progress","timestamp":"2026-09-18T15:47:17.599469+00:00","stage":"s1","message_key":"training.step","message_args":{"step":441,"total":500},"current":441,"total":500}
{"protocol_version":1,"job_id":"a91ce9b9-71cd-436a-b0e2-c4e6573e419e","type":"stage_progress","timestamp":"2026-09-18T15:47:18.218706+00:00","stage":"s1","message_key":"training.step","message_args":{"step":442,"total":500},"current":442,"total":500}
{"protocol_version":1,"job_id":"a91ce9b9-71cd-436a-b0e2-c4e6573e419e","type":"stage_progress","timestamp":"2026-09-18T15:47:18.825311+00:00","stage":"s1","message_key":"training.step","message_args":{"step":443,"total":500},"current":443,"total":500}
{"protocol_version":1,"job_id":"a91ce9b9-71cd-436a-b0e2-c4e6573e419e","type":"stage_progress","timestamp":"2026-09-18T15:47:19.421279+00:00","stage":"s1","message_key":"training.step","message_args":{"step":444,"total":500},"current":444,"total":500}
{"protocol_version":1,"job_id":"a91ce9b9-71cd-436a-b0e2-c4e6573e419e","type":"stage_progress","timestamp":"2026-09-18T15:47:20.011547+00:00","stage":"s1","message_key":"training.step","message_args":{"step":445,"total":500},"current":445,"total":500}
{"protocol_version":1,"job_id":"a91ce9b9-71cd-436a-b0e2-c4e6573e419e","type":"stage_progress","timestamp":"2026-09-18T15:47:20.622887+00:00","stage":"s1","message_key":"training.step","message_args":{"step":446,"total":500},"current":446,"total":500}
{"protocol_version":1,"job_id":"a91ce9b9-71cd-436a-b0e2-c4e6573e419e","type":"stage_progress","timestamp":"2026-09-18T15:47:21.238732+00:00","stage":"s1","message_key":"training.step","message_args":{"step":447,"total":500},"current":447,"total":500}
{"protocol_version":1,"job_id":"a91ce9b9-71cd-436a-b0e2-c4e6573e419e","type":"stage_progress","timestamp":"2026-09-18T15:47:21.783558+00:00","stage":"s1","message_key":"training.step","message_args":{"step":448,"total":500},"current":448,"total":500}
{"protocol_version":1,"job_id":"a91ce9b9-71cd-436a-b0e2-c4e6573e419e","type":"stage_progress","timestamp":"2026-09-18T15:47:22.379343+00:00","stage":"s1","message_key":"training.step","message_args":{"step":449,"total":500},"current":449,"total":500}
{"protocol_version":1,"job_id":"a91ce9b9-71cd-436a-b0e2-c4e6573e419e","type":"stage_progress","timestamp":"2026-09-18T15:47:22.969811+00:00","stage":"s1","message_key":"training.step","message_args":{"step":450,"total":500},"current":450,"total":500}
{"protocol_version":1,"job_id":"a91ce9b9-71cd-436a-b0e2-c4e6573e419e","type":"stage_progress","timestamp":"2026-09-18T15:47:23.581608+00:00","stage":"s1","message_key":"training.step","message_args":{"step":451,"total":500},"current":451,"total":500}
{"protocol_version":1,"job_id":"a91ce9b9-71cd-436a-b0e2-c4e6573e419e","type":"stage_progress","timestamp":"2026-09-18T15:47:24.172223+00:00","stage":"s1","message_key":"training.step","message_args":{"step":452,"total":500},"current":452,"total":500}
{"protocol_version":1,"job_id":"a91ce9b9-71cd-436a-b0e2-c4e6573e419e","type":"stage_progress","timestamp":"2026-09-18T15:47:24.773422+00:00","stage":"s1","message_key":"training.step","message_args":{"step":453,"total":500},"current":453,"total":500}
{"protocol_version":1,"job_id":"a91ce9b9-71cd-436a-b0e2-c4e6573e419e","type":"stage_progress","timestamp":"2026-09-18T15:47:25.364059+00:00","stage":"s1","message_key":"training.step","message_args":{"step":454,"total":500},"current":454,"total":500}
{"protocol_version":1,"job_id":"a91ce9b9-71cd-436a-b0e2-c4e6573e419e","type":"stage_progress","timestamp":"2026-09-18T15:47:25.973666+00:00","stage":"s1","message_key":"training.step","message_args":{"step":455,"total":500},"current":455,"total":500}
{"protocol_version":1,"job_id":"a91ce9b9-71cd-436a-b0e2-c4e6573e419e","type":"stage_progress","timestamp":"2026-09-18T15:47:26.559971+00:00","stage":"s1","message_key":"training.step","message_args":{"step":456,"total":500},"current":456,"total":500}
{"protocol_version":1,"job_id":"a91ce9b9-71cd-436a-b0e2-c4e6573e419e","type":"stage_progress","timestamp":"2026-09-18T15:47:27.143280+00:00","stage":"s1","message_key":"training.step","message_args":{"step":457,"total":500},"current":457,"total":500}
{"protocol_version":1,"job_id":"a91ce9b9-71cd-436a-b0e2-c4e6573e419e","type":"stage_progress","timestamp":"2026-09-18T15:47:27.739694+00:00","stage":"s1","message_key":"training.step","message_args":{"step":458,"total":500},"current":458,"total":500}
{"protocol_version":1,"job_id":"a91ce9b9-71cd-436a-b0e2-c4e6573e419e","type":"stage_progress","timestamp":"2026-09-18T15:47:28.345543+00:00","stage":"s1","message_key":"training.step","message_args":{"step":459,"total":500},"current":459,"total":500}
{"protocol_version":1,"job_id":"a91ce9b9-71cd-436a-b0e2-c4e6573e419e","type":"stage_progress","timestamp":"2026-09-18T15:47:28.944369+00:00","stage":"s1","message_key":"training.step","message_args":{"step":460,"total":500},"current":460,"total":500}
{"protocol_version":1,"job_id":"a91ce9b9-71cd-436a-b0e2-c4e6573e419e","type":"stage_progress","timestamp":"2026-09-18T15:47:29.556223+00:00","stage":"s1","message_key":"training.step","message_args":{"step":461,"total":500},"current":461,"total":500}
{"protocol_version":1,"job_id":"a91ce9b9-71cd-436a-b0e2-c4e6573e419e","type":"stage_progress","timestamp":"2026-09-18T15:47:30.158144+00:00","stage":"s1","message_key":"training.step","message_args":{"step":462,"total":500},"current":462,"total":500}
{"protocol_version":1,"job_id":"a91ce9b9-71cd-436a-b0e2-c4e6573e419e","type":"stage_progress","timestamp":"2026-09-18T15:47:30.761228+00:00","stage":"s1","message_key":"training.step","message_args":{"step":463,"total":500},"current":463,"total":500}
{"protocol_version":1,"job_id":"a91ce9b9-71cd-436a-b0e2-c4e6573e419e","type":"stage_progress","timestamp":"2026-09-18T15:47:31.356958+00:00","stage":"s1","message_key":"training.step","message_args":{"step":464,"total":500},"current":464,"total":500}
{"protocol_version":1,"job_id":"a91ce9b9-71cd-436a-b0e2-c4e6573e419e","type":"stage_progress","timestamp":"2026-09-18T15:47:31.951828+00:00","stage":"s1","message_key":"training.step","message_args":{"step":465,"total":500},"current":465,"total":500}
{"protocol_version":1,"job_id":"a91ce9b9-71cd-436a-b0e2-c4e6573e419e","type":"stage_progress","timestamp":"2026-09-18T15:47:32.542704+00:00","stage":"s1","message_key":"training.step","message_args":{"step":466,"total":500},"current":466,"total":500}
{"protocol_version":1,"job_id":"a91ce9b9-71cd-436a-b0e2-c4e6573e419e","type":"stage_progress","timestamp":"2026-09-18T15:47:33.155410+00:00","stage":"s1","message_key":"training.step","message_args":{"step":467,"total":500},"current":467,"total":500}
{"protocol_version":1,"job_id":"a91ce9b9-71cd-436a-b0e2-c4e6573e419e","type":"stage_progress","timestamp":"2026-09-18T15:47:33.759848+00:00","stage":"s1","message_key":"training.step","message_args":{"step":468,"total":500},"current":468,"total":500}
{"protocol_version":1,"job_id":"a91ce9b9-71cd-436a-b0e2-c4e6573e419e","type":"stage_progress","timestamp":"2026-09-18T15:47:34.350736+00:00","stage":"s1","message_key":"training.step","message_args":{"step":469,"total":500},"current":469,"total":500}
{"protocol_version":1,"job_id":"a91ce9b9-71cd-436a-b0e2-c4e6573e419e","type":"stage_progress","timestamp":"2026-09-18T15:47:34.946798+00:00","stage":"s1","message_key":"training.step","message_args":{"step":470,"total":500},"current":470,"total":500}
{"protocol_version":1,"job_id":"a91ce9b9-71cd-436a-b0e2-c4e6573e419e","type":"stage_progress","timestamp":"2026-09-18T15:47:35.554208+00:00","stage":"s1","message_key":"training.step","message_args":{"step":471,"total":500},"current":471,"total":500}
{"protocol_version":1,"job_id":"a91ce9b9-71cd-436a-b0e2-c4e6573e419e","type":"stage_progress","timestamp":"2026-09-18T15:47:36.150722+00:00","stage":"s1","message_key":"training.step","message_args":{"step":472,"total":500},"current":472,"total":500}
{"protocol_version":1,"job_id":"a91ce9b9-71cd-436a-b0e2-c4e6573e419e","type":"stage_progress","timestamp":"2026-09-18T15:47:36.745757+00:00","stage":"s1","message_key":"training.step","message_args":{"step":473,"total":500},"current":473,"total":500}
{"protocol_version":1,"job_id":"a91ce9b9-71cd-436a-b0e2-c4e6573e419e","type":"stage_progress","timestamp":"2026-09-18T15:47:37.338240+00:00","stage":"s1","message_key":"training.step","message_args":{"step":474,"total":500},"current":474,"total":500}
{"protocol_version":1,"job_id":"a91ce9b9-71cd-436a-b0e2-c4e6573e419e","type":"stage_progress","timestamp":"2026-09-18T15:47:37.943468+00:00","stage":"s1","message_key":"training.step","message_args":{"step":475,"total":500},"current":475,"total":500}
{"protocol_version":1,"job_id":"a91ce9b9-71cd-436a-b0e2-c4e6573e419e","type":"stage_progress","timestamp":"2026-09-18T15:47:38.532880+00:00","stage":"s1","message_key":"training.step","message_args":{"step":476,"total":500},"current":476,"total":500}
{"protocol_version":1,"job_id":"a91ce9b9-71cd-436a-b0e2-c4e6573e419e","type":"stage_progress","timestamp":"2026-09-18T15:47:39.130849+00:00","stage":"s1","message_key":"training.step","message_args":{"step":477,"total":500},"current":477,"total":500}
{"protocol_version":1,"job_id":"a91ce9b9-71cd-436a-b0e2-c4e6573e419e","type":"stage_progress","timestamp":"2026-09-18T15:47:39.727351+00:00","stage":"s1","message_key":"training.step","message_args":{"step":478,"total":500},"current":478,"total":500}
{"protocol_version":1,"job_id":"a91ce9b9-71cd-436a-b0e2-c4e6573e419e","type":"stage_progress","timestamp":"2026-09-18T15:47:40.332427+00:00","stage":"s1","message_key":"training.step","message_args":{"step":479,"total":500},"current":479,"total":500}
{"protocol_version":1,"job_id":"a91ce9b9-71cd-436a-b0e2-c4e6573e419e","type":"stage_progress","timestamp":"2026-09-18T15:47:40.931148+00:00","stage":"s1","message_key":"training.step","message_args":{"step":480,"total":500},"current":480,"total":500}
{"protocol_version":1,"job_id":"a91ce9b9-71cd-436a-b0e2-c4e6573e419e","type":"stage_progress","timestamp":"2026-09-18T15:47:41.526231+00:00","stage":"s1","message_key":"training.step","message_args":{"step":481,"total":500},"current":481,"total":500}
{"protocol_version":1,"job_id":"a91ce9b9-71cd-436a-b0e2-c4e6573e419e","type":"stage_progress","timestamp":"2026-09-18T15:47:42.127552+00:00","stage":"s1","message_key":"training.step","message_args":{"step":482,"total":500},"current":482,"total":500}
{"protocol_version":1,"job_id":"a91ce9b9-71cd-436a-b0e2-c4e6573e419e","type":"stage_progress","timestamp":"2026-09-18T15:47:42.750514+00:00","stage":"s1","message_key":"training.step","message_args":{"step":483,"total":500},"current":483,"total":500}
{"protocol_version":1,"job_id":"a91ce9b9-71cd-436a-b0e2-c4e6573e419e","type":"stage_progress","timestamp":"2026-09-18T15:47:43.344331+00:00","stage":"s1","message_key":"training.step","message_args":{"step":484,"total":500},"current":484,"total":500}
{"protocol_version":1,"job_id":"a91ce9b9-71cd-436a-b0e2-c4e6573e419e","type":"stage_progress","timestamp":"2026-09-18T15:47:43.945994+00:00","stage":"s1","message_key":"training.step","message_args":{"step":485,"total":500},"current":485,"total":500}
{"protocol_version":1,"job_id":"a91ce9b9-71cd-436a-b0e2-c4e6573e419e","type":"stage_progress","timestamp":"2026-09-18T15:47:44.548116+00:00","stage":"s1","message_key":"training.step","message_args":{"step":486,"total":500},"current":486,"total":500}
{"protocol_version":1,"job_id":"a91ce9b9-71cd-436a-b0e2-c4e6573e419e","type":"stage_progress","timestamp":"2026-09-18T15:47:45.155812+00:00","stage":"s1","message_key":"training.step","message_args":{"step":487,"total":500},"current":487,"total":500}
{"protocol_version":1,"job_id":"a91ce9b9-71cd-436a-b0e2-c4e6573e419e","type":"stage_progress","timestamp":"2026-09-18T15:47:45.740633+00:00","stage":"s1","message_key":"training.step","message_args":{"step":488,"total":500},"current":488,"total":500}
{"protocol_version":1,"job_id":"a91ce9b9-71cd-436a-b0e2-c4e6573e419e","type":"stage_progress","timestamp":"2026-09-18T15:47:46.336898+00:00","stage":"s1","message_key":"training.step","message_args":{"step":489,"total":500},"current":489,"total":500}
{"protocol_version":1,"job_id":"a91ce9b9-71cd-436a-b0e2-c4e6573e419e","type":"stage_progress","timestamp":"2026-09-18T15:47:46.931704+00:00","stage":"s1","message_key":"training.step","message_args":{"step":490,"total":500},"current":490,"total":500}
{"protocol_version":1,"job_id":"a91ce9b9-71cd-436a-b0e2-c4e6573e419e","type":"stage_progress","timestamp":"2026-09-18T15:47:47.547999+00:00","stage":"s1","message_key":"training.step","message_args":{"step":491,"total":500},"current":491,"total":500}
{"protocol_version":1,"job_id":"a91ce9b9-71cd-436a-b0e2-c4e6573e419e","type":"stage_progress","timestamp":"2026-09-18T15:47:48.138367+00:00","stage":"s1","message_key":"training.step","message_args":{"step":492,"total":500},"current":492,"total":500}
{"protocol_version":1,"job_id":"a91ce9b9-71cd-436a-b0e2-c4e6573e419e","type":"stage_progress","timestamp":"2026-09-18T15:47:48.737910+00:00","stage":"s1","message_key":"training.step","message_args":{"step":493,"total":500},"current":493,"total":500}
{"protocol_version":1,"job_id":"a91ce9b9-71cd-436a-b0e2-c4e6573e419e","type":"stage_progress","timestamp":"2026-09-18T15:47:49.329741+00:00","stage":"s1","message_key":"training.step","message_args":{"step":494,"total":500},"current":494,"total":500}
{"protocol_version":1,"job_id":"a91ce9b9-71cd-436a-b0e2-c4e6573e419e","type":"stage_progress","timestamp":"2026-09-18T15:47:49.927866+00:00","stage":"s1","message_key":"training.step","message_args":{"step":495,"total":500},"current":495,"total":500}
{"protocol_version":1,"job_id":"a91ce9b9-71cd-436a-b0e2-c4e6573e419e","type":"stage_progress","timestamp":"2026-09-18T15:47:50.522220+00:00","stage":"s1","message_key":"training.step","message_args":{"step":496,"total":500},"current":496,"total":500}
{"protocol_version":1,"job_id":"a91ce9b9-71cd-436a-b0e2-c4e6573e419e","type":"stage_progress","timestamp":"2026-09-18T15:47:51.119930+00:00","stage":"s1","message_key":"training.step","message_args":{"step":497,"total":500},"current":497,"total":500}
{"protocol_version":1,"job_id":"a91ce9b9-71cd-436a-b0e2-c4e6573e419e","type":"stage_progress","timestamp":"2026-09-18T15:47:51.720950+00:00","stage":"s1","message_key":"training.step","message_args":{"step":498,"total":500},"current":498,"total":500}
{"protocol_version":1,"job_id":"a91ce9b9-71cd-436a-b0e2-c4e6573e419e","type":"stage_progress","timestamp":"2026-09-18T15:47:52.340133+00:00","stage":"s1","message_key":"training.step","message_args":{"step":499,"total":500},"current":499,"total":500}
{"protocol_version":1,"job_id":"a91ce9b9-71cd-436a-b0e2-c4e6573e419e","type":"stage_progress","timestamp":"2026-09-18T15:47:52.934507+00:00","stage":"s1","message_key":"training.step","message_args":{"step":500,"total":500},"current":500,"total":500}
{"protocol_version":1,"job_id":"a91ce9b9-71cd-436a-b0e2-c4e6573e419e","type":"checkpoint","timestamp":"2026-09-18T15:47:54.591744+00:00","stage":"s1","artifacts":[{"type":"checkpoint","path":"D:\\AI-Training\\voice-clone\\voice-pipeline\\voice-pipeline\\runs\\Lucy\\training\\s1\\checkpoints\\step-00000500.pt"}]}
{"protocol_version":1,"job_id":"a91ce9b9-71cd-436a-b0e2-c4e6573e419e","type":"stage_completed","timestamp":"2026-09-18T15:47:54.620301+00:00","stage":"s1"}
{"protocol_version":1,"job_id":"a91ce9b9-71cd-436a-b0e2-c4e6573e419e","type":"stage_started","timestamp":"2026-09-18T15:47:54.627070+00:00","stage":"evaluate"}
{"protocol_version":1,"job_id":"a91ce9b9-71cd-436a-b0e2-c4e6573e419e","type":"stage_failed","timestamp":"2026-09-18T16:17:04.721844+00:00","stage":"evaluate","message_key":"pipeline.stage_failed","message_args":{"error":"[WinError 1314] 客户端没有所需的特权。: '..\\\\..\\\\blobs\\\\0351d1d6870005e865747b781b5d7c23ea0459cd' -> 'D:\\\\AI-Training\\\\voice-clone\\\\voice-pipeline\\\\voice-pipeline\\\\models\\\\evaluators\\\\models--mobiuslabsgmbh--faster-whisper-large-v3-turbo\\\\snapshots\\\\0a363e9161cbc7ed1431c9597a8ceaf0c4f78fcf\\\\config.json'"}}
{"protocol_version":1,"job_id":"a91ce9b9-71cd-436a-b0e2-c4e6573e419e","type":"job_failed","timestamp":"2026-09-18T16:17:04.726120+00:00","message_key":"job.failed","message_args":{"error":"stage evaluate failed: [WinError 1314] 客户端没有所需的特权。: '..\\\\..\\\\blobs\\\\0351d1d6870005e865747b781b5d7c23ea0459cd' -> 'D:\\\\AI-Training\\\\voice-clone\\\\voice-pipeline\\\\voice-pipeline\\\\models\\\\evaluators\\\\models--mobiuslabsgmbh--faster-whisper-large-v3-turbo\\\\snapshots\\\\0a363e9161cbc7ed1431c9597a8ceaf0c4f78fcf\\\\config.json'"}}
