[module] running job a91ce9b9-71cd-436a-b0e2-c4e6573e419e
[15:32:29] [S2] batch mini_step=1 optimizer_step=1 discriminator_total=3.9725136756896973 generator_total=35.91360092163086 feature=9.9061279296875 mel=19.539955139160156 kl_ssl=0.0 kl=3.7629194259643555 grad_norm_d=nan grad_norm_g=nan learning_rate=0.0001
[15:32:31] [S2] batch mini_step=2 optimizer_step=2 discriminator_total=3.9182400703430176 generator_total=40.66669464111328 feature=12.040780067443848 mel=20.70271110534668 kl_ssl=0.0 kl=5.33551025390625 grad_norm_d=nan grad_norm_g=nan learning_rate=0.0001
[15:32:32] [S2] batch mini_step=3 optimizer_step=3 discriminator_total=3.9389240741729736 generator_total=35.06511688232422 feature=7.614421367645264 mel=21.11102867126465 kl_ssl=0.0 kl=3.706655502319336 grad_norm_d=nan grad_norm_g=nan learning_rate=0.0001
[15:32:34] [S2] batch mini_step=4 optimizer_step=4 discriminator_total=4.008199214935303 generator_total=38.4370231628418 feature=11.701107025146484 mel=19.752275466918945 kl_ssl=0.0 kl=4.263615608215332 grad_norm_d=inf grad_norm_g=nan learning_rate=0.0001
[15:32:35] [S2] batch mini_step=5 optimizer_step=5 discriminator_total=3.828092575073242 generator_total=31.98116683959961 feature=6.177578926086426 mel=19.030967712402344 kl_ssl=0.0 kl=4.309939861297607 grad_norm_d=inf grad_norm_g=nan learning_rate=0.0001
[15:32:36] [S2] batch mini_step=6 optimizer_step=6 discriminator_total=3.867175817489624 generator_total=31.910017013549805 feature=7.5433878898620605 mel=18.501846313476562 kl_ssl=0.0 kl=2.7717361450195312 grad_norm_d=98.86400916070417 grad_norm_g=nan learning_rate=0.0001
[15:32:37] [S2] batch mini_step=7 optimizer_step=7 discriminator_total=3.695329189300537 generator_total=32.859130859375 feature=6.10468053817749 mel=20.08133316040039 kl_ssl=0.0 kl=4.12669038772583 grad_norm_d=53.597193645175885 grad_norm_g=nan learning_rate=0.0001
[15:32:38] [S2] batch mini_step=8 optimizer_step=8 discriminator_total=3.30861496925354 generator_total=40.80577087402344 feature=12.864206314086914 mel=20.265840530395508 kl_ssl=0.0 kl=4.669706344604492 grad_norm_d=79.91491193412882 grad_norm_g=nan learning_rate=0.0001
[15:32:39] [S2] batch mini_step=9 optimizer_step=9 discriminator_total=4.2429656982421875 generator_total=25.840904235839844 feature=1.5626288652420044 mel=17.448951721191406 kl_ssl=0.0 kl=3.8895864486694336 grad_norm_d=289.36125598560716 grad_norm_g=nan learning_rate=0.0001
[15:32:40] [S2] batch mini_step=10 optimizer_step=10 discriminator_total=3.0054335594177246 generator_total=40.5610466003418 feature=13.392203330993652 mel=20.75419807434082 kl_ssl=0.0 kl=3.3090157508850098 grad_norm_d=40.43403081126092 grad_norm_g=138.13087871902204 learning_rate=0.0001
[15:32:41] [S2] batch mini_step=11 optimizer_step=11 discriminator_total=3.7945377826690674 generator_total=37.59261703491211 feature=13.0292329788208 mel=19.74339485168457 kl_ssl=0.0 kl=2.0414106845855713 grad_norm_d=50.10254778287828 grad_norm_g=232.48595521141908 learning_rate=0.0001
[15:32:42] [S2] batch mini_step=12 optimizer_step=12 discriminator_total=3.171931743621826 generator_total=40.94333267211914 feature=14.244909286499023 mel=20.073495864868164 kl_ssl=0.0 kl=3.204536199569702 grad_norm_d=48.648861337268954 grad_norm_g=169.71158200781684 learning_rate=0.0001
[15:32:43] [S2] batch mini_step=13 optimizer_step=13 discriminator_total=4.550517559051514 generator_total=26.66849708557129 feature=1.99033522605896 mel=18.740781784057617 kl_ssl=0.0 kl=2.9371895790100098 grad_norm_d=276.07214565686365 grad_norm_g=nan learning_rate=0.0001
[15:32:43] [S2] batch mini_step=14 optimizer_step=14 discriminator_total=3.138803243637085 generator_total=37.200077056884766 feature=11.838265419006348 mel=19.749834060668945 kl_ssl=0.0 kl=2.407452344894409 grad_norm_d=39.11711897543851 grad_norm_g=136.95025030674324 learning_rate=0.0001
[15:32:44] [S2] batch mini_step=15 optimizer_step=15 discriminator_total=3.587761402130127 generator_total=39.216796875 feature=11.661718368530273 mel=22.06450653076172 kl_ssl=0.0 kl=2.6943085193634033 grad_norm_d=63.55010992110295 grad_norm_g=276.59323601134525 learning_rate=0.0001
[15:32:45] [S2] batch mini_step=16 optimizer_step=16 discriminator_total=4.193983554840088 generator_total=36.70318603515625 feature=11.397491455078125 mel=20.597076416015625 kl_ssl=0.0 kl=2.5313427448272705 grad_norm_d=30.9685228723566 grad_norm_g=205.33753998612832 learning_rate=0.0001
[15:32:47] [S2] batch mini_step=17 optimizer_step=17 discriminator_total=3.6534695625305176 generator_total=38.570037841796875 feature=13.385540962219238 mel=20.6151065826416 kl_ssl=0.0 kl=1.895242691040039 grad_norm_d=30.718865405697706 grad_norm_g=124.24770331609909 learning_rate=0.0001
[15:32:48] [S2] batch mini_step=18 optimizer_step=18 discriminator_total=4.129668235778809 generator_total=21.66695785522461 feature=0.5671342611312866 mel=17.35062599182129 kl_ssl=0.0 kl=1.441162347793579 grad_norm_d=167.84785155226896 grad_norm_g=nan learning_rate=0.0001
[15:32:49] [S2] batch mini_step=19 optimizer_step=19 discriminator_total=3.7161288261413574 generator_total=35.25397872924805 feature=11.285844802856445 mel=20.008472442626953 kl_ssl=0.0 kl=1.4259767532348633 grad_norm_d=33.368026863020596 grad_norm_g=1186.59827539999 learning_rate=0.0001
[15:32:50] [S2] batch mini_step=20 optimizer_step=20 discriminator_total=3.7799758911132812 generator_total=35.361473083496094 feature=10.243861198425293 mel=20.05095672607422 kl_ssl=0.0 kl=2.2802133560180664 grad_norm_d=36.203165813171324 grad_norm_g=165.95097708152448 learning_rate=0.0001
[15:32:52] [S2] batch mini_step=21 optimizer_step=21 discriminator_total=3.836824893951416 generator_total=28.661022186279297 feature=7.20942497253418 mel=17.315872192382812 kl_ssl=0.0 kl=1.872188925743103 grad_norm_d=43.11714288745777 grad_norm_g=316.6454880913161 learning_rate=0.0001
[15:32:53] [S2] batch mini_step=22 optimizer_step=22 discriminator_total=3.748650074005127 generator_total=23.294384002685547 feature=6.385645389556885 mel=11.877368927001953 kl_ssl=0.0 kl=2.449000120162964 grad_norm_d=47.288477447993294 grad_norm_g=284.9220278938252 learning_rate=0.0001
[15:32:54] [S2] batch mini_step=23 optimizer_step=23 discriminator_total=3.7632503509521484 generator_total=37.19473648071289 feature=10.739904403686523 mel=21.58990478515625 kl_ssl=0.0 kl=1.9577184915542603 grad_norm_d=59.32193423792787 grad_norm_g=133.8209824358548 learning_rate=0.0001
[15:32:55] [S2] batch mini_step=24 optimizer_step=24 discriminator_total=3.919984817504883 generator_total=35.32957077026367 feature=11.591720581054688 mel=19.665433883666992 kl_ssl=0.0 kl=1.4917631149291992 grad_norm_d=38.40382702801937 grad_norm_g=195.38462087230732 learning_rate=0.0001
[15:32:56] [S2] batch mini_step=25 optimizer_step=25 discriminator_total=3.7631237506866455 generator_total=34.732086181640625 feature=8.958344459533691 mel=21.158266067504883 kl_ssl=0.0 kl=1.9748162031173706 grad_norm_d=19.791709109490007 grad_norm_g=93.38147667703896 learning_rate=0.0001
[15:32:58] [S2] batch mini_step=26 optimizer_step=26 discriminator_total=4.196352958679199 generator_total=35.67680740356445 feature=10.705514907836914 mel=20.56621551513672 kl_ssl=0.0 kl=2.0893304347991943 grad_norm_d=53.241043503320356 grad_norm_g=124.28684129343966 learning_rate=0.0001
[15:32:59] [S2] batch mini_step=27 optimizer_step=27 discriminator_total=4.06459903717041 generator_total=30.511110305786133 feature=8.330028533935547 mel=18.397781372070312 kl_ssl=0.0 kl=1.4047926664352417 grad_norm_d=57.78897494722265 grad_norm_g=214.69175749436963 learning_rate=0.0001
[15:33:00] [S2] batch mini_step=28 optimizer_step=28 discriminator_total=3.7606749534606934 generator_total=36.45841979980469 feature=10.741667747497559 mel=20.812421798706055 kl_ssl=0.0 kl=2.0371932983398438 grad_norm_d=65.91265789008507 grad_norm_g=162.57874795280932 learning_rate=0.0001
[15:33:01] [S2] batch mini_step=29 optimizer_step=29 discriminator_total=4.0179643630981445 generator_total=20.61989402770996 feature=0.27339813113212585 mel=16.13233757019043 kl_ssl=0.0 kl=2.285512685775757 grad_norm_d=33.46614985130415 grad_norm_g=nan learning_rate=0.0001
[15:33:02] [S2] batch mini_step=30 optimizer_step=30 discriminator_total=4.296777725219727 generator_total=38.50791931152344 feature=13.303386688232422 mel=20.28754234313965 kl_ssl=0.0 kl=1.7407177686691284 grad_norm_d=64.1219376082921 grad_norm_g=143.6528375648998 learning_rate=0.0001
[15:33:04] [S2] batch mini_step=31 optimizer_step=31 discriminator_total=3.9156265258789062 generator_total=26.68343162536621 feature=4.496547222137451 mel=17.263641357421875 kl_ssl=0.0 kl=2.5488228797912598 grad_norm_d=20.208085125964786 grad_norm_g=531.3382386563374 learning_rate=0.0001
[15:33:05] [S2] batch mini_step=32 optimizer_step=32 discriminator_total=4.3185038566589355 generator_total=29.043067932128906 feature=6.348605632781982 mel=18.061973571777344 kl_ssl=0.0 kl=2.272609233856201 grad_norm_d=40.75916157441784 grad_norm_g=204.8880553463592 learning_rate=0.0001
[15:33:06] [S2] batch mini_step=33 optimizer_step=33 discriminator_total=3.789839744567871 generator_total=29.192974090576172 feature=6.322957992553711 mel=18.055435180664062 kl_ssl=0.0 kl=2.495234489440918 grad_norm_d=40.18838612745445 grad_norm_g=857.6860234133953 learning_rate=0.0001
[15:33:07] [S2] batch mini_step=34 optimizer_step=34 discriminator_total=3.9647488594055176 generator_total=23.850034713745117 feature=3.034928560256958 mel=16.67144775390625 kl_ssl=0.0 kl=1.8250261545181274 grad_norm_d=35.28601000421482 grad_norm_g=724.2070390892931 learning_rate=0.0001
[15:33:08] [S2] batch mini_step=35 optimizer_step=35 discriminator_total=3.882215738296509 generator_total=21.833036422729492 feature=1.1868473291397095 mel=16.480398178100586 kl_ssl=0.0 kl=1.724344253540039 grad_norm_d=31.408733814686766 grad_norm_g=509.97144521067077 learning_rate=0.0001
[15:33:09] [S2] batch mini_step=36 optimizer_step=36 discriminator_total=3.9357268810272217 generator_total=29.45404815673828 feature=7.486738204956055 mel=17.618581771850586 kl_ssl=0.0 kl=2.0798652172088623 grad_norm_d=32.189369015216606 grad_norm_g=440.02090579419723 learning_rate=0.0001
[15:33:11] [S2] batch mini_step=37 optimizer_step=37 discriminator_total=3.5884931087493896 generator_total=28.603303909301758 feature=6.107052803039551 mel=17.793474197387695 kl_ssl=0.0 kl=2.0426247119903564 grad_norm_d=50.83696072189764 grad_norm_g=789.3633099240128 learning_rate=0.0001
[15:33:12] [S2] batch mini_step=38 optimizer_step=38 discriminator_total=3.8039307594299316 generator_total=40.20332717895508 feature=14.963462829589844 mel=20.4368896484375 kl_ssl=0.0 kl=1.8964365720748901 grad_norm_d=56.835708842829725 grad_norm_g=130.1330365174916 learning_rate=0.0001
[15:33:13] [S2] batch mini_step=39 optimizer_step=39 discriminator_total=3.6503865718841553 generator_total=27.815532684326172 feature=7.17112922668457 mel=16.12904167175293 kl_ssl=0.0 kl=2.0789453983306885 grad_norm_d=29.82669118012057 grad_norm_g=363.5620583064301 learning_rate=0.0001
[15:33:14] [S2] batch mini_step=40 optimizer_step=40 discriminator_total=3.3710246086120605 generator_total=36.162906646728516 feature=11.406156539916992 mel=19.417865753173828 kl_ssl=0.0 kl=2.2809932231903076 grad_norm_d=77.9786287026631 grad_norm_g=106.02744314461034 learning_rate=0.0001
[15:33:16] [S2] batch mini_step=41 optimizer_step=41 discriminator_total=3.418332815170288 generator_total=30.327526092529297 feature=6.043230056762695 mel=20.170711517333984 kl_ssl=0.0 kl=1.5772186517715454 grad_norm_d=27.397179228293865 grad_norm_g=358.1362752835835 learning_rate=0.0001
[15:33:17] [S2] batch mini_step=42 optimizer_step=42 discriminator_total=4.018448829650879 generator_total=35.297420501708984 feature=12.38425064086914 mel=19.16912078857422 kl_ssl=0.0 kl=1.4680289030075073 grad_norm_d=42.18121719400147 grad_norm_g=234.84961831054707 learning_rate=0.0001
[15:33:18] [S2] batch mini_step=43 optimizer_step=43 discriminator_total=3.8037848472595215 generator_total=36.335941314697266 feature=12.094816207885742 mel=20.22494125366211 kl_ssl=0.0 kl=1.0593820810317993 grad_norm_d=66.69736471129825 grad_norm_g=187.60273968658854 learning_rate=0.0001
[15:33:19] [S2] batch mini_step=44 optimizer_step=44 discriminator_total=3.9308199882507324 generator_total=28.605051040649414 feature=7.145812034606934 mel=17.527549743652344 kl_ssl=0.0 kl=1.4536077976226807 grad_norm_d=33.532732236259235 grad_norm_g=304.3568998492608 learning_rate=0.0001
[15:33:20] [S2] batch mini_step=45 optimizer_step=45 discriminator_total=3.7379345893859863 generator_total=37.99774169921875 feature=12.947275161743164 mel=21.030855178833008 kl_ssl=0.0 kl=1.2589532136917114 grad_norm_d=43.708458857315165 grad_norm_g=94.00419616752203 learning_rate=0.0001
[15:33:22] [S2] batch mini_step=46 optimizer_step=46 discriminator_total=3.889542818069458 generator_total=15.987054824829102 feature=1.2310900688171387 mel=10.629240036010742 kl_ssl=0.0 kl=1.9235261678695679 grad_norm_d=50.41346396389187 grad_norm_g=493.8955890569612 learning_rate=0.0001
[15:33:23] [S2] batch mini_step=47 optimizer_step=47 discriminator_total=3.596332311630249 generator_total=34.6209831237793 feature=10.841525077819824 mel=19.602949142456055 kl_ssl=0.0 kl=1.332844614982605 grad_norm_d=39.75361910096772 grad_norm_g=214.18087521104385 learning_rate=0.0001
[15:33:24] [S2] batch mini_step=48 optimizer_step=48 discriminator_total=3.741312265396118 generator_total=29.91352081298828 feature=5.841241836547852 mel=20.283958435058594 kl_ssl=0.0 kl=1.2646589279174805 grad_norm_d=23.277672932476957 grad_norm_g=179.10962338334127 learning_rate=0.0001
[15:33:25] [S2] batch mini_step=49 optimizer_step=49 discriminator_total=3.6576216220855713 generator_total=33.32391357421875 feature=8.567920684814453 mel=20.030752182006836 kl_ssl=0.0 kl=2.1611146926879883 grad_norm_d=35.159829334074786 grad_norm_g=285.10079068302105 learning_rate=0.0001
[15:33:26] [S2] batch mini_step=50 optimizer_step=50 discriminator_total=3.6343789100646973 generator_total=31.08780288696289 feature=7.031446933746338 mel=18.84383201599121 kl_ssl=0.0 kl=2.5630807876586914 grad_norm_d=35.279071969965855 grad_norm_g=271.62166924174477 learning_rate=0.0001
[15:33:28] [S2] batch mini_step=51 optimizer_step=51 discriminator_total=4.15894889831543 generator_total=29.988523483276367 feature=7.35307502746582 mel=18.338838577270508 kl_ssl=0.0 kl=2.144986629486084 grad_norm_d=39.60249024902107 grad_norm_g=2587.4574642072216 learning_rate=0.0001
[15:33:29] [S2] batch mini_step=52 optimizer_step=52 discriminator_total=3.9081246852874756 generator_total=36.54013442993164 feature=12.213047981262207 mel=19.66565704345703 kl_ssl=0.0 kl=1.9066236019134521 grad_norm_d=42.079084424541655 grad_norm_g=125.22436450376645 learning_rate=0.0001
[15:33:30] [S2] batch mini_step=53 optimizer_step=53 discriminator_total=3.979470729827881 generator_total=20.42186164855957 feature=0.2845974862575531 mel=16.90456199645996 kl_ssl=0.0 kl=1.086246371269226 grad_norm_d=20.185201564257046 grad_norm_g=nan learning_rate=0.0001
[15:33:31] [S2] batch mini_step=54 optimizer_step=54 discriminator_total=4.127599239349365 generator_total=29.69349479675293 feature=7.270837783813477 mel=17.82472801208496 kl_ssl=0.0 kl=2.1809308528900146 grad_norm_d=49.64800207618137 grad_norm_g=305.752874687165 learning_rate=0.0001
[15:33:32] [S2] batch mini_step=55 optimizer_step=55 discriminator_total=3.501445770263672 generator_total=36.276275634765625 feature=9.595017433166504 mel=21.813899993896484 kl_ssl=0.0 kl=2.025820255279541 grad_norm_d=78.93735460555138 grad_norm_g=130.03048161875276 learning_rate=0.0001
[15:33:33] [S2] batch mini_step=56 optimizer_step=56 discriminator_total=3.7915449142456055 generator_total=32.218605041503906 feature=6.371186256408691 mel=21.307819366455078 kl_ssl=0.0 kl=2.206205368041992 grad_norm_d=25.74543662674191 grad_norm_g=484.08251819314665 learning_rate=0.0001
[15:33:34] [S2] batch mini_step=57 optimizer_step=57 discriminator_total=3.800715446472168 generator_total=35.505043029785156 feature=9.828845977783203 mel=21.52541732788086 kl_ssl=0.0 kl=1.1883928775787354 grad_norm_d=79.2147720199019 grad_norm_g=353.99443755903525 learning_rate=0.0001
[15:33:36] [S2] batch mini_step=58 optimizer_step=58 discriminator_total=3.8001019954681396 generator_total=24.618350982666016 feature=6.227160453796387 mel=14.418657302856445 kl_ssl=0.0 kl=1.6173343658447266 grad_norm_d=47.69570885827783 grad_norm_g=530.6474765679799 learning_rate=0.0001
[15:33:37] [S2] batch mini_step=59 optimizer_step=59 discriminator_total=3.725640296936035 generator_total=37.11450958251953 feature=12.63563346862793 mel=20.803552627563477 kl_ssl=0.0 kl=1.1479191780090332 grad_norm_d=26.456991848830466 grad_norm_g=269.0875002636277 learning_rate=0.0001
[15:33:38] [S2] batch mini_step=60 optimizer_step=60 discriminator_total=3.6855077743530273 generator_total=33.79845428466797 feature=6.6337809562683105 mel=21.437484741210938 kl_ssl=0.0 kl=2.7803306579589844 grad_norm_d=101.51253447101197 grad_norm_g=398.28488325616155 learning_rate=0.0001
[15:33:39] [S2] batch mini_step=61 optimizer_step=61 discriminator_total=3.5283050537109375 generator_total=37.36439514160156 feature=12.51346492767334 mel=20.184051513671875 kl_ssl=0.0 kl=2.0637423992156982 grad_norm_d=155.11371703558083 grad_norm_g=131.53449560924375 learning_rate=0.0001
[15:33:40] [S2] batch mini_step=62 optimizer_step=62 discriminator_total=3.1900794506073 generator_total=32.74796676635742 feature=4.632927417755127 mel=23.867347717285156 kl_ssl=0.0 kl=1.1394422054290771 grad_norm_d=31.14068393875694 grad_norm_g=256.4476688021462 learning_rate=0.0001
[15:33:41] [S2] batch mini_step=63 optimizer_step=63 discriminator_total=3.765275478363037 generator_total=34.28205490112305 feature=10.40484619140625 mel=19.44359588623047 kl_ssl=0.0 kl=1.6900969743728638 grad_norm_d=92.13785533087926 grad_norm_g=210.2296265819259 learning_rate=0.0001
[15:33:43] [S2] batch mini_step=64 optimizer_step=64 discriminator_total=3.7832694053649902 generator_total=26.024930953979492 feature=3.6936304569244385 mel=18.389305114746094 kl_ssl=0.0 kl=1.2066088914871216 grad_norm_d=35.33820588556335 grad_norm_g=388.1177623058329 learning_rate=0.0001
[15:33:44] [S2] batch mini_step=65 optimizer_step=65 discriminator_total=3.586780071258545 generator_total=40.38460922241211 feature=11.939074516296387 mel=23.23731231689453 kl_ssl=0.0 kl=2.1823205947875977 grad_norm_d=34.24422871163818 grad_norm_g=178.98839578533534 learning_rate=0.0001
[15:33:45] [S2] batch mini_step=66 optimizer_step=66 discriminator_total=3.5054190158843994 generator_total=32.5817985534668 feature=4.8561882972717285 mel=22.259754180908203 kl_ssl=0.0 kl=2.429924249649048 grad_norm_d=52.13110877249472 grad_norm_g=476.8490749389733 learning_rate=0.0001
[15:33:46] [S2] batch mini_step=67 optimizer_step=67 discriminator_total=3.8753955364227295 generator_total=29.667301177978516 feature=5.982147693634033 mel=18.984210968017578 kl_ssl=0.0 kl=1.8487694263458252 grad_norm_d=38.89636477307343 grad_norm_g=279.83036878682714 learning_rate=0.0001
[15:33:48] [S2] batch mini_step=68 optimizer_step=68 discriminator_total=3.6307108402252197 generator_total=22.603513717651367 feature=1.9064215421676636 mel=16.704133987426758 kl_ssl=0.0 kl=1.91579008102417 grad_norm_d=63.81076458087066 grad_norm_g=495.08809263247235 learning_rate=0.0001
[15:33:49] [S2] batch mini_step=69 optimizer_step=69 discriminator_total=3.9147515296936035 generator_total=40.79638671875 feature=14.10983657836914 mel=22.05709457397461 kl_ssl=0.0 kl=1.7704486846923828 grad_norm_d=25.53714602956688 grad_norm_g=226.73184323123562 learning_rate=0.0001
[15:33:50] [S2] batch mini_step=70 optimizer_step=70 discriminator_total=3.5454084873199463 generator_total=41.14385986328125 feature=11.935776710510254 mel=23.501981735229492 kl_ssl=0.0 kl=2.7341551780700684 grad_norm_d=38.204624963480455 grad_norm_g=193.42151145940898 learning_rate=0.0001
[15:33:51] [S2] batch mini_step=71 optimizer_step=71 discriminator_total=4.00092077255249 generator_total=23.818740844726562 feature=6.969087600708008 mel=13.205127716064453 kl_ssl=0.0 kl=1.166347622871399 grad_norm_d=71.37274963260009 grad_norm_g=794.8027936425553 learning_rate=0.0001
[15:33:53] [S2] batch mini_step=72 optimizer_step=72 discriminator_total=3.506446123123169 generator_total=30.970680236816406 feature=3.7530839443206787 mel=23.083370208740234 kl_ssl=0.0 kl=1.21074378490448 grad_norm_d=41.982275267778334 grad_norm_g=1200.9955297376412 learning_rate=0.0001
[15:33:54] [S2] batch mini_step=73 optimizer_step=73 discriminator_total=3.8085219860076904 generator_total=26.24677276611328 feature=4.945215702056885 mel=17.472352981567383 kl_ssl=0.0 kl=1.2629263401031494 grad_norm_d=49.61783834413339 grad_norm_g=1263.1694636287418 learning_rate=0.0001
[15:33:55] [S2] batch mini_step=74 optimizer_step=74 discriminator_total=3.5439560413360596 generator_total=42.1884765625 feature=13.530320167541504 mel=23.894262313842773 kl_ssl=0.0 kl=1.618399739265442 grad_norm_d=60.324988626026816 grad_norm_g=663.7018095182202 learning_rate=0.0001
[15:33:56] [S2] batch mini_step=75 optimizer_step=75 discriminator_total=3.8583321571350098 generator_total=31.14806365966797 feature=4.243223667144775 mel=23.34492301940918 kl_ssl=0.0 kl=1.2156795263290405 grad_norm_d=25.4217886393428 grad_norm_g=1010.928335320015 learning_rate=0.0001
[15:33:57] [S2] batch mini_step=76 optimizer_step=76 discriminator_total=4.038858890533447 generator_total=35.389068603515625 feature=9.15727710723877 mel=21.987804412841797 kl_ssl=0.0 kl=1.3098886013031006 grad_norm_d=60.53572995083121 grad_norm_g=179.3622534223881 learning_rate=0.0001
[15:33:58] [S2] batch mini_step=77 optimizer_step=77 discriminator_total=3.8669240474700928 generator_total=35.70056915283203 feature=9.505223274230957 mel=22.733325958251953 kl_ssl=0.0 kl=1.2123422622680664 grad_norm_d=93.80073083326208 grad_norm_g=704.1853542346568 learning_rate=0.0001
[15:33:59] [S2] batch mini_step=78 optimizer_step=78 discriminator_total=3.689216136932373 generator_total=41.43979263305664 feature=14.525948524475098 mel=23.115453720092773 kl_ssl=0.0 kl=1.179539680480957 grad_norm_d=73.54445956425843 grad_norm_g=304.92245940706135 learning_rate=0.0001
[15:34:01] [S2] batch mini_step=79 optimizer_step=79 discriminator_total=4.095677375793457 generator_total=29.74766731262207 feature=5.4889044761657715 mel=20.306034088134766 kl_ssl=0.0 kl=1.2236542701721191 grad_norm_d=45.75045858953795 grad_norm_g=347.3823616451967 learning_rate=0.0001
[15:34:02] [S2] batch mini_step=80 optimizer_step=80 discriminator_total=3.924342155456543 generator_total=39.23603439331055 feature=13.067200660705566 mel=21.467695236206055 kl_ssl=0.0 kl=1.8547033071517944 grad_norm_d=86.65142703011128 grad_norm_g=255.29582524663445 learning_rate=0.0001
[15:34:03] [S2] batch mini_step=81 optimizer_step=81 discriminator_total=3.830287456512451 generator_total=34.34062957763672 feature=10.030590057373047 mel=19.55099105834961 kl_ssl=0.0 kl=1.979080319404602 grad_norm_d=68.15056392865478 grad_norm_g=258.82984676335894 learning_rate=0.0001
[15:34:04] [S2] batch mini_step=82 optimizer_step=82 discriminator_total=4.096609115600586 generator_total=29.74951934814453 feature=6.513975143432617 mel=18.66473960876465 kl_ssl=0.0 kl=1.6366395950317383 grad_norm_d=85.78567684997029 grad_norm_g=235.0251774614782 learning_rate=0.0001
[15:34:05] [S2] batch mini_step=83 optimizer_step=83 discriminator_total=4.1811065673828125 generator_total=24.95686149597168 feature=2.645486354827881 mel=18.23202896118164 kl_ssl=0.0 kl=1.5983327627182007 grad_norm_d=58.56529938246654 grad_norm_g=515.2332409588566 learning_rate=0.0001
[15:34:06] [S2] batch mini_step=84 optimizer_step=84 discriminator_total=3.982630491256714 generator_total=36.5983772277832 feature=11.50124740600586 mel=20.492353439331055 kl_ssl=0.0 kl=2.1070847511291504 grad_norm_d=48.09019116368007 grad_norm_g=152.50670876787063 learning_rate=0.0001
[15:34:08] [S2] batch mini_step=85 optimizer_step=85 discriminator_total=3.9143645763397217 generator_total=27.0433349609375 feature=5.436439514160156 mel=17.52220916748047 kl_ssl=0.0 kl=1.8145780563354492 grad_norm_d=73.84651376422367 grad_norm_g=195.04040042683656 learning_rate=0.0001
[15:34:09] [S2] batch mini_step=86 optimizer_step=86 discriminator_total=4.123802185058594 generator_total=35.75844955444336 feature=9.615901947021484 mel=22.543428421020508 kl_ssl=0.0 kl=1.5685038566589355 grad_norm_d=58.375519909325796 grad_norm_g=152.3945007175608 learning_rate=0.0001
[15:34:10] [S2] batch mini_step=87 optimizer_step=87 discriminator_total=3.7138705253601074 generator_total=37.17140197753906 feature=11.878068923950195 mel=20.749330520629883 kl_ssl=0.0 kl=1.9032855033874512 grad_norm_d=100.64893141452957 grad_norm_g=151.92709680533486 learning_rate=0.0001
[15:34:11] [S2] batch mini_step=88 optimizer_step=88 discriminator_total=4.192438125610352 generator_total=25.647001266479492 feature=4.899096965789795 mel=16.879276275634766 kl_ssl=0.0 kl=1.670736312866211 grad_norm_d=104.12763374866566 grad_norm_g=366.91438358024 learning_rate=0.0001
[15:34:13] [S2] batch mini_step=89 optimizer_step=89 discriminator_total=3.9197962284088135 generator_total=33.55786895751953 feature=9.60341739654541 mel=19.446043014526367 kl_ssl=0.0 kl=1.6323285102844238 grad_norm_d=84.40102916406993 grad_norm_g=293.22666689205766 learning_rate=0.0001
[15:34:14] [S2] batch mini_step=90 optimizer_step=90 discriminator_total=3.415919542312622 generator_total=34.23847961425781 feature=10.00841236114502 mel=20.411916732788086 kl_ssl=0.0 kl=1.2221146821975708 grad_norm_d=34.98451796321601 grad_norm_g=1395.906681143239 learning_rate=0.0001
[15:34:15] [S2] batch mini_step=91 optimizer_step=91 discriminator_total=3.8116366863250732 generator_total=35.7362060546875 feature=10.254202842712402 mel=21.430648803710938 kl_ssl=0.0 kl=1.2647745609283447 grad_norm_d=31.955592146557382 grad_norm_g=273.6621441833351 learning_rate=0.0001
[15:34:16] [S2] batch mini_step=92 optimizer_step=92 discriminator_total=3.6127536296844482 generator_total=35.60082244873047 feature=9.333529472351074 mel=21.41452407836914 kl_ssl=0.0 kl=2.104604959487915 grad_norm_d=59.06176805243063 grad_norm_g=207.5965337834879 learning_rate=0.0001
[15:34:17] [S2] batch mini_step=93 optimizer_step=93 discriminator_total=3.491398334503174 generator_total=33.787567138671875 feature=8.808601379394531 mel=20.101856231689453 kl_ssl=0.0 kl=2.1400375366210938 grad_norm_d=72.4971613461467 grad_norm_g=298.9074602919841 learning_rate=0.0001
[15:34:18] [S2] batch mini_step=94 optimizer_step=94 discriminator_total=3.638421058654785 generator_total=30.232589721679688 feature=6.7236857414245605 mel=19.363977432250977 kl_ssl=0.0 kl=1.4579914808273315 grad_norm_d=66.39634017667443 grad_norm_g=158.23389386114152 learning_rate=0.0001
[15:34:20] [S2] batch mini_step=1 optimizer_step=95 discriminator_total=3.429150104522705 generator_total=35.10309600830078 feature=9.155753135681152 mel=21.47426414489746 kl_ssl=0.0 kl=1.6864501237869263 grad_norm_d=50.13365675637529 grad_norm_g=225.2129128746849 learning_rate=9.99875e-05
[15:34:21] [S2] batch mini_step=2 optimizer_step=96 discriminator_total=4.047795295715332 generator_total=30.227981567382812 feature=5.079622745513916 mel=21.523595809936523 kl_ssl=0.0 kl=1.093891978263855 grad_norm_d=40.05221481261413 grad_norm_g=1478.3016069809137 learning_rate=9.99875e-05
[15:34:22] [S2] batch mini_step=3 optimizer_step=97 discriminator_total=3.728384256362915 generator_total=29.153871536254883 feature=6.7623610496521 mel=18.176410675048828 kl_ssl=0.0 kl=1.6929153203964233 grad_norm_d=40.02593369253856 grad_norm_g=248.26816071573015 learning_rate=9.99875e-05
[15:34:23] [S2] batch mini_step=4 optimizer_step=98 discriminator_total=3.666510820388794 generator_total=35.60015869140625 feature=10.740921974182129 mel=20.156946182250977 kl_ssl=0.0 kl=2.0684666633605957 grad_norm_d=21.09955663330351 grad_norm_g=122.47365006944942 learning_rate=9.99875e-05
[15:34:24] [S2] batch mini_step=5 optimizer_step=99 discriminator_total=3.580904245376587 generator_total=36.04590606689453 feature=12.12061595916748 mel=19.978870391845703 kl_ssl=0.0 kl=1.2156471014022827 grad_norm_d=39.98490517627312 grad_norm_g=145.06012285083605 learning_rate=9.99875e-05
[15:34:25] [S2] batch mini_step=6 optimizer_step=100 discriminator_total=3.777338981628418 generator_total=27.630521774291992 feature=5.7999587059021 mel=17.813085556030273 kl_ssl=0.0 kl=1.4472671747207642 grad_norm_d=57.550543662776924 grad_norm_g=694.9604785943094 learning_rate=9.99875e-05
[15:34:26] [S2] batch mini_step=7 optimizer_step=101 discriminator_total=3.770890235900879 generator_total=23.980201721191406 feature=3.074414014816284 mel=16.779253005981445 kl_ssl=0.0 kl=1.5267757177352905 grad_norm_d=43.870109809108506 grad_norm_g=435.5552136869605 learning_rate=9.99875e-05
[15:34:27] [S2] batch mini_step=8 optimizer_step=102 discriminator_total=3.8454527854919434 generator_total=38.87771224975586 feature=11.760336875915527 mel=21.841821670532227 kl_ssl=0.0 kl=2.0524816513061523 grad_norm_d=70.97370322729358 grad_norm_g=138.129785711089 learning_rate=9.99875e-05
[15:34:28] [S2] batch mini_step=9 optimizer_step=103 discriminator_total=3.7298972606658936 generator_total=34.25960922241211 feature=9.967720031738281 mel=20.54465675354004 kl_ssl=0.0 kl=0.9782484173774719 grad_norm_d=26.079772044453602 grad_norm_g=376.1238725766715 learning_rate=9.99875e-05
[15:34:29] [S2] batch mini_step=10 optimizer_step=104 discriminator_total=3.7845075130462646 generator_total=36.532859802246094 feature=11.774713516235352 mel=20.49755859375 kl_ssl=0.0 kl=1.3878936767578125 grad_norm_d=33.07207028063232 grad_norm_g=175.62821695961534 learning_rate=9.99875e-05
[15:34:31] [S2] batch mini_step=11 optimizer_step=105 discriminator_total=3.882642984390259 generator_total=36.84850311279297 feature=12.197235107421875 mel=20.336902618408203 kl_ssl=0.0 kl=1.4699996709823608 grad_norm_d=60.57685088172224 grad_norm_g=121.26700663695867 learning_rate=9.99875e-05
[15:34:32] [S2] batch mini_step=12 optimizer_step=106 discriminator_total=4.040197372436523 generator_total=31.070987701416016 feature=6.960265159606934 mel=20.227689743041992 kl_ssl=0.0 kl=1.5267441272735596 grad_norm_d=98.94899260240062 grad_norm_g=658.1453369112455 learning_rate=9.99875e-05
[15:34:33] [S2] batch mini_step=13 optimizer_step=107 discriminator_total=3.8649137020111084 generator_total=26.708881378173828 feature=5.778531074523926 mel=17.53179168701172 kl_ssl=0.0 kl=1.1253396272659302 grad_norm_d=35.4369359593995 grad_norm_g=1029.4551243262895 learning_rate=9.99875e-05
[15:34:34] [S2] batch mini_step=14 optimizer_step=108 discriminator_total=3.4789540767669678 generator_total=36.02736282348633 feature=11.8894624710083 mel=19.619216918945312 kl_ssl=0.0 kl=1.8090862035751343 grad_norm_d=32.99771231891346 grad_norm_g=141.94190037188687 learning_rate=9.99875e-05
[15:34:35] [S2] batch mini_step=15 optimizer_step=109 discriminator_total=3.6262786388397217 generator_total=36.1993522644043 feature=11.162529945373535 mel=20.69603729248047 kl_ssl=0.0 kl=1.418163537979126 grad_norm_d=54.620081921731106 grad_norm_g=408.69414337680143 learning_rate=9.99875e-05
[15:34:36] [S2] batch mini_step=16 optimizer_step=110 discriminator_total=3.9471967220306396 generator_total=30.68041229248047 feature=7.122485160827637 mel=20.546777725219727 kl_ssl=0.0 kl=0.743217408657074 grad_norm_d=55.781386193752894 grad_norm_g=1958.8319053130745 learning_rate=9.99875e-05
[15:34:37] [S2] batch mini_step=17 optimizer_step=111 discriminator_total=3.808441162109375 generator_total=24.526260375976562 feature=2.0627553462982178 mel=18.672719955444336 kl_ssl=0.0 kl=1.4134684801101685 grad_norm_d=54.01400256334239 grad_norm_g=1001.6610938610054 learning_rate=9.99875e-05
[15:34:39] [S2] batch mini_step=18 optimizer_step=112 discriminator_total=3.753218650817871 generator_total=36.6336784362793 feature=12.164350509643555 mel=20.857120513916016 kl_ssl=0.0 kl=0.7600905299186707 grad_norm_d=52.271907658180254 grad_norm_g=322.8300560217612 learning_rate=9.99875e-05
[15:34:40] [S2] batch mini_step=19 optimizer_step=113 discriminator_total=3.650714159011841 generator_total=37.162139892578125 feature=12.307472229003906 mel=20.64857292175293 kl_ssl=0.0 kl=1.4838122129440308 grad_norm_d=39.301277441876806 grad_norm_g=356.9802198404153 learning_rate=9.99875e-05
[15:34:41] [S2] batch mini_step=20 optimizer_step=114 discriminator_total=3.9881479740142822 generator_total=37.1087532043457 feature=13.122553825378418 mel=19.84739112854004 kl_ssl=0.0 kl=1.7103588581085205 grad_norm_d=47.90496359076719 grad_norm_g=469.54375663328165 learning_rate=9.99875e-05
[15:34:42] [S2] batch mini_step=21 optimizer_step=115 discriminator_total=4.095623970031738 generator_total=29.48505973815918 feature=4.676748275756836 mel=20.298995971679688 kl_ssl=0.0 kl=1.7912241220474243 grad_norm_d=49.49947164764217 grad_norm_g=1004.245616660758 learning_rate=9.99875e-05
[15:34:43] [S2] batch mini_step=22 optimizer_step=116 discriminator_total=4.224481582641602 generator_total=28.437759399414062 feature=3.482079029083252 mel=20.98543930053711 kl_ssl=0.0 kl=1.444890022277832 grad_norm_d=280.0714554490131 grad_norm_g=706.2003453891338 learning_rate=9.99875e-05
[15:34:44] [S2] batch mini_step=23 optimizer_step=117 discriminator_total=3.9925789833068848 generator_total=38.911067962646484 feature=12.75956916809082 mel=22.328781127929688 kl_ssl=0.0 kl=1.214734673500061 grad_norm_d=118.79436860112513 grad_norm_g=270.356426582878 learning_rate=9.99875e-05
[15:34:45] [S2] batch mini_step=24 optimizer_step=118 discriminator_total=3.787304401397705 generator_total=35.74394989013672 feature=11.738724708557129 mel=19.953266143798828 kl_ssl=0.0 kl=1.3055857419967651 grad_norm_d=23.965345475521982 grad_norm_g=138.80999989848095 learning_rate=9.99875e-05
[15:34:46] [S2] batch mini_step=25 optimizer_step=119 discriminator_total=3.4307186603546143 generator_total=35.13276672363281 feature=9.54401969909668 mel=21.56847381591797 kl_ssl=0.0 kl=1.1951782703399658 grad_norm_d=37.3204543176895 grad_norm_g=344.0940060086261 learning_rate=9.99875e-05
[15:34:48] [S2] batch mini_step=26 optimizer_step=120 discriminator_total=3.967581033706665 generator_total=35.31781005859375 feature=11.37827205657959 mel=20.292644500732422 kl_ssl=0.0 kl=0.9221730828285217 grad_norm_d=66.78680940484409 grad_norm_g=394.6351937659291 learning_rate=9.99875e-05
[15:34:49] [S2] batch mini_step=27 optimizer_step=121 discriminator_total=3.699540138244629 generator_total=30.830078125 feature=5.924667835235596 mel=20.65311622619629 kl_ssl=0.0 kl=1.339665412902832 grad_norm_d=31.3560952813075 grad_norm_g=223.99889345603182 learning_rate=9.99875e-05
[15:34:50] [S2] batch mini_step=28 optimizer_step=122 discriminator_total=4.031143665313721 generator_total=35.37237548828125 feature=10.782584190368652 mel=20.361515045166016 kl_ssl=0.0 kl=1.487703561782837 grad_norm_d=36.23219495376645 grad_norm_g=172.72017240526122 learning_rate=9.99875e-05
[15:34:51] [S2] batch mini_step=29 optimizer_step=123 discriminator_total=3.7475926876068115 generator_total=30.318605422973633 feature=6.763805866241455 mel=20.00065803527832 kl_ssl=0.0 kl=1.1170622110366821 grad_norm_d=30.467782764067962 grad_norm_g=236.26300579856297 learning_rate=9.99875e-05
[15:34:52] [S2] batch mini_step=30 optimizer_step=124 discriminator_total=3.906292676925659 generator_total=35.54912567138672 feature=11.267536163330078 mel=19.356464385986328 kl_ssl=0.0 kl=2.4367759227752686 grad_norm_d=39.15907012448183 grad_norm_g=396.33892603329815 learning_rate=9.99875e-05
[15:34:53] [S2] batch mini_step=31 optimizer_step=125 discriminator_total=3.8984365463256836 generator_total=37.51505661010742 feature=12.398811340332031 mel=19.796173095703125 kl_ssl=0.0 kl=2.600789785385132 grad_norm_d=15.733703710752877 grad_norm_g=146.32967447349844 learning_rate=9.99875e-05
[15:34:54] [S2] batch mini_step=32 optimizer_step=126 discriminator_total=3.683539390563965 generator_total=36.70160675048828 feature=10.971437454223633 mel=21.424654006958008 kl_ssl=0.0 kl=1.7121365070343018 grad_norm_d=39.949987021219094 grad_norm_g=206.8251803107966 learning_rate=9.99875e-05
[15:34:55] [S2] batch mini_step=33 optimizer_step=127 discriminator_total=4.002526760101318 generator_total=29.68787956237793 feature=4.8180108070373535 mel=20.736759185791016 kl_ssl=0.0 kl=1.586096167564392 grad_norm_d=23.978953106665976 grad_norm_g=1233.1733272643623 learning_rate=9.99875e-05
[15:34:56] [S2] batch mini_step=34 optimizer_step=128 discriminator_total=3.5590579509735107 generator_total=34.388858795166016 feature=7.429008960723877 mel=21.842985153198242 kl_ssl=0.0 kl=2.345961809158325 grad_norm_d=39.36510901086585 grad_norm_g=297.6689969288554 learning_rate=9.99875e-05
[15:34:57] [S2] batch mini_step=35 optimizer_step=129 discriminator_total=4.10224723815918 generator_total=32.06275177001953 feature=7.03463888168335 mel=19.734893798828125 kl_ssl=0.0 kl=2.6458168029785156 grad_norm_d=34.09013240721278 grad_norm_g=181.37744435313223 learning_rate=9.99875e-05
[15:34:59] [S2] batch mini_step=36 optimizer_step=130 discriminator_total=3.942988395690918 generator_total=28.916933059692383 feature=6.538521766662598 mel=17.389339447021484 kl_ssl=0.0 kl=2.4990413188934326 grad_norm_d=23.285401075836546 grad_norm_g=328.9614906203942 learning_rate=9.99875e-05
[15:35:00] [S2] batch mini_step=37 optimizer_step=131 discriminator_total=3.7202911376953125 generator_total=39.393775939941406 feature=13.756608009338379 mel=21.22007942199707 kl_ssl=0.0 kl=1.5013388395309448 grad_norm_d=23.25577772013633 grad_norm_g=165.92101115686336 learning_rate=9.99875e-05
[15:35:01] [S2] batch mini_step=38 optimizer_step=132 discriminator_total=3.897003173828125 generator_total=21.249103546142578 feature=0.41847696900367737 mel=16.98729705810547 kl_ssl=0.0 kl=1.7433500289916992 grad_norm_d=25.64781077244781 grad_norm_g=1465.5229422118878 learning_rate=9.99875e-05
[15:35:02] [S2] batch mini_step=39 optimizer_step=133 discriminator_total=3.5628437995910645 generator_total=40.19997024536133 feature=14.478203773498535 mel=21.388084411621094 kl_ssl=0.0 kl=1.6352413892745972 grad_norm_d=34.08028537396271 grad_norm_g=146.99677570754204 learning_rate=9.99875e-05
[15:35:03] [S2] batch mini_step=40 optimizer_step=134 discriminator_total=3.5441842079162598 generator_total=36.76649475097656 feature=10.917096138000488 mel=21.22295379638672 kl_ssl=0.0 kl=2.0818588733673096 grad_norm_d=58.551094327526656 grad_norm_g=146.28125109521173 learning_rate=9.99875e-05
[15:35:04] [S2] batch mini_step=41 optimizer_step=135 discriminator_total=3.638211965560913 generator_total=31.9218807220459 feature=8.295707702636719 mel=19.794334411621094 kl_ssl=0.0 kl=1.4958471059799194 grad_norm_d=46.69986123345943 grad_norm_g=321.91649517188097 learning_rate=9.99875e-05
[15:35:05] [S2] batch mini_step=42 optimizer_step=136 discriminator_total=3.9081883430480957 generator_total=25.964277267456055 feature=3.2256081104278564 mel=19.7343692779541 kl_ssl=0.0 kl=0.6854116320610046 grad_norm_d=33.484514148257524 grad_norm_g=864.0937754601525 learning_rate=9.99875e-05
[15:35:06] [S2] batch mini_step=43 optimizer_step=137 discriminator_total=3.4246928691864014 generator_total=24.358848571777344 feature=3.0340864658355713 mel=17.523611068725586 kl_ssl=0.0 kl=1.4379059076309204 grad_norm_d=31.722326699659412 grad_norm_g=591.3606261306572 learning_rate=9.99875e-05
[15:35:08] [S2] batch mini_step=44 optimizer_step=138 discriminator_total=3.8799984455108643 generator_total=27.936906814575195 feature=6.6403961181640625 mel=18.253475189208984 kl_ssl=0.0 kl=0.7628942728042603 grad_norm_d=70.97467731703046 grad_norm_g=317.0691306009386 learning_rate=9.99875e-05
[15:35:09] [S2] batch mini_step=45 optimizer_step=139 discriminator_total=3.7989935874938965 generator_total=24.659000396728516 feature=2.7556393146514893 mel=17.474802017211914 kl_ssl=0.0 kl=2.08697509765625 grad_norm_d=33.91486196239242 grad_norm_g=620.3101038682902 learning_rate=9.99875e-05
[15:35:10] [S2] batch mini_step=46 optimizer_step=140 discriminator_total=4.212823867797852 generator_total=34.46894836425781 feature=8.993341445922852 mel=21.225303649902344 kl_ssl=0.0 kl=2.0540482997894287 grad_norm_d=70.07171941976176 grad_norm_g=231.44855441852724 learning_rate=9.99875e-05
[15:35:11] [S2] batch mini_step=47 optimizer_step=141 discriminator_total=3.7661728858947754 generator_total=36.48655700683594 feature=12.374178886413574 mel=20.263702392578125 kl_ssl=0.0 kl=0.8128235936164856 grad_norm_d=61.21830421108416 grad_norm_g=96.26634961557428 learning_rate=9.99875e-05
[15:35:12] [S2] batch mini_step=48 optimizer_step=142 discriminator_total=3.6907124519348145 generator_total=35.897850036621094 feature=10.377239227294922 mel=21.123828887939453 kl_ssl=0.0 kl=1.4312530755996704 grad_norm_d=54.60743982930095 grad_norm_g=311.4452338515026 learning_rate=9.99875e-05
[15:35:13] [S2] batch mini_step=49 optimizer_step=143 discriminator_total=3.3003852367401123 generator_total=35.6073112487793 feature=11.056888580322266 mel=19.995935440063477 kl_ssl=0.0 kl=1.495875597000122 grad_norm_d=55.27403325441435 grad_norm_g=355.5373446032249 learning_rate=9.99875e-05
[15:35:15] [S2] batch mini_step=50 optimizer_step=144 discriminator_total=3.8802285194396973 generator_total=32.79164505004883 feature=9.450933456420898 mel=19.477615356445312 kl_ssl=0.0 kl=0.6500692367553711 grad_norm_d=32.72057782384791 grad_norm_g=221.83787756600606 learning_rate=9.99875e-05
[15:35:16] [S2] batch mini_step=51 optimizer_step=145 discriminator_total=3.5905959606170654 generator_total=29.553569793701172 feature=6.278822898864746 mel=19.26760482788086 kl_ssl=0.0 kl=1.3349332809448242 grad_norm_d=27.143157093946055 grad_norm_g=411.68530735262885 learning_rate=9.99875e-05
[15:35:17] [S2] batch mini_step=52 optimizer_step=146 discriminator_total=3.7959859371185303 generator_total=28.37761878967285 feature=7.130453109741211 mel=16.570035934448242 kl_ssl=0.0 kl=2.277141571044922 grad_norm_d=22.19780393231372 grad_norm_g=449.42908408530906 learning_rate=9.99875e-05
[15:35:18] [S2] batch mini_step=53 optimizer_step=147 discriminator_total=3.7625539302825928 generator_total=28.304889678955078 feature=5.26506233215332 mel=18.533716201782227 kl_ssl=0.0 kl=2.1081132888793945 grad_norm_d=24.65676281891355 grad_norm_g=380.59970639440985 learning_rate=9.99875e-05
[15:35:19] [S2] batch mini_step=54 optimizer_step=148 discriminator_total=3.7484326362609863 generator_total=37.842796325683594 feature=12.959830284118652 mel=20.67555046081543 kl_ssl=0.0 kl=1.7071417570114136 grad_norm_d=62.17198829891971 grad_norm_g=141.26722456605015 learning_rate=9.99875e-05
[15:35:20] [S2] batch mini_step=55 optimizer_step=149 discriminator_total=3.803527593612671 generator_total=23.25105094909668 feature=2.839939832687378 mel=16.890573501586914 kl_ssl=0.0 kl=1.2949280738830566 grad_norm_d=59.132763302922726 grad_norm_g=936.9265101089622 learning_rate=9.99875e-05
[15:35:21] [S2] batch mini_step=56 optimizer_step=150 discriminator_total=3.885427236557007 generator_total=24.52045440673828 feature=3.5397398471832275 mel=16.96107292175293 kl_ssl=0.0 kl=1.6741108894348145 grad_norm_d=36.75368910151095 grad_norm_g=248.69656666578186 learning_rate=9.99875e-05
[15:35:22] [S2] batch mini_step=57 optimizer_step=151 discriminator_total=3.7747509479522705 generator_total=23.83662223815918 feature=4.941011905670166 mel=15.328160285949707 kl_ssl=0.0 kl=1.2692147493362427 grad_norm_d=28.778866422456417 grad_norm_g=468.6333162643798 learning_rate=9.99875e-05
[15:35:23] [S2] batch mini_step=58 optimizer_step=152 discriminator_total=3.7277212142944336 generator_total=40.60334014892578 feature=15.030046463012695 mel=20.99382209777832 kl_ssl=0.0 kl=1.9302978515625 grad_norm_d=28.7071284505258 grad_norm_g=162.63598442364565 learning_rate=9.99875e-05
[15:35:24] [S2] batch mini_step=59 optimizer_step=153 discriminator_total=3.5314626693725586 generator_total=32.44139862060547 feature=10.662476539611816 mel=17.82904624938965 kl_ssl=0.0 kl=1.0159002542495728 grad_norm_d=33.41295701139078 grad_norm_g=397.956767586381 learning_rate=9.99875e-05
[15:35:26] [S2] batch mini_step=60 optimizer_step=154 discriminator_total=3.763127326965332 generator_total=29.262466430664062 feature=6.828588962554932 mel=18.581745147705078 kl_ssl=0.0 kl=1.0218675136566162 grad_norm_d=46.05125567876701 grad_norm_g=295.1017735736193 learning_rate=9.99875e-05
[15:35:27] [S2] batch mini_step=61 optimizer_step=155 discriminator_total=3.6689348220825195 generator_total=35.08127212524414 feature=9.706496238708496 mel=20.98603630065918 kl_ssl=0.0 kl=1.5877104997634888 grad_norm_d=54.27846229771072 grad_norm_g=374.0927684940052 learning_rate=9.99875e-05
[15:35:28] [S2] batch mini_step=62 optimizer_step=156 discriminator_total=3.5890467166900635 generator_total=23.828693389892578 feature=2.4384114742279053 mel=17.50691795349121 kl_ssl=0.0 kl=1.6205402612686157 grad_norm_d=40.95360055251855 grad_norm_g=649.8828479396378 learning_rate=9.99875e-05
[15:35:29] [S2] batch mini_step=63 optimizer_step=157 discriminator_total=3.7986674308776855 generator_total=28.480268478393555 feature=6.100622177124023 mel=17.538591384887695 kl_ssl=0.0 kl=2.210587978363037 grad_norm_d=39.20527061964942 grad_norm_g=226.8358394662268 learning_rate=9.99875e-05
[15:35:30] [S2] batch mini_step=64 optimizer_step=158 discriminator_total=3.6908087730407715 generator_total=33.24721908569336 feature=10.468301773071289 mel=19.29571533203125 kl_ssl=0.0 kl=0.8222753405570984 grad_norm_d=43.606401538927884 grad_norm_g=209.7010133684902 learning_rate=9.99875e-05
[15:35:31] [S2] batch mini_step=65 optimizer_step=159 discriminator_total=3.8824424743652344 generator_total=26.627532958984375 feature=6.2855634689331055 mel=16.336942672729492 kl_ssl=0.0 kl=1.7717951536178589 grad_norm_d=28.539158274072086 grad_norm_g=1214.226551004499 learning_rate=9.99875e-05
[15:35:32] [S2] batch mini_step=66 optimizer_step=160 discriminator_total=3.730242967605591 generator_total=24.423542022705078 feature=4.874729633331299 mel=16.252424240112305 kl_ssl=0.0 kl=0.888035774230957 grad_norm_d=31.897841247273476 grad_norm_g=543.9592493208263 learning_rate=9.99875e-05
[15:35:33] [S2] batch mini_step=67 optimizer_step=161 discriminator_total=3.809088706970215 generator_total=21.558910369873047 feature=1.2459479570388794 mel=16.46417999267578 kl_ssl=0.0 kl=1.636495590209961 grad_norm_d=24.664987142724954 grad_norm_g=594.1336117216362 learning_rate=9.99875e-05
[15:35:35] [S2] batch mini_step=68 optimizer_step=162 discriminator_total=3.798429489135742 generator_total=30.569316864013672 feature=6.917202472686768 mel=19.19689178466797 kl_ssl=0.0 kl=1.8257462978363037 grad_norm_d=24.67211172862221 grad_norm_g=167.7013318618086 learning_rate=9.99875e-05
[15:35:36] [S2] batch mini_step=69 optimizer_step=163 discriminator_total=3.7245564460754395 generator_total=26.868236541748047 feature=5.650748252868652 mel=17.17679214477539 kl_ssl=0.0 kl=1.4904093742370605 grad_norm_d=20.942072283230456 grad_norm_g=356.37444394382607 learning_rate=9.99875e-05
[15:35:37] [S2] batch mini_step=70 optimizer_step=164 discriminator_total=3.723742723464966 generator_total=28.375625610351562 feature=6.127177715301514 mel=17.965742111206055 kl_ssl=0.0 kl=1.5575571060180664 grad_norm_d=37.9535124914861 grad_norm_g=329.5097066112735 learning_rate=9.99875e-05
[15:35:38] [S2] batch mini_step=71 optimizer_step=165 discriminator_total=3.779130697250366 generator_total=34.61562728881836 feature=10.809967994689941 mel=20.24250030517578 kl_ssl=0.0 kl=1.133463740348816 grad_norm_d=26.524116523120437 grad_norm_g=232.41688073876037 learning_rate=9.99875e-05
[15:35:39] [S2] batch mini_step=72 optimizer_step=166 discriminator_total=3.404101848602295 generator_total=34.1826171875 feature=10.005555152893066 mel=20.305500030517578 kl_ssl=0.0 kl=1.0735061168670654 grad_norm_d=40.51211079466138 grad_norm_g=221.015432702417 learning_rate=9.99875e-05
[15:35:40] [S2] batch mini_step=73 optimizer_step=167 discriminator_total=3.6736397743225098 generator_total=36.92621994018555 feature=12.949130058288574 mel=19.457773208618164 kl_ssl=0.0 kl=2.0310347080230713 grad_norm_d=18.288344923871193 grad_norm_g=70.5828811563765 learning_rate=9.99875e-05
[15:35:41] [S2] batch mini_step=74 optimizer_step=168 discriminator_total=3.680609703063965 generator_total=25.634017944335938 feature=4.954643249511719 mel=16.5434513092041 kl_ssl=0.0 kl=1.745571494102478 grad_norm_d=45.01864655132575 grad_norm_g=435.8884387717338 learning_rate=9.99875e-05
[15:35:42] [S2] batch mini_step=75 optimizer_step=169 discriminator_total=3.5048468112945557 generator_total=27.501691818237305 feature=5.131657600402832 mel=18.5949764251709 kl_ssl=0.0 kl=1.529723048210144 grad_norm_d=48.51942803340159 grad_norm_g=372.02807972946425 learning_rate=9.99875e-05
[15:35:43] [S2] batch mini_step=76 optimizer_step=170 discriminator_total=3.2651591300964355 generator_total=31.533870697021484 feature=8.674362182617188 mel=19.07377052307129 kl_ssl=0.0 kl=1.1486846208572388 grad_norm_d=49.96073930904434 grad_norm_g=337.09288933475403 learning_rate=9.99875e-05
[15:35:45] [S2] batch mini_step=77 optimizer_step=171 discriminator_total=3.708531379699707 generator_total=29.78119659423828 feature=6.537381649017334 mel=18.785240173339844 kl_ssl=0.0 kl=1.7059069871902466 grad_norm_d=74.16533912990636 grad_norm_g=401.79948734704544 learning_rate=9.99875e-05
[15:35:46] [S2] batch mini_step=78 optimizer_step=172 discriminator_total=3.5353968143463135 generator_total=36.36980056762695 feature=11.510976791381836 mel=19.966793060302734 kl_ssl=0.0 kl=1.8345787525177002 grad_norm_d=46.68058055073253 grad_norm_g=130.61054597861167 learning_rate=9.99875e-05
[15:35:47] [S2] batch mini_step=79 optimizer_step=173 discriminator_total=3.3268158435821533 generator_total=30.32713508605957 feature=7.007126808166504 mel=19.53984260559082 kl_ssl=0.0 kl=0.4476635158061981 grad_norm_d=72.25122473207325 grad_norm_g=452.40480184238334 learning_rate=9.99875e-05
[15:35:48] [S2] batch mini_step=80 optimizer_step=174 discriminator_total=3.9777612686157227 generator_total=33.68089294433594 feature=9.271763801574707 mel=19.673032760620117 kl_ssl=0.0 kl=1.91746187210083 grad_norm_d=38.55874948107835 grad_norm_g=292.90698887429664 learning_rate=9.99875e-05
[15:35:49] [S2] batch mini_step=81 optimizer_step=175 discriminator_total=3.9591310024261475 generator_total=25.198802947998047 feature=4.562643051147461 mel=16.552719116210938 kl_ssl=0.0 kl=1.4487429857254028 grad_norm_d=89.22363952315402 grad_norm_g=622.987012050953 learning_rate=9.99875e-05
[15:35:50] [S2] batch mini_step=82 optimizer_step=176 discriminator_total=3.76220965385437 generator_total=30.443450927734375 feature=8.536319732666016 mel=17.83051109313965 kl_ssl=0.0 kl=1.6377177238464355 grad_norm_d=41.70855433875843 grad_norm_g=407.0920561686254 learning_rate=9.99875e-05
[15:35:51] [S2] batch mini_step=83 optimizer_step=177 discriminator_total=3.8036651611328125 generator_total=28.90506362915039 feature=7.0117573738098145 mel=17.68996810913086 kl_ssl=0.0 kl=1.8187131881713867 grad_norm_d=43.44815977678408 grad_norm_g=369.4025156834833 learning_rate=9.99875e-05
[15:35:52] [S2] batch mini_step=84 optimizer_step=178 discriminator_total=3.694826602935791 generator_total=32.30809020996094 feature=8.095229148864746 mel=19.797706604003906 kl_ssl=0.0 kl=1.495617389678955 grad_norm_d=30.990810551964653 grad_norm_g=154.20190765006694 learning_rate=9.99875e-05
[15:35:53] [S2] batch mini_step=85 optimizer_step=179 discriminator_total=3.774195432662964 generator_total=34.22720718383789 feature=9.02620792388916 mel=20.084501266479492 kl_ssl=0.0 kl=1.9588221311569214 grad_norm_d=68.73761149142992 grad_norm_g=338.4723744033056 learning_rate=9.99875e-05
[15:35:54] [S2] batch mini_step=86 optimizer_step=180 discriminator_total=3.7909321784973145 generator_total=18.111454010009766 feature=1.1548733711242676 mel=14.079102516174316 kl_ssl=0.0 kl=0.6910135746002197 grad_norm_d=55.118506788763426 grad_norm_g=659.6699086204744 learning_rate=9.99875e-05
[15:35:56] [S2] batch mini_step=87 optimizer_step=181 discriminator_total=3.567575693130493 generator_total=26.634008407592773 feature=6.246073246002197 mel=17.198348999023438 kl_ssl=0.0 kl=0.484068363904953 grad_norm_d=53.702090819386214 grad_norm_g=422.51998187788485 learning_rate=9.99875e-05
[15:35:57] [S2] batch mini_step=88 optimizer_step=182 discriminator_total=3.6369545459747314 generator_total=38.12620544433594 feature=12.078385353088379 mel=21.786041259765625 kl_ssl=0.0 kl=1.7863831520080566 grad_norm_d=45.14445787210493 grad_norm_g=234.8526998523254 learning_rate=9.99875e-05
[15:35:58] [S2] batch mini_step=89 optimizer_step=183 discriminator_total=3.553807258605957 generator_total=31.575634002685547 feature=8.938824653625488 mel=18.914690017700195 kl_ssl=0.0 kl=0.8835809230804443 grad_norm_d=65.58412189878865 grad_norm_g=243.6076924174375 learning_rate=9.99875e-05
[15:35:59] [S2] batch mini_step=90 optimizer_step=184 discriminator_total=3.3903331756591797 generator_total=37.39822769165039 feature=13.20082950592041 mel=19.864330291748047 kl_ssl=0.0 kl=1.412104845046997 grad_norm_d=17.50102544857656 grad_norm_g=120.21068973580945 learning_rate=9.99875e-05
[15:36:00] [S2] batch mini_step=91 optimizer_step=185 discriminator_total=3.766498565673828 generator_total=25.233369827270508 feature=4.962826728820801 mel=17.126264572143555 kl_ssl=0.0 kl=0.4129403233528137 grad_norm_d=60.51431888254315 grad_norm_g=408.15551346765346 learning_rate=9.99875e-05
[15:36:01] [S2] batch mini_step=92 optimizer_step=186 discriminator_total=3.9504570960998535 generator_total=28.386308670043945 feature=4.690432071685791 mel=19.645313262939453 kl_ssl=0.0 kl=1.5888519287109375 grad_norm_d=23.41191206782428 grad_norm_g=346.8562535555069 learning_rate=9.99875e-05
[15:36:02] [S2] batch mini_step=93 optimizer_step=187 discriminator_total=3.7526798248291016 generator_total=34.12131881713867 feature=10.327116966247559 mel=20.232566833496094 kl_ssl=0.0 kl=1.143572449684143 grad_norm_d=52.614751451625715 grad_norm_g=127.4361491188078 learning_rate=9.99875e-05
[15:36:03] [S2] batch mini_step=94 optimizer_step=188 discriminator_total=3.807401657104492 generator_total=38.26839828491211 feature=12.981876373291016 mel=19.976308822631836 kl_ssl=0.0 kl=2.613708257675171 grad_norm_d=66.46792467297524 grad_norm_g=174.88030271507313 learning_rate=9.99875e-05
[15:36:05] [S2] batch mini_step=1 optimizer_step=189 discriminator_total=3.8488574028015137 generator_total=29.725584030151367 feature=5.749264717102051 mel=19.72498893737793 kl_ssl=0.0 kl=1.7526147365570068 grad_norm_d=103.7277623208083 grad_norm_g=283.68096116360186 learning_rate=9.99750015625e-05
[15:36:06] [S2] batch mini_step=2 optimizer_step=190 discriminator_total=3.8116326332092285 generator_total=41.10713195800781 feature=15.284915924072266 mel=22.370500564575195 kl_ssl=0.0 kl=0.8922041654586792 grad_norm_d=50.54293971871883 grad_norm_g=93.96898125422045 learning_rate=9.99750015625e-05
[15:36:07] [S2] batch mini_step=3 optimizer_step=191 discriminator_total=3.8823983669281006 generator_total=31.757509231567383 feature=8.650798797607422 mel=18.52269172668457 kl_ssl=0.0 kl=1.9227588176727295 grad_norm_d=49.198639200410796 grad_norm_g=147.7038731137099 learning_rate=9.99750015625e-05
[15:36:08] [S2] batch mini_step=4 optimizer_step=192 discriminator_total=3.9642233848571777 generator_total=35.499210357666016 feature=10.671426773071289 mel=20.504140853881836 kl_ssl=0.0 kl=1.4783408641815186 grad_norm_d=67.48732416882149 grad_norm_g=110.15933542500505 learning_rate=9.99750015625e-05
[15:36:09] [S2] batch mini_step=5 optimizer_step=193 discriminator_total=3.734520435333252 generator_total=35.355106353759766 feature=11.449422836303711 mel=19.84486198425293 kl_ssl=0.0 kl=1.2533985376358032 grad_norm_d=39.700519476191495 grad_norm_g=233.23954930896357 learning_rate=9.99750015625e-05
[15:36:10] [S2] batch mini_step=6 optimizer_step=194 discriminator_total=3.725834608078003 generator_total=33.33769226074219 feature=9.62265682220459 mel=19.483457565307617 kl_ssl=0.0 kl=1.4254070520401 grad_norm_d=79.90817120103979 grad_norm_g=245.02490606459887 learning_rate=9.99750015625e-05
[15:36:11] [S2] batch mini_step=7 optimizer_step=195 discriminator_total=3.7797272205352783 generator_total=28.30624008178711 feature=7.288995265960693 mel=18.031940460205078 kl_ssl=0.0 kl=0.15961243212223053 grad_norm_d=40.92473380261414 grad_norm_g=347.2111741574591 learning_rate=9.99750015625e-05
[15:36:12] [S2] batch mini_step=8 optimizer_step=196 discriminator_total=3.8889997005462646 generator_total=36.947994232177734 feature=13.229325294494629 mel=19.50530242919922 kl_ssl=0.0 kl=1.2710304260253906 grad_norm_d=47.835267073434515 grad_norm_g=184.98690922061445 learning_rate=9.99750015625e-05
[15:36:14] [S2] batch mini_step=9 optimizer_step=197 discriminator_total=3.8470513820648193 generator_total=26.859806060791016 feature=5.3490681648254395 mel=17.796178817749023 kl_ssl=0.0 kl=1.225000023841858 grad_norm_d=82.362374543928 grad_norm_g=328.5762739305415 learning_rate=9.99750015625e-05
[15:36:15] [S2] batch mini_step=10 optimizer_step=198 discriminator_total=4.009463310241699 generator_total=18.14740753173828 feature=0.7966554760932922 mel=14.535713195800781 kl_ssl=0.0 kl=0.8655878901481628 grad_norm_d=34.58010764824783 grad_norm_g=509.1664587473686 learning_rate=9.99750015625e-05
[15:36:16] [S2] batch mini_step=11 optimizer_step=199 discriminator_total=3.7133493423461914 generator_total=34.351688385009766 feature=9.209815979003906 mel=20.560508728027344 kl_ssl=0.0 kl=2.2584433555603027 grad_norm_d=77.0282098774252 grad_norm_g=292.5240902203828 learning_rate=9.99750015625e-05
[15:36:17] [S2] batch mini_step=12 optimizer_step=200 discriminator_total=3.941265821456909 generator_total=35.75895309448242 feature=12.065698623657227 mel=19.553592681884766 kl_ssl=0.0 kl=1.7396571636199951 grad_norm_d=69.2767792529706 grad_norm_g=107.36058063083507 learning_rate=9.99750015625e-05
[15:36:21] [S2] checkpoint optimizer_step=200 path=D:\AI-Training\voice-clone\voice-pipeline\voice-pipeline\runs\Lucy\training\s2\checkpoints\step-00000200.pt
[15:36:22] [S2] batch mini_step=13 optimizer_step=201 discriminator_total=3.476912021636963 generator_total=35.17977523803711 feature=11.935527801513672 mel=19.58205223083496 kl_ssl=0.0 kl=0.7950922846794128 grad_norm_d=40.960118688571924 grad_norm_g=499.9743987145969 learning_rate=9.99750015625e-05
[15:36:23] [S2] batch mini_step=14 optimizer_step=202 discriminator_total=3.818798065185547 generator_total=25.786144256591797 feature=4.55938720703125 mel=18.357587814331055 kl_ssl=0.0 kl=0.4121769964694977 grad_norm_d=38.9790796603921 grad_norm_g=332.9743903740988 learning_rate=9.99750015625e-05
[15:36:25] [S2] batch mini_step=15 optimizer_step=203 discriminator_total=3.6886677742004395 generator_total=34.940731048583984 feature=9.690722465515137 mel=19.867122650146484 kl_ssl=0.0 kl=2.2254586219787598 grad_norm_d=54.07622483075617 grad_norm_g=369.93317980937184 learning_rate=9.99750015625e-05
[15:36:26] [S2] batch mini_step=16 optimizer_step=204 discriminator_total=3.750067949295044 generator_total=32.04141616821289 feature=9.403425216674805 mel=18.731685638427734 kl_ssl=0.0 kl=1.201943278312683 grad_norm_d=32.9051741871433 grad_norm_g=368.9446170384453 learning_rate=9.99750015625e-05
[15:36:27] [S2] batch mini_step=17 optimizer_step=205 discriminator_total=4.0082011222839355 generator_total=34.547847747802734 feature=10.899927139282227 mel=20.004045486450195 kl_ssl=0.0 kl=1.1363003253936768 grad_norm_d=40.96044953295762 grad_norm_g=153.66311095515798 learning_rate=9.99750015625e-05
[15:36:28] [S2] batch mini_step=18 optimizer_step=206 discriminator_total=3.857198715209961 generator_total=26.92117691040039 feature=6.253252029418945 mel=17.092689514160156 kl_ssl=0.0 kl=1.3776510953903198 grad_norm_d=28.358196430299905 grad_norm_g=538.2636903350016 learning_rate=9.99750015625e-05
[15:36:29] [S2] batch mini_step=19 optimizer_step=207 discriminator_total=3.704606771469116 generator_total=24.945667266845703 feature=5.14390230178833 mel=16.473623275756836 kl_ssl=0.0 kl=0.939145028591156 grad_norm_d=34.225328316755025 grad_norm_g=443.50905085082746 learning_rate=9.99750015625e-05
[15:36:31] [S2] batch mini_step=20 optimizer_step=208 discriminator_total=3.7599480152130127 generator_total=30.785629272460938 feature=8.39869499206543 mel=18.08271026611328 kl_ssl=0.0 kl=1.9455342292785645 grad_norm_d=50.91639929499277 grad_norm_g=388.1609237232771 learning_rate=9.99750015625e-05
[15:36:32] [S2] batch mini_step=21 optimizer_step=209 discriminator_total=3.7668943405151367 generator_total=31.63846206665039 feature=8.769219398498535 mel=18.882816314697266 kl_ssl=0.0 kl=1.6875429153442383 grad_norm_d=28.864472730528714 grad_norm_g=215.3078007421509 learning_rate=9.99750015625e-05
[15:36:33] [S2] batch mini_step=22 optimizer_step=210 discriminator_total=4.036107063293457 generator_total=27.238399505615234 feature=4.201059341430664 mel=19.227811813354492 kl_ssl=0.0 kl=1.3493545055389404 grad_norm_d=30.726609901134672 grad_norm_g=265.52466061277687 learning_rate=9.99750015625e-05
[15:36:34] [S2] batch mini_step=23 optimizer_step=211 discriminator_total=3.7331290245056152 generator_total=34.918521881103516 feature=10.94653606414795 mel=19.8315486907959 kl_ssl=0.0 kl=1.2845872640609741 grad_norm_d=24.352544949273092 grad_norm_g=201.90141835226513 learning_rate=9.99750015625e-05
[15:36:36] [S2] batch mini_step=24 optimizer_step=212 discriminator_total=3.633880615234375 generator_total=30.634735107421875 feature=7.692617893218994 mel=18.49466896057129 kl_ssl=0.0 kl=1.914188027381897 grad_norm_d=41.20908154244235 grad_norm_g=259.6626714284792 learning_rate=9.99750015625e-05
[15:36:37] [S2] batch mini_step=25 optimizer_step=213 discriminator_total=3.787242889404297 generator_total=32.42251968383789 feature=7.490738868713379 mel=20.982187271118164 kl_ssl=0.0 kl=1.4444125890731812 grad_norm_d=39.13800203154842 grad_norm_g=nan learning_rate=9.99750015625e-05
[15:36:38] [S2] batch mini_step=26 optimizer_step=214 discriminator_total=3.826111078262329 generator_total=31.63642120361328 feature=7.07680082321167 mel=20.332151412963867 kl_ssl=0.0 kl=1.6371092796325684 grad_norm_d=50.19169850459262 grad_norm_g=282.42941925440374 learning_rate=9.99750015625e-05
[15:36:39] [S2] batch mini_step=27 optimizer_step=215 discriminator_total=3.7661519050598145 generator_total=19.74472999572754 feature=1.0092941522598267 mel=15.40849781036377 kl_ssl=0.0 kl=1.2351155281066895 grad_norm_d=16.28967284216107 grad_norm_g=486.4320451831975 learning_rate=9.99750015625e-05
[15:36:40] [S2] batch mini_step=28 optimizer_step=216 discriminator_total=3.944472551345825 generator_total=18.053003311157227 feature=0.2755845785140991 mel=14.764301300048828 kl_ssl=0.0 kl=0.9451093077659607 grad_norm_d=27.604941211094836 grad_norm_g=848.6998272441147 learning_rate=9.99750015625e-05
[15:36:41] [S2] batch mini_step=29 optimizer_step=217 discriminator_total=3.8076610565185547 generator_total=37.03874969482422 feature=11.715516090393066 mel=21.24354362487793 kl_ssl=0.0 kl=1.4519293308258057 grad_norm_d=35.09668221287488 grad_norm_g=136.65086193851133 learning_rate=9.99750015625e-05
[15:36:42] [S2] batch mini_step=30 optimizer_step=218 discriminator_total=3.442044496536255 generator_total=31.908544540405273 feature=6.861352443695068 mel=21.153118133544922 kl_ssl=0.0 kl=1.0851842164993286 grad_norm_d=37.900919167723785 grad_norm_g=488.95442494244355 learning_rate=9.99750015625e-05
[15:36:44] [S2] batch mini_step=31 optimizer_step=219 discriminator_total=3.62503719329834 generator_total=39.549747467041016 feature=15.313274383544922 mel=20.58439064025879 kl_ssl=0.0 kl=1.1782805919647217 grad_norm_d=58.7806766986821 grad_norm_g=351.72141435165855 learning_rate=9.99750015625e-05
[15:36:45] [S2] batch mini_step=32 optimizer_step=220 discriminator_total=3.606180191040039 generator_total=29.157209396362305 feature=5.70375919342041 mel=20.515844345092773 kl_ssl=0.0 kl=0.5455065369606018 grad_norm_d=124.9689518277143 grad_norm_g=389.43021827630866 learning_rate=9.99750015625e-05
[15:36:46] [S2] batch mini_step=33 optimizer_step=221 discriminator_total=3.6824188232421875 generator_total=35.73024368286133 feature=11.932706832885742 mel=19.742088317871094 kl_ssl=0.0 kl=1.3746675252914429 grad_norm_d=107.15794652834647 grad_norm_g=176.59199087115778 learning_rate=9.99750015625e-05
[15:36:47] [S2] batch mini_step=34 optimizer_step=222 discriminator_total=3.6099588871002197 generator_total=35.388427734375 feature=10.22004222869873 mel=20.8636417388916 kl_ssl=0.0 kl=1.6493908166885376 grad_norm_d=20.40906231421633 grad_norm_g=180.62582568738296 learning_rate=9.99750015625e-05
[15:36:48] [S2] batch mini_step=35 optimizer_step=223 discriminator_total=3.8646764755249023 generator_total=30.98990821838379 feature=7.048463821411133 mel=19.761280059814453 kl_ssl=0.0 kl=1.6794840097427368 grad_norm_d=34.03513783549179 grad_norm_g=185.29515760943053 learning_rate=9.99750015625e-05
[15:36:49] [S2] batch mini_step=36 optimizer_step=224 discriminator_total=3.5131685733795166 generator_total=38.176963806152344 feature=13.519425392150879 mel=20.355003356933594 kl_ssl=0.0 kl=1.428384780883789 grad_norm_d=37.02317396683649 grad_norm_g=164.78877828496616 learning_rate=9.99750015625e-05
[15:36:50] [S2] batch mini_step=37 optimizer_step=225 discriminator_total=3.905738353729248 generator_total=23.011964797973633 feature=3.876807928085327 mel=15.422391891479492 kl_ssl=0.0 kl=1.4537298679351807 grad_norm_d=35.763404456567976 grad_norm_g=784.7125051323245 learning_rate=9.99750015625e-05
[15:36:52] [S2] batch mini_step=38 optimizer_step=226 discriminator_total=3.8678183555603027 generator_total=38.179649353027344 feature=13.016980171203613 mel=20.572914123535156 kl_ssl=0.0 kl=1.8278769254684448 grad_norm_d=50.62188605797287 grad_norm_g=194.40110545806456 learning_rate=9.99750015625e-05
[15:36:53] [S2] batch mini_step=39 optimizer_step=227 discriminator_total=3.620572566986084 generator_total=34.32675552368164 feature=10.834123611450195 mel=19.8607120513916 kl_ssl=0.0 kl=0.7368234992027283 grad_norm_d=25.080510160234716 grad_norm_g=162.7456728284385 learning_rate=9.99750015625e-05
[15:36:54] [S2] batch mini_step=40 optimizer_step=228 discriminator_total=3.3672282695770264 generator_total=33.341007232666016 feature=6.862802028656006 mel=22.551908493041992 kl_ssl=0.0 kl=1.0218926668167114 grad_norm_d=52.08264593435443 grad_norm_g=618.7902612535139 learning_rate=9.99750015625e-05
[15:36:55] [S2] batch mini_step=41 optimizer_step=229 discriminator_total=3.6828250885009766 generator_total=34.829017639160156 feature=8.103489875793457 mel=21.689908981323242 kl_ssl=0.0 kl=2.2641866207122803 grad_norm_d=61.12468078375686 grad_norm_g=325.0666774981415 learning_rate=9.99750015625e-05
[15:36:56] [S2] batch mini_step=42 optimizer_step=230 discriminator_total=3.288527250289917 generator_total=34.19017028808594 feature=9.119871139526367 mel=20.91938018798828 kl_ssl=0.0 kl=1.3754825592041016 grad_norm_d=36.92573834037523 grad_norm_g=364.4498871338485 learning_rate=9.99750015625e-05
[15:36:57] [S2] batch mini_step=43 optimizer_step=231 discriminator_total=3.527585744857788 generator_total=30.252607345581055 feature=5.874109745025635 mel=19.507116317749023 kl_ssl=0.0 kl=1.996762990951538 grad_norm_d=45.692514581109776 grad_norm_g=533.5906686164288 learning_rate=9.99750015625e-05
[15:36:58] [S2] batch mini_step=44 optimizer_step=232 discriminator_total=4.054383754730225 generator_total=22.791263580322266 feature=3.5393548011779785 mel=15.247834205627441 kl_ssl=0.0 kl=1.8288248777389526 grad_norm_d=31.718601739859963 grad_norm_g=433.2123719426623 learning_rate=9.99750015625e-05
[15:37:00] [S2] batch mini_step=45 optimizer_step=233 discriminator_total=4.044958591461182 generator_total=19.65998077392578 feature=0.4271419048309326 mel=14.700409889221191 kl_ssl=0.0 kl=2.117431163787842 grad_norm_d=41.005521068923606 grad_norm_g=340.2981377853429 learning_rate=9.99750015625e-05
[15:37:01] [S2] batch mini_step=46 optimizer_step=234 discriminator_total=4.05531644821167 generator_total=40.58881759643555 feature=15.82655143737793 mel=20.766162872314453 kl_ssl=0.0 kl=1.1695016622543335 grad_norm_d=61.44329219300421 grad_norm_g=213.42590876824224 learning_rate=9.99750015625e-05
[15:37:02] [S2] batch mini_step=47 optimizer_step=235 discriminator_total=3.9517569541931152 generator_total=27.644655227661133 feature=6.422279357910156 mel=16.71697998046875 kl_ssl=0.0 kl=1.5182245969772339 grad_norm_d=62.693376303074054 grad_norm_g=933.6774673191943 learning_rate=9.99750015625e-05
[15:37:03] [S2] batch mini_step=48 optimizer_step=236 discriminator_total=3.5376837253570557 generator_total=35.60738754272461 feature=9.608684539794922 mel=21.65534210205078 kl_ssl=0.0 kl=0.9850735068321228 grad_norm_d=91.14139098762595 grad_norm_g=192.3483325227287 learning_rate=9.99750015625e-05
[15:37:04] [S2] batch mini_step=49 optimizer_step=237 discriminator_total=3.552809238433838 generator_total=25.973878860473633 feature=2.660041332244873 mel=19.004772186279297 kl_ssl=0.0 kl=1.6665183305740356 grad_norm_d=48.49491792454166 grad_norm_g=462.5992938039462 learning_rate=9.99750015625e-05
[15:37:05] [S2] batch mini_step=50 optimizer_step=238 discriminator_total=3.912790298461914 generator_total=34.59860610961914 feature=11.190189361572266 mel=19.895856857299805 kl_ssl=0.0 kl=0.8660464882850647 grad_norm_d=34.10977893564425 grad_norm_g=148.9981890583961 learning_rate=9.99750015625e-05
[15:37:06] [S2] batch mini_step=51 optimizer_step=239 discriminator_total=3.917309522628784 generator_total=38.008113861083984 feature=11.699396133422852 mel=22.000715255737305 kl_ssl=0.0 kl=1.5992695093154907 grad_norm_d=69.95980289606923 grad_norm_g=150.2647186919581 learning_rate=9.99750015625e-05
[15:37:07] [S2] batch mini_step=52 optimizer_step=240 discriminator_total=3.954271078109741 generator_total=29.561241149902344 feature=6.740118980407715 mel=19.139951705932617 kl_ssl=0.0 kl=1.3474591970443726 grad_norm_d=32.20204126650718 grad_norm_g=368.1244968602484 learning_rate=9.99750015625e-05
[15:37:08] [S2] batch mini_step=53 optimizer_step=241 discriminator_total=3.9056265354156494 generator_total=29.06008529663086 feature=5.580371379852295 mel=19.698213577270508 kl_ssl=0.0 kl=1.511690378189087 grad_norm_d=31.89802124313273 grad_norm_g=1140.6660848123756 learning_rate=9.99750015625e-05
[15:37:10] [S2] batch mini_step=54 optimizer_step=242 discriminator_total=3.7519826889038086 generator_total=31.48701286315918 feature=8.6802978515625 mel=18.70314598083496 kl_ssl=0.0 kl=1.5679305791854858 grad_norm_d=56.05379530882911 grad_norm_g=338.19908850884195 learning_rate=9.99750015625e-05
[15:37:11] [S2] batch mini_step=55 optimizer_step=243 discriminator_total=3.870400905609131 generator_total=30.00709342956543 feature=6.15434455871582 mel=20.10596466064453 kl_ssl=0.0 kl=1.257583737373352 grad_norm_d=46.693868833706915 grad_norm_g=368.9252233358921 learning_rate=9.99750015625e-05
[15:37:12] [S2] batch mini_step=56 optimizer_step=244 discriminator_total=3.72999906539917 generator_total=31.61713409423828 feature=7.554383277893066 mel=19.573835372924805 kl_ssl=0.0 kl=1.7470014095306396 grad_norm_d=36.07466621314959 grad_norm_g=329.3034709523916 learning_rate=9.99750015625e-05
[15:37:13] [S2] batch mini_step=57 optimizer_step=245 discriminator_total=3.994598627090454 generator_total=26.236007690429688 feature=4.907658100128174 mel=17.246700286865234 kl_ssl=0.0 kl=1.707711935043335 grad_norm_d=62.93330028935086 grad_norm_g=861.0178455388611 learning_rate=9.99750015625e-05
[15:37:14] [S2] batch mini_step=58 optimizer_step=246 discriminator_total=3.9426767826080322 generator_total=27.35015869140625 feature=6.762240886688232 mel=16.949495315551758 kl_ssl=0.0 kl=1.4827392101287842 grad_norm_d=43.03844473105348 grad_norm_g=683.466228272059 learning_rate=9.99750015625e-05
[15:37:15] [S2] batch mini_step=59 optimizer_step=247 discriminator_total=3.7103843688964844 generator_total=34.914703369140625 feature=10.381753921508789 mel=20.70401382446289 kl_ssl=0.0 kl=1.4088096618652344 grad_norm_d=26.48978482652654 grad_norm_g=192.3877385848246 learning_rate=9.99750015625e-05
[15:37:16] [S2] batch mini_step=60 optimizer_step=248 discriminator_total=3.8558051586151123 generator_total=36.65603256225586 feature=12.948431015014648 mel=19.490652084350586 kl_ssl=0.0 kl=1.3171268701553345 grad_norm_d=55.32455070571973 grad_norm_g=145.75682569477564 learning_rate=9.99750015625e-05
[15:37:17] [S2] batch mini_step=61 optimizer_step=249 discriminator_total=3.8293232917785645 generator_total=37.1822509765625 feature=9.785534858703613 mel=24.11223793029785 kl_ssl=0.0 kl=0.5273497104644775 grad_norm_d=35.566551324406554 grad_norm_g=298.5965990841505 learning_rate=9.99750015625e-05
[15:37:18] [S2] batch mini_step=62 optimizer_step=250 discriminator_total=3.627023220062256 generator_total=36.869327545166016 feature=10.136728286743164 mel=21.94584846496582 kl_ssl=0.0 kl=1.7351247072219849 grad_norm_d=21.263657097729965 grad_norm_g=212.22097586010534 learning_rate=9.99750015625e-05
[15:37:19] [S2] batch mini_step=63 optimizer_step=251 discriminator_total=3.775641918182373 generator_total=35.836708068847656 feature=10.881704330444336 mel=20.243427276611328 kl_ssl=0.0 kl=1.7955392599105835 grad_norm_d=88.07620511730424 grad_norm_g=201.12094653454992 learning_rate=9.99750015625e-05
[15:37:20] [S2] batch mini_step=64 optimizer_step=252 discriminator_total=3.5435500144958496 generator_total=34.097782135009766 feature=9.696732521057129 mel=19.845752716064453 kl_ssl=0.0 kl=1.7365106344223022 grad_norm_d=30.53485575836451 grad_norm_g=148.32030631476098 learning_rate=9.99750015625e-05
[15:37:22] [S2] batch mini_step=65 optimizer_step=253 discriminator_total=3.795159101486206 generator_total=30.53196907043457 feature=6.512588977813721 mel=20.857112884521484 kl_ssl=0.0 kl=0.8446797728538513 grad_norm_d=23.47423857863587 grad_norm_g=783.2972761791057 learning_rate=9.99750015625e-05
[15:37:23] [S2] batch mini_step=66 optimizer_step=254 discriminator_total=3.797311544418335 generator_total=37.26411437988281 feature=14.276992797851562 mel=19.95018768310547 kl_ssl=0.0 kl=0.6277231574058533 grad_norm_d=28.577355202549658 grad_norm_g=122.19181227105892 learning_rate=9.99750015625e-05
[15:37:24] [S2] batch mini_step=67 optimizer_step=255 discriminator_total=3.7195563316345215 generator_total=35.35422134399414 feature=11.806005477905273 mel=19.15100860595703 kl_ssl=0.0 kl=1.3702788352966309 grad_norm_d=41.862618948860025 grad_norm_g=200.1902175323632 learning_rate=9.99750015625e-05
[15:37:25] [S2] batch mini_step=68 optimizer_step=256 discriminator_total=3.6734373569488525 generator_total=33.30490493774414 feature=9.35969066619873 mel=19.980487823486328 kl_ssl=0.0 kl=1.3475492000579834 grad_norm_d=69.90134248537856 grad_norm_g=156.32218430505787 learning_rate=9.99750015625e-05
[15:37:26] [S2] batch mini_step=69 optimizer_step=257 discriminator_total=3.4001450538635254 generator_total=33.14341735839844 feature=9.7644624710083 mel=19.90081024169922 kl_ssl=0.0 kl=0.6528002023696899 grad_norm_d=16.523861756967513 grad_norm_g=174.01370876955207 learning_rate=9.99750015625e-05
[15:37:27] [S2] batch mini_step=70 optimizer_step=258 discriminator_total=3.772676944732666 generator_total=28.4210147857666 feature=6.225234031677246 mel=18.246912002563477 kl_ssl=0.0 kl=1.4872153997421265 grad_norm_d=50.03748492778704 grad_norm_g=439.685501968485 learning_rate=9.99750015625e-05
[15:37:28] [S2] batch mini_step=71 optimizer_step=259 discriminator_total=3.275552749633789 generator_total=33.432857513427734 feature=8.366023063659668 mel=21.18478012084961 kl_ssl=0.0 kl=1.0448960065841675 grad_norm_d=30.2064834698997 grad_norm_g=220.33896602907484 learning_rate=9.99750015625e-05
[15:37:29] [S2] batch mini_step=72 optimizer_step=260 discriminator_total=3.7325825691223145 generator_total=31.834457397460938 feature=9.34781551361084 mel=19.46832275390625 kl_ssl=0.0 kl=0.5241230130195618 grad_norm_d=33.124019104664605 grad_norm_g=226.47697825189024 learning_rate=9.99750015625e-05
[15:37:30] [S2] batch mini_step=73 optimizer_step=261 discriminator_total=4.296230792999268 generator_total=20.23932456970215 feature=1.1548048257827759 mel=15.187307357788086 kl_ssl=0.0 kl=1.4763673543930054 grad_norm_d=68.73646653885595 grad_norm_g=300.2989747591497 learning_rate=9.99750015625e-05
[15:37:32] [S2] batch mini_step=74 optimizer_step=262 discriminator_total=3.3702034950256348 generator_total=29.05305290222168 feature=6.983687877655029 mel=18.511341094970703 kl_ssl=0.0 kl=0.6681845188140869 grad_norm_d=55.37030726874567 grad_norm_g=360.1479025219231 learning_rate=9.99750015625e-05
[15:37:33] [S2] batch mini_step=75 optimizer_step=263 discriminator_total=3.84578275680542 generator_total=27.198781967163086 feature=3.6953794956207275 mel=19.471010208129883 kl_ssl=0.0 kl=1.6826015710830688 grad_norm_d=43.25069755019838 grad_norm_g=347.48195687916217 learning_rate=9.99750015625e-05
[15:37:34] [S2] batch mini_step=76 optimizer_step=264 discriminator_total=3.788069725036621 generator_total=27.993118286132812 feature=6.815643787384033 mel=17.900480270385742 kl_ssl=0.0 kl=0.8862795233726501 grad_norm_d=26.587423604495132 grad_norm_g=432.5068458603119 learning_rate=9.99750015625e-05
[15:37:35] [S2] batch mini_step=77 optimizer_step=265 discriminator_total=3.787672519683838 generator_total=33.50941467285156 feature=10.035676002502441 mel=19.199848175048828 kl_ssl=0.0 kl=1.5688930749893188 grad_norm_d=51.98806900995597 grad_norm_g=150.91880490355862 learning_rate=9.99750015625e-05
[15:37:36] [S2] batch mini_step=78 optimizer_step=266 discriminator_total=3.5582075119018555 generator_total=35.07860565185547 feature=11.734317779541016 mel=19.995777130126953 kl_ssl=0.0 kl=1.0296809673309326 grad_norm_d=29.425862963459192 grad_norm_g=158.32040849692038 learning_rate=9.99750015625e-05
[15:37:37] [S2] batch mini_step=79 optimizer_step=267 discriminator_total=3.8006889820098877 generator_total=37.63148498535156 feature=13.095891952514648 mel=21.01831817626953 kl_ssl=0.0 kl=1.1030617952346802 grad_norm_d=34.03802596424719 grad_norm_g=240.19042351336944 learning_rate=9.99750015625e-05
[15:37:38] [S2] batch mini_step=80 optimizer_step=268 discriminator_total=3.811133623123169 generator_total=33.84291458129883 feature=10.740334510803223 mel=18.76070213317871 kl_ssl=0.0 kl=1.8631539344787598 grad_norm_d=36.403617739819 grad_norm_g=325.68863428310834 learning_rate=9.99750015625e-05
[15:37:39] [S2] batch mini_step=81 optimizer_step=269 discriminator_total=3.6517975330352783 generator_total=28.84693145751953 feature=6.784266471862793 mel=17.34136390686035 kl_ssl=0.0 kl=2.006187915802002 grad_norm_d=22.332850815514817 grad_norm_g=457.14647045412465 learning_rate=9.99750015625e-05
[15:37:40] [S2] batch mini_step=82 optimizer_step=270 discriminator_total=3.4518251419067383 generator_total=25.501171112060547 feature=2.881685972213745 mel=18.016864776611328 kl_ssl=0.0 kl=2.048860549926758 grad_norm_d=66.17860474577154 grad_norm_g=656.0303706112288 learning_rate=9.99750015625e-05
[15:37:42] [S2] batch mini_step=83 optimizer_step=271 discriminator_total=3.8734607696533203 generator_total=28.029359817504883 feature=6.030195236206055 mel=18.57742691040039 kl_ssl=0.0 kl=1.0028555393218994 grad_norm_d=26.560424914546292 grad_norm_g=385.7817179648225 learning_rate=9.99750015625e-05
[15:37:43] [S2] batch mini_step=84 optimizer_step=272 discriminator_total=3.612273931503296 generator_total=30.83616828918457 feature=7.358454704284668 mel=19.22452735900879 kl_ssl=0.0 kl=1.355318307876587 grad_norm_d=65.59318508475415 grad_norm_g=304.399321639058 learning_rate=9.99750015625e-05
[15:37:44] [S2] batch mini_step=85 optimizer_step=273 discriminator_total=3.8919923305511475 generator_total=18.041040420532227 feature=0.6913209557533264 mel=14.621418952941895 kl_ssl=0.0 kl=0.6445239782333374 grad_norm_d=39.89351068417152 grad_norm_g=744.5421873095021 learning_rate=9.99750015625e-05
[15:37:45] [S2] batch mini_step=86 optimizer_step=274 discriminator_total=3.914457321166992 generator_total=24.193302154541016 feature=3.421830892562866 mel=16.944156646728516 kl_ssl=0.0 kl=1.6455732583999634 grad_norm_d=43.84476662218033 grad_norm_g=355.7646908488561 learning_rate=9.99750015625e-05
[15:37:45] [S2] batch mini_step=87 optimizer_step=275 discriminator_total=3.871354103088379 generator_total=22.398738861083984 feature=3.280128002166748 mel=14.854684829711914 kl_ssl=0.0 kl=1.9546208381652832 grad_norm_d=42.88860789875443 grad_norm_g=595.4387382222882 learning_rate=9.99750015625e-05
[15:37:46] [S2] batch mini_step=88 optimizer_step=276 discriminator_total=3.7403488159179688 generator_total=22.310510635375977 feature=1.8288277387619019 mel=16.390090942382812 kl_ssl=0.0 kl=1.6751911640167236 grad_norm_d=63.15507632231141 grad_norm_g=726.5590352153533 learning_rate=9.99750015625e-05
[15:37:47] [S2] batch mini_step=89 optimizer_step=277 discriminator_total=3.789560317993164 generator_total=36.239376068115234 feature=10.37617301940918 mel=21.629318237304688 kl_ssl=0.0 kl=1.6933691501617432 grad_norm_d=34.41500130996168 grad_norm_g=158.03800893525954 learning_rate=9.99750015625e-05
[15:37:48] [S2] batch mini_step=90 optimizer_step=278 discriminator_total=3.9320831298828125 generator_total=27.321733474731445 feature=6.520629405975342 mel=16.763763427734375 kl_ssl=0.0 kl=1.4600261449813843 grad_norm_d=62.34192464291694 grad_norm_g=247.4918648988021 learning_rate=9.99750015625e-05
[15:37:49] [S2] batch mini_step=91 optimizer_step=279 discriminator_total=3.537735939025879 generator_total=34.32719421386719 feature=10.514810562133789 mel=19.248563766479492 kl_ssl=0.0 kl=1.6308958530426025 grad_norm_d=37.12248369194956 grad_norm_g=254.8899483295068 learning_rate=9.99750015625e-05
[15:37:50] [S2] batch mini_step=92 optimizer_step=280 discriminator_total=3.974332809448242 generator_total=29.88460922241211 feature=6.974853992462158 mel=19.21438980102539 kl_ssl=0.0 kl=0.8099361658096313 grad_norm_d=70.03004936673098 grad_norm_g=377.5011924212779 learning_rate=9.99750015625e-05
[15:37:51] [S2] batch mini_step=93 optimizer_step=281 discriminator_total=3.5054752826690674 generator_total=33.641685485839844 feature=10.65425968170166 mel=19.37607765197754 kl_ssl=0.0 kl=1.2851245403289795 grad_norm_d=24.275274915473535 grad_norm_g=153.0233674027111 learning_rate=9.99750015625e-05
[15:37:51] [S2] batch mini_step=94 optimizer_step=282 discriminator_total=3.544279098510742 generator_total=33.89888000488281 feature=11.218284606933594 mel=19.471426010131836 kl_ssl=0.0 kl=0.8382285237312317 grad_norm_d=22.215916879365604 grad_norm_g=117.21446064949967 learning_rate=9.99750015625e-05
[15:37:52] [S2] batch mini_step=1 optimizer_step=283 discriminator_total=4.230885028839111 generator_total=22.087942123413086 feature=2.579735040664673 mel=16.665512084960938 kl_ssl=0.0 kl=0.37705010175704956 grad_norm_d=405.21579706914923 grad_norm_g=726.9899904565309 learning_rate=9.996250468730469e-05
[15:37:53] [S2] batch mini_step=2 optimizer_step=284 discriminator_total=3.5849742889404297 generator_total=27.540822982788086 feature=6.37083625793457 mel=16.676755905151367 kl_ssl=0.0 kl=1.565112590789795 grad_norm_d=158.80989039728917 grad_norm_g=246.4186594848543 learning_rate=9.996250468730469e-05
[15:37:54] [S2] batch mini_step=3 optimizer_step=285 discriminator_total=3.754232168197632 generator_total=37.371917724609375 feature=13.814103126525879 mel=19.16722869873047 kl_ssl=0.0 kl=1.9178155660629272 grad_norm_d=32.63727384905374 grad_norm_g=389.38821199301776 learning_rate=9.996250468730469e-05
[15:37:55] [S2] batch mini_step=4 optimizer_step=286 discriminator_total=3.7337074279785156 generator_total=33.28518295288086 feature=9.062159538269043 mel=20.2491455078125 kl_ssl=0.0 kl=1.2554240226745605 grad_norm_d=22.837885319684947 grad_norm_g=107.8457535628502 learning_rate=9.996250468730469e-05
[15:37:56] [S2] batch mini_step=5 optimizer_step=287 discriminator_total=3.849259376525879 generator_total=32.70105743408203 feature=10.646467208862305 mel=18.219064712524414 kl_ssl=0.0 kl=1.1779950857162476 grad_norm_d=86.0537836150184 grad_norm_g=148.03138401575862 learning_rate=9.996250468730469e-05
[15:37:57] [S2] batch mini_step=6 optimizer_step=288 discriminator_total=3.845297336578369 generator_total=32.228309631347656 feature=9.980327606201172 mel=17.964553833007812 kl_ssl=0.0 kl=1.398059368133545 grad_norm_d=52.41358470697701 grad_norm_g=155.4149472957706 learning_rate=9.996250468730469e-05
[15:37:58] [S2] batch mini_step=7 optimizer_step=289 discriminator_total=3.8248136043548584 generator_total=24.906694412231445 feature=4.243041038513184 mel=17.178987503051758 kl_ssl=0.0 kl=1.2473084926605225 grad_norm_d=52.59070036342593 grad_norm_g=548.6808700247038 learning_rate=9.996250468730469e-05
[15:37:58] [S2] batch mini_step=8 optimizer_step=290 discriminator_total=3.5606672763824463 generator_total=34.422691345214844 feature=10.142553329467773 mel=20.162172317504883 kl_ssl=0.0 kl=1.340348243713379 grad_norm_d=45.17402010163779 grad_norm_g=235.94127000728935 learning_rate=9.996250468730469e-05
[15:37:59] [S2] batch mini_step=9 optimizer_step=291 discriminator_total=3.96577525138855 generator_total=20.291486740112305 feature=1.3501834869384766 mel=15.076645851135254 kl_ssl=0.0 kl=1.7953435182571411 grad_norm_d=30.463223910699256 grad_norm_g=434.1569425060254 learning_rate=9.996250468730469e-05
[15:38:00] [S2] batch mini_step=10 optimizer_step=292 discriminator_total=3.5920567512512207 generator_total=33.9851188659668 feature=10.148241996765137 mel=20.228267669677734 kl_ssl=0.0 kl=0.8431825041770935 grad_norm_d=35.997430667349924 grad_norm_g=169.86473534959717 learning_rate=9.996250468730469e-05
[15:38:01] [S2] batch mini_step=11 optimizer_step=293 discriminator_total=3.8973302841186523 generator_total=22.17637062072754 feature=3.8701283931732178 mel=14.969247817993164 kl_ssl=0.0 kl=1.2943676710128784 grad_norm_d=54.33439663374701 grad_norm_g=612.9526248584955 learning_rate=9.996250468730469e-05
[15:38:02] [S2] batch mini_step=12 optimizer_step=294 discriminator_total=3.5876753330230713 generator_total=32.48101806640625 feature=9.162572860717773 mel=19.804584503173828 kl_ssl=0.0 kl=1.039663314819336 grad_norm_d=43.2349790782257 grad_norm_g=281.4071371990886 learning_rate=9.996250468730469e-05
[15:38:03] [S2] batch mini_step=13 optimizer_step=295 discriminator_total=3.890392780303955 generator_total=26.168087005615234 feature=5.792984485626221 mel=16.608144760131836 kl_ssl=0.0 kl=1.4163784980773926 grad_norm_d=18.027626268278773 grad_norm_g=380.6193395797543 learning_rate=9.996250468730469e-05
[15:38:04] [S2] batch mini_step=14 optimizer_step=296 discriminator_total=3.8587193489074707 generator_total=21.20208168029785 feature=1.713474988937378 mel=15.821187973022461 kl_ssl=0.0 kl=1.2981818914413452 grad_norm_d=41.4601419923529 grad_norm_g=304.07919982401506 learning_rate=9.996250468730469e-05
[15:38:04] [S2] batch mini_step=15 optimizer_step=297 discriminator_total=3.992990255355835 generator_total=27.771286010742188 feature=6.166854381561279 mel=17.2441463470459 kl_ssl=0.0 kl=1.6186236143112183 grad_norm_d=20.812326673683227 grad_norm_g=187.65057014350035 learning_rate=9.996250468730469e-05
[15:38:05] [S2] batch mini_step=16 optimizer_step=298 discriminator_total=3.898573637008667 generator_total=26.887407302856445 feature=5.865876197814941 mel=17.081016540527344 kl_ssl=0.0 kl=1.5914736986160278 grad_norm_d=88.70121767252473 grad_norm_g=294.1754411006091 learning_rate=9.996250468730469e-05
[15:38:06] [S2] batch mini_step=17 optimizer_step=299 discriminator_total=3.8840577602386475 generator_total=33.79549026489258 feature=10.581319808959961 mel=19.456323623657227 kl_ssl=0.0 kl=1.3825874328613281 grad_norm_d=60.62549605343322 grad_norm_g=195.61693597931526 learning_rate=9.996250468730469e-05
[15:38:07] [S2] batch mini_step=18 optimizer_step=300 discriminator_total=3.891010046005249 generator_total=22.54215431213379 feature=3.3041832447052 mel=15.734313011169434 kl_ssl=0.0 kl=0.8990452885627747 grad_norm_d=44.66550140663825 grad_norm_g=412.8434025762118 learning_rate=9.996250468730469e-05
[15:38:08] [S2] batch mini_step=19 optimizer_step=301 discriminator_total=3.9029126167297363 generator_total=31.299985885620117 feature=8.645562171936035 mel=18.877614974975586 kl_ssl=0.0 kl=1.3997293710708618 grad_norm_d=26.665602791740078 grad_norm_g=124.18149594721287 learning_rate=9.996250468730469e-05
[15:38:09] [S2] batch mini_step=20 optimizer_step=302 discriminator_total=3.7964677810668945 generator_total=21.707454681396484 feature=3.3426594734191895 mel=15.375253677368164 kl_ssl=0.0 kl=0.8746071457862854 grad_norm_d=31.02526827202018 grad_norm_g=617.5336547651726 learning_rate=9.996250468730469e-05
[15:38:10] [S2] batch mini_step=21 optimizer_step=303 discriminator_total=4.164373397827148 generator_total=30.105510711669922 feature=5.464837074279785 mel=20.523958206176758 kl_ssl=0.0 kl=1.8205214738845825 grad_norm_d=38.713132376344845 grad_norm_g=252.3456528280199 learning_rate=9.996250468730469e-05
[15:38:10] [S2] batch mini_step=22 optimizer_step=304 discriminator_total=3.6078193187713623 generator_total=40.08847427368164 feature=14.91811466217041 mel=20.560043334960938 kl_ssl=0.0 kl=1.8737459182739258 grad_norm_d=36.667959985165915 grad_norm_g=130.10177863357328 learning_rate=9.996250468730469e-05
[15:38:11] [S2] batch mini_step=23 optimizer_step=305 discriminator_total=3.659512996673584 generator_total=33.410736083984375 feature=10.423700332641602 mel=19.47380256652832 kl_ssl=0.0 kl=0.48573943972587585 grad_norm_d=43.50064431152486 grad_norm_g=131.99289292879052 learning_rate=9.996250468730469e-05
[15:38:12] [S2] batch mini_step=24 optimizer_step=306 discriminator_total=3.998291015625 generator_total=21.20733070373535 feature=3.3265092372894287 mel=13.916007041931152 kl_ssl=0.0 kl=1.521528720855713 grad_norm_d=24.80879359094765 grad_norm_g=638.2811336758438 learning_rate=9.996250468730469e-05
[15:38:13] [S2] batch mini_step=25 optimizer_step=307 discriminator_total=4.0415754318237305 generator_total=14.670252799987793 feature=0.19700346887111664 mel=11.68623161315918 kl_ssl=0.0 kl=0.7625250220298767 grad_norm_d=42.93649918647105 grad_norm_g=364.2337053949645 learning_rate=9.996250468730469e-05
[15:38:14] [S2] batch mini_step=26 optimizer_step=308 discriminator_total=3.625842332839966 generator_total=27.261362075805664 feature=4.543844699859619 mel=19.233440399169922 kl_ssl=0.0 kl=0.6564095616340637 grad_norm_d=88.53857693111313 grad_norm_g=671.2248331869148 learning_rate=9.996250468730469e-05
[15:38:15] [S2] batch mini_step=27 optimizer_step=309 discriminator_total=3.843501567840576 generator_total=25.368877410888672 feature=5.529298782348633 mel=16.674421310424805 kl_ssl=0.0 kl=1.0833138227462769 grad_norm_d=25.365427865715397 grad_norm_g=535.6358607460736 learning_rate=9.996250468730469e-05
[15:38:16] [S2] batch mini_step=28 optimizer_step=310 discriminator_total=3.653825283050537 generator_total=34.85227584838867 feature=11.528603553771973 mel=19.266090393066406 kl_ssl=0.0 kl=1.5859870910644531 grad_norm_d=34.808950106928464 grad_norm_g=264.7328277310327 learning_rate=9.996250468730469e-05
[15:38:17] [S2] batch mini_step=29 optimizer_step=311 discriminator_total=3.9353017807006836 generator_total=18.74146842956543 feature=0.7200522422790527 mel=14.904003143310547 kl_ssl=0.0 kl=1.0879193544387817 grad_norm_d=26.77449438909335 grad_norm_g=589.6627308520519 learning_rate=9.996250468730469e-05
[15:38:17] [S2] batch mini_step=30 optimizer_step=312 discriminator_total=3.5595626831054688 generator_total=29.733726501464844 feature=6.774974346160889 mel=18.95502281188965 kl_ssl=0.0 kl=1.452792763710022 grad_norm_d=73.71870831896503 grad_norm_g=472.19788527841934 learning_rate=9.996250468730469e-05
[15:38:18] [S2] batch mini_step=31 optimizer_step=313 discriminator_total=3.678189516067505 generator_total=34.22319412231445 feature=9.80894660949707 mel=19.965063095092773 kl_ssl=0.0 kl=1.8444088697433472 grad_norm_d=60.672869983283064 grad_norm_g=258.28201570358647 learning_rate=9.996250468730469e-05
[15:38:19] [S2] batch mini_step=32 optimizer_step=314 discriminator_total=3.64963698387146 generator_total=34.351131439208984 feature=12.502774238586426 mel=18.689472198486328 kl_ssl=0.0 kl=0.6072078943252563 grad_norm_d=23.102575231697642 grad_norm_g=122.81710622766552 learning_rate=9.996250468730469e-05
[15:38:20] [S2] batch mini_step=33 optimizer_step=315 discriminator_total=3.4176948070526123 generator_total=36.20987319946289 feature=12.575690269470215 mel=19.277307510375977 kl_ssl=0.0 kl=1.535923957824707 grad_norm_d=30.149159416251248 grad_norm_g=159.266192616361 learning_rate=9.996250468730469e-05
[15:38:21] [S2] batch mini_step=34 optimizer_step=316 discriminator_total=4.033825874328613 generator_total=27.717674255371094 feature=7.082286357879639 mel=16.96875 kl_ssl=0.0 kl=1.2966604232788086 grad_norm_d=21.98769954413664 grad_norm_g=212.88521806776413 learning_rate=9.996250468730469e-05
[15:38:22] [S2] batch mini_step=35 optimizer_step=317 discriminator_total=3.7345502376556396 generator_total=35.57200622558594 feature=11.31219482421875 mel=19.567155838012695 kl_ssl=0.0 kl=1.9971036911010742 grad_norm_d=29.944397437737727 grad_norm_g=195.07609660959673 learning_rate=9.996250468730469e-05
[15:38:23] [S2] batch mini_step=36 optimizer_step=318 discriminator_total=3.690661668777466 generator_total=26.35504913330078 feature=6.59504508972168 mel=16.81529426574707 kl_ssl=0.0 kl=0.41546544432640076 grad_norm_d=29.19895287913746 grad_norm_g=449.2524871623471 learning_rate=9.996250468730469e-05
[15:38:24] [S2] batch mini_step=37 optimizer_step=319 discriminator_total=3.4409358501434326 generator_total=32.650333404541016 feature=9.758224487304688 mel=19.188411712646484 kl_ssl=0.0 kl=0.8458924889564514 grad_norm_d=21.506323953810906 grad_norm_g=201.4882945882976 learning_rate=9.996250468730469e-05
[15:38:25] [S2] batch mini_step=38 optimizer_step=320 discriminator_total=3.5149683952331543 generator_total=22.920103073120117 feature=3.367124319076538 mel=16.230749130249023 kl_ssl=0.0 kl=1.0424251556396484 grad_norm_d=55.26701743662058 grad_norm_g=282.4570361898269 learning_rate=9.996250468730469e-05
[15:38:26] [S2] batch mini_step=39 optimizer_step=321 discriminator_total=3.9599432945251465 generator_total=31.62493133544922 feature=9.730841636657715 mel=18.884170532226562 kl_ssl=0.0 kl=0.7675352096557617 grad_norm_d=69.44959629702666 grad_norm_g=163.60201987875718 learning_rate=9.996250468730469e-05
[15:38:27] [S2] batch mini_step=40 optimizer_step=322 discriminator_total=3.409888505935669 generator_total=30.784616470336914 feature=8.106667518615723 mel=18.451223373413086 kl_ssl=0.0 kl=1.5574040412902832 grad_norm_d=40.4229319594088 grad_norm_g=288.9840212424269 learning_rate=9.996250468730469e-05
[15:38:27] [S2] batch mini_step=41 optimizer_step=323 discriminator_total=3.576550006866455 generator_total=38.310874938964844 feature=12.801249504089355 mel=21.242380142211914 kl_ssl=0.0 kl=1.4538978338241577 grad_norm_d=34.248806716642115 grad_norm_g=127.48249332384509 learning_rate=9.996250468730469e-05
[15:38:28] [S2] batch mini_step=42 optimizer_step=324 discriminator_total=3.7755722999572754 generator_total=27.1768798828125 feature=7.015475749969482 mel=16.64752769470215 kl_ssl=0.0 kl=0.849861204624176 grad_norm_d=32.33993979113746 grad_norm_g=403.2757630944322 learning_rate=9.996250468730469e-05
[15:38:29] [S2] batch mini_step=43 optimizer_step=325 discriminator_total=3.851901054382324 generator_total=39.04684829711914 feature=13.840237617492676 mel=21.110795974731445 kl_ssl=0.0 kl=1.3285199403762817 grad_norm_d=34.624217129144945 grad_norm_g=122.2927085244184 learning_rate=9.996250468730469e-05
[15:38:30] [S2] batch mini_step=44 optimizer_step=326 discriminator_total=3.757882595062256 generator_total=26.458772659301758 feature=6.181146621704102 mel=15.996013641357422 kl_ssl=0.0 kl=1.7455754280090332 grad_norm_d=31.377697217189038 grad_norm_g=321.0191937146008 learning_rate=9.996250468730469e-05
[15:38:31] [S2] batch mini_step=45 optimizer_step=327 discriminator_total=3.82859206199646 generator_total=25.55377197265625 feature=2.371734142303467 mel=18.89057731628418 kl_ssl=0.0 kl=1.8778605461120605 grad_norm_d=61.25527500222862 grad_norm_g=641.4897024222724 learning_rate=9.996250468730469e-05
[15:38:32] [S2] batch mini_step=46 optimizer_step=328 discriminator_total=3.220745086669922 generator_total=34.92844009399414 feature=11.469478607177734 mel=18.565135955810547 kl_ssl=0.0 kl=1.7806140184402466 grad_norm_d=27.148331997636696 grad_norm_g=164.00320803336012 learning_rate=9.996250468730469e-05
[15:38:33] [S2] batch mini_step=47 optimizer_step=329 discriminator_total=3.3689961433410645 generator_total=30.446306228637695 feature=8.684732437133789 mel=18.129234313964844 kl_ssl=0.0 kl=0.9248868227005005 grad_norm_d=36.23577717617867 grad_norm_g=311.4832996917324 learning_rate=9.996250468730469e-05
[15:38:34] [S2] batch mini_step=48 optimizer_step=330 discriminator_total=3.6240463256835938 generator_total=30.68916130065918 feature=6.944585800170898 mel=19.6414737701416 kl_ssl=0.0 kl=1.605802059173584 grad_norm_d=24.261426748338167 grad_norm_g=189.86890016408398 learning_rate=9.996250468730469e-05
[15:38:34] [S2] batch mini_step=49 optimizer_step=331 discriminator_total=3.782837390899658 generator_total=34.422019958496094 feature=11.489410400390625 mel=19.372465133666992 kl_ssl=0.0 kl=1.0591785907745361 grad_norm_d=24.319524811744905 grad_norm_g=127.58146120768141 learning_rate=9.996250468730469e-05
[15:38:35] [S2] batch mini_step=50 optimizer_step=332 discriminator_total=3.7623884677886963 generator_total=36.57221984863281 feature=13.298194885253906 mel=19.99388885498047 kl_ssl=0.0 kl=0.4376458525657654 grad_norm_d=41.55032900391506 grad_norm_g=341.62581537666784 learning_rate=9.996250468730469e-05
[15:38:36] [S2] batch mini_step=51 optimizer_step=333 discriminator_total=3.821547031402588 generator_total=34.201377868652344 feature=11.131508827209473 mel=19.083139419555664 kl_ssl=0.0 kl=1.206878900527954 grad_norm_d=27.490656113737263 grad_norm_g=155.3915151367508 learning_rate=9.996250468730469e-05
[15:38:37] [S2] batch mini_step=52 optimizer_step=334 discriminator_total=4.15903377532959 generator_total=19.17548942565918 feature=1.1329519748687744 mel=14.56613826751709 kl_ssl=0.0 kl=1.2438883781433105 grad_norm_d=79.27717008372078 grad_norm_g=325.44139903266716 learning_rate=9.996250468730469e-05
[15:38:38] [S2] batch mini_step=53 optimizer_step=335 discriminator_total=3.9067137241363525 generator_total=20.18500518798828 feature=1.2657358646392822 mel=15.391044616699219 kl_ssl=0.0 kl=1.4607572555541992 grad_norm_d=90.09311837021473 grad_norm_g=462.7128343833399 learning_rate=9.996250468730469e-05
[15:38:39] [S2] batch mini_step=54 optimizer_step=336 discriminator_total=3.9455833435058594 generator_total=28.758817672729492 feature=8.279752731323242 mel=17.12215805053711 kl_ssl=0.0 kl=1.2170592546463013 grad_norm_d=55.17392498292428 grad_norm_g=141.49450197251298 learning_rate=9.996250468730469e-05
[15:38:40] [S2] batch mini_step=55 optimizer_step=337 discriminator_total=3.4924464225769043 generator_total=28.5596981048584 feature=7.615626335144043 mel=17.328664779663086 kl_ssl=0.0 kl=0.8448246121406555 grad_norm_d=69.03965140447491 grad_norm_g=445.3367167274219 learning_rate=9.996250468730469e-05
[15:38:40] [S2] batch mini_step=56 optimizer_step=338 discriminator_total=3.821612596511841 generator_total=25.332292556762695 feature=5.915531635284424 mel=15.399463653564453 kl_ssl=0.0 kl=1.423459529876709 grad_norm_d=21.094512155350305 grad_norm_g=215.81916890172488 learning_rate=9.996250468730469e-05
[15:38:41] [S2] batch mini_step=57 optimizer_step=339 discriminator_total=3.5125789642333984 generator_total=35.74015808105469 feature=12.35898208618164 mel=19.29741096496582 kl_ssl=0.0 kl=1.3769896030426025 grad_norm_d=28.196435165594522 grad_norm_g=320.44742483517103 learning_rate=9.996250468730469e-05
[15:38:42] [S2] batch mini_step=58 optimizer_step=340 discriminator_total=3.7136244773864746 generator_total=26.973316192626953 feature=6.241189002990723 mel=16.695634841918945 kl_ssl=0.0 kl=1.427230715751648 grad_norm_d=27.01423232520304 grad_norm_g=262.92461711522657 learning_rate=9.996250468730469e-05
[15:38:43] [S2] batch mini_step=59 optimizer_step=341 discriminator_total=3.7547216415405273 generator_total=35.878971099853516 feature=13.556339263916016 mel=18.631431579589844 kl_ssl=0.0 kl=1.1230130195617676 grad_norm_d=43.16272978366996 grad_norm_g=248.639104748638 learning_rate=9.996250468730469e-05
[15:38:44] [S2] batch mini_step=60 optimizer_step=342 discriminator_total=3.434390068054199 generator_total=36.20783615112305 feature=12.197060585021973 mel=19.828907012939453 kl_ssl=0.0 kl=1.4887875318527222 grad_norm_d=28.409128799703982 grad_norm_g=107.14526711954522 learning_rate=9.996250468730469e-05
[15:38:45] [S2] batch mini_step=61 optimizer_step=343 discriminator_total=4.140827178955078 generator_total=30.345212936401367 feature=8.69688606262207 mel=18.179954528808594 kl_ssl=0.0 kl=1.196466326713562 grad_norm_d=48.03773800929614 grad_norm_g=329.24593491632737 learning_rate=9.996250468730469e-05
[15:38:46] [S2] batch mini_step=62 optimizer_step=344 discriminator_total=3.971673011779785 generator_total=25.036376953125 feature=5.166650772094727 mel=16.168228149414062 kl_ssl=0.0 kl=0.8900930881500244 grad_norm_d=37.898771050439024 grad_norm_g=255.71547876292948 learning_rate=9.996250468730469e-05
[15:38:46] [S2] batch mini_step=63 optimizer_step=345 discriminator_total=3.8337326049804688 generator_total=30.10317611694336 feature=8.174967765808105 mel=17.960063934326172 kl_ssl=0.0 kl=1.1806836128234863 grad_norm_d=37.14305887476157 grad_norm_g=187.67532112169934 learning_rate=9.996250468730469e-05
[15:38:47] [S2] batch mini_step=64 optimizer_step=346 discriminator_total=3.4835376739501953 generator_total=36.680667877197266 feature=12.192644119262695 mel=19.65805435180664 kl_ssl=0.0 kl=1.9413946866989136 grad_norm_d=50.31354300494552 grad_norm_g=106.7861896858179 learning_rate=9.996250468730469e-05
[15:38:48] [S2] batch mini_step=65 optimizer_step=347 discriminator_total=3.7824130058288574 generator_total=31.70143699645996 feature=7.512429237365723 mel=20.401723861694336 kl_ssl=0.0 kl=1.2201545238494873 grad_norm_d=31.9262752913178 grad_norm_g=133.83888836753871 learning_rate=9.996250468730469e-05
[15:38:49] [S2] batch mini_step=66 optimizer_step=348 discriminator_total=3.4832215309143066 generator_total=26.62053871154785 feature=4.2459259033203125 mel=19.103288650512695 kl_ssl=0.0 kl=0.7047502398490906 grad_norm_d=61.40264597030352 grad_norm_g=488.2813714217888 learning_rate=9.996250468730469e-05
[15:38:50] [S2] batch mini_step=67 optimizer_step=349 discriminator_total=3.7873587608337402 generator_total=25.67776870727539 feature=4.7145538330078125 mel=17.634689331054688 kl_ssl=0.0 kl=0.7052469849586487 grad_norm_d=37.183242359944146 grad_norm_g=102.28170835818523 learning_rate=9.996250468730469e-05
[15:38:51] [S2] batch mini_step=68 optimizer_step=350 discriminator_total=3.5191874504089355 generator_total=34.81072998046875 feature=9.9071044921875 mel=19.931541442871094 kl_ssl=0.0 kl=2.137098789215088 grad_norm_d=24.085315361807247 grad_norm_g=141.23350333149926 learning_rate=9.996250468730469e-05
[15:38:52] [S2] batch mini_step=69 optimizer_step=351 discriminator_total=3.724022626876831 generator_total=36.03818893432617 feature=12.261945724487305 mel=20.082258224487305 kl_ssl=0.0 kl=1.228398084640503 grad_norm_d=34.241889568714846 grad_norm_g=125.7641355581594 learning_rate=9.996250468730469e-05
[15:38:53] [S2] batch mini_step=70 optimizer_step=352 discriminator_total=3.764155626296997 generator_total=37.408851623535156 feature=11.075611114501953 mel=22.733604431152344 kl_ssl=0.0 kl=1.0230116844177246 grad_norm_d=57.30043928218318 grad_norm_g=551.1929932283296 learning_rate=9.996250468730469e-05
[15:38:54] [S2] batch mini_step=71 optimizer_step=353 discriminator_total=3.580277442932129 generator_total=36.171241760253906 feature=12.606993675231934 mel=19.41966438293457 kl_ssl=0.0 kl=1.2732737064361572 grad_norm_d=37.64049816335917 grad_norm_g=127.30987223151133 learning_rate=9.996250468730469e-05
[15:38:54] [S2] batch mini_step=72 optimizer_step=354 discriminator_total=3.66934871673584 generator_total=35.80606460571289 feature=12.10420036315918 mel=19.67949104309082 kl_ssl=0.0 kl=1.2206170558929443 grad_norm_d=49.4208242823477 grad_norm_g=111.76005496153338 learning_rate=9.996250468730469e-05
[15:38:55] [S2] batch mini_step=73 optimizer_step=355 discriminator_total=3.991132974624634 generator_total=35.664878845214844 feature=13.17122745513916 mel=18.579511642456055 kl_ssl=0.0 kl=1.1578807830810547 grad_norm_d=62.890543037658595 grad_norm_g=172.04830840131874 learning_rate=9.996250468730469e-05
[15:38:56] [S2] batch mini_step=74 optimizer_step=356 discriminator_total=3.709031343460083 generator_total=35.04295349121094 feature=11.372323989868164 mel=19.27726173400879 kl_ssl=0.0 kl=1.3622761964797974 grad_norm_d=35.052131919630334 grad_norm_g=231.24959980353407 learning_rate=9.996250468730469e-05
[15:38:57] [S2] batch mini_step=75 optimizer_step=357 discriminator_total=3.5451505184173584 generator_total=36.48096466064453 feature=12.666460037231445 mel=19.09044647216797 kl_ssl=0.0 kl=1.8596019744873047 grad_norm_d=32.38948556360575 grad_norm_g=315.07142371376824 learning_rate=9.996250468730469e-05
[15:38:58] [S2] batch mini_step=76 optimizer_step=358 discriminator_total=4.002664089202881 generator_total=25.30588722229004 feature=6.049534797668457 mel=15.752707481384277 kl_ssl=0.0 kl=1.311771273612976 grad_norm_d=51.42545878404459 grad_norm_g=292.7296051204194 learning_rate=9.996250468730469e-05
[15:38:59] [S2] batch mini_step=77 optimizer_step=359 discriminator_total=3.7926621437072754 generator_total=22.577829360961914 feature=5.124459266662598 mel=13.436151504516602 kl_ssl=0.0 kl=1.4902615547180176 grad_norm_d=44.196788797490626 grad_norm_g=240.6761340591249 learning_rate=9.996250468730469e-05
[15:39:00] [S2] batch mini_step=78 optimizer_step=360 discriminator_total=3.890273094177246 generator_total=27.69628143310547 feature=6.479608058929443 mel=17.00016975402832 kl_ssl=0.0 kl=1.7460229396820068 grad_norm_d=33.578149429796 grad_norm_g=147.48364323042972 learning_rate=9.996250468730469e-05
[15:39:01] [S2] batch mini_step=79 optimizer_step=361 discriminator_total=3.632702350616455 generator_total=27.82090950012207 feature=6.363318920135498 mel=17.84821319580078 kl_ssl=0.0 kl=0.9677615165710449 grad_norm_d=34.07185149040584 grad_norm_g=221.3479463025543 learning_rate=9.996250468730469e-05
[15:39:02] [S2] batch mini_step=80 optimizer_step=362 discriminator_total=3.6338281631469727 generator_total=27.10666275024414 feature=6.270169258117676 mel=16.8665771484375 kl_ssl=0.0 kl=1.4252862930297852 grad_norm_d=33.06842931931693 grad_norm_g=344.492699390254 learning_rate=9.996250468730469e-05
[15:39:03] [S2] batch mini_step=81 optimizer_step=363 discriminator_total=4.0942888259887695 generator_total=38.9296875 feature=14.05990982055664 mel=20.564023971557617 kl_ssl=0.0 kl=1.6919951438903809 grad_norm_d=44.2868935256111 grad_norm_g=186.5450354691221 learning_rate=9.996250468730469e-05
[15:39:03] [S2] batch mini_step=82 optimizer_step=364 discriminator_total=3.8481810092926025 generator_total=29.085731506347656 feature=7.341824531555176 mel=17.58527946472168 kl_ssl=0.0 kl=1.8160619735717773 grad_norm_d=17.831195817950256 grad_norm_g=939.4333662776216 learning_rate=9.996250468730469e-05
[15:39:04] [S2] batch mini_step=83 optimizer_step=365 discriminator_total=3.8381853103637695 generator_total=18.371429443359375 feature=4.999015808105469 mel=9.856215476989746 kl_ssl=0.0 kl=1.0543086528778076 grad_norm_d=59.46991990827111 grad_norm_g=334.92798664571177 learning_rate=9.996250468730469e-05
[15:39:05] [S2] batch mini_step=84 optimizer_step=366 discriminator_total=3.7848129272460938 generator_total=25.959321975708008 feature=6.620201587677002 mel=15.72687816619873 kl_ssl=0.0 kl=1.3528262376785278 grad_norm_d=78.53925847429154 grad_norm_g=327.09757734553966 learning_rate=9.996250468730469e-05
[15:39:06] [S2] batch mini_step=85 optimizer_step=367 discriminator_total=3.671441078186035 generator_total=37.62959671020508 feature=14.090742111206055 mel=18.983749389648438 kl_ssl=0.0 kl=1.763433575630188 grad_norm_d=65.38971373750226 grad_norm_g=89.8419454390841 learning_rate=9.996250468730469e-05
[15:39:07] [S2] batch mini_step=86 optimizer_step=368 discriminator_total=3.712476968765259 generator_total=35.14291763305664 feature=10.827392578125 mel=19.930768966674805 kl_ssl=0.0 kl=1.499041199684143 grad_norm_d=44.694492995161916 grad_norm_g=115.3465470345682 learning_rate=9.996250468730469e-05
[15:39:08] [S2] batch mini_step=87 optimizer_step=369 discriminator_total=3.9354512691497803 generator_total=30.722856521606445 feature=7.392242431640625 mel=19.5437068939209 kl_ssl=0.0 kl=1.3349406719207764 grad_norm_d=34.48147620770701 grad_norm_g=370.84925435084153 learning_rate=9.996250468730469e-05
[15:39:09] [S2] batch mini_step=88 optimizer_step=370 discriminator_total=3.623906135559082 generator_total=28.78011703491211 feature=7.12791633605957 mel=18.250640869140625 kl_ssl=0.0 kl=0.6402955055236816 grad_norm_d=60.908136559934356 grad_norm_g=314.54935401676437 learning_rate=9.996250468730469e-05
[15:39:10] [S2] batch mini_step=89 optimizer_step=371 discriminator_total=3.366797924041748 generator_total=27.94499397277832 feature=3.804481029510498 mel=20.133764266967773 kl_ssl=0.0 kl=1.390480637550354 grad_norm_d=30.94540242622237 grad_norm_g=351.903052370757 learning_rate=9.996250468730469e-05
[15:39:10] [S2] batch mini_step=90 optimizer_step=372 discriminator_total=4.182313442230225 generator_total=34.342010498046875 feature=9.771267890930176 mel=20.624303817749023 kl_ssl=0.0 kl=1.4150681495666504 grad_norm_d=28.466231507561883 grad_norm_g=121.21530717109782 learning_rate=9.996250468730469e-05
[15:39:11] [S2] batch mini_step=91 optimizer_step=373 discriminator_total=3.7919747829437256 generator_total=28.531436920166016 feature=6.512444496154785 mel=17.525165557861328 kl_ssl=0.0 kl=1.6800000667572021 grad_norm_d=43.22407490966704 grad_norm_g=400.7380261292504 learning_rate=9.996250468730469e-05
[15:39:12] [S2] batch mini_step=92 optimizer_step=374 discriminator_total=3.765273332595825 generator_total=27.610937118530273 feature=5.51933479309082 mel=17.721725463867188 kl_ssl=0.0 kl=1.9689122438430786 grad_norm_d=26.255372117323123 grad_norm_g=495.65214713518293 learning_rate=9.996250468730469e-05
[15:39:13] [S2] batch mini_step=93 optimizer_step=375 discriminator_total=3.5822365283966064 generator_total=29.87564468383789 feature=6.9576544761657715 mel=19.401838302612305 kl_ssl=0.0 kl=0.9572494029998779 grad_norm_d=36.066561928739915 grad_norm_g=567.3891631088168 learning_rate=9.996250468730469e-05
[15:39:14] [S2] batch mini_step=94 optimizer_step=376 discriminator_total=3.7198009490966797 generator_total=28.183128356933594 feature=5.664523124694824 mel=18.70078468322754 kl_ssl=0.0 kl=1.371495246887207 grad_norm_d=43.659882921568055 grad_norm_g=301.88605761288835 learning_rate=9.996250468730469e-05
[15:39:15] [S2] batch mini_step=1 optimizer_step=377 discriminator_total=3.763929843902588 generator_total=35.73289489746094 feature=11.315571784973145 mel=20.556568145751953 kl_ssl=0.0 kl=1.4959222078323364 grad_norm_d=47.4410102780916 grad_norm_g=125.70561448363007 learning_rate=9.995000937421877e-05
[15:39:16] [S2] batch mini_step=2 optimizer_step=378 discriminator_total=3.8988864421844482 generator_total=30.236452102661133 feature=6.996456146240234 mel=19.61932945251465 kl_ssl=0.0 kl=1.056274652481079 grad_norm_d=85.82551951093691 grad_norm_g=104.28617757179211 learning_rate=9.995000937421877e-05
[15:39:17] [S2] batch mini_step=3 optimizer_step=379 discriminator_total=4.0114898681640625 generator_total=27.74414825439453 feature=7.733170032501221 mel=16.59795570373535 kl_ssl=0.0 kl=1.2916548252105713 grad_norm_d=53.365664350826975 grad_norm_g=485.93714981653295 learning_rate=9.995000937421877e-05
[15:39:18] [S2] batch mini_step=4 optimizer_step=380 discriminator_total=3.786160469055176 generator_total=32.65170669555664 feature=8.776080131530762 mel=20.191545486450195 kl_ssl=0.0 kl=0.9010809063911438 grad_norm_d=61.56396706245071 grad_norm_g=316.84707871696327 learning_rate=9.995000937421877e-05
[15:39:19] [S2] batch mini_step=5 optimizer_step=381 discriminator_total=3.845799446105957 generator_total=17.607608795166016 feature=0.570297122001648 mel=13.168318748474121 kl_ssl=0.0 kl=1.713096022605896 grad_norm_d=65.77712781847848 grad_norm_g=1036.7610468587213 learning_rate=9.995000937421877e-05
[15:39:19] [S2] batch mini_step=6 optimizer_step=382 discriminator_total=3.751249313354492 generator_total=19.3790283203125 feature=1.455830454826355 mel=14.647192001342773 kl_ssl=0.0 kl=0.9691244959831238 grad_norm_d=61.27416636869178 grad_norm_g=646.0608643649947 learning_rate=9.995000937421877e-05
[15:39:20] [S2] batch mini_step=7 optimizer_step=383 discriminator_total=3.7236249446868896 generator_total=36.10408020019531 feature=10.631388664245605 mel=21.033973693847656 kl_ssl=0.0 kl=1.6703040599822998 grad_norm_d=83.63445242755502 grad_norm_g=126.92436187389252 learning_rate=9.995000937421877e-05
[15:39:21] [S2] batch mini_step=8 optimizer_step=384 discriminator_total=3.60333251953125 generator_total=33.72875213623047 feature=8.355600357055664 mel=21.621992111206055 kl_ssl=0.0 kl=1.2081652879714966 grad_norm_d=50.70651191777187 grad_norm_g=401.6909867021349 learning_rate=9.995000937421877e-05
[15:39:22] [S2] batch mini_step=9 optimizer_step=385 discriminator_total=3.5798542499542236 generator_total=29.04940414428711 feature=5.339550018310547 mel=18.904523849487305 kl_ssl=0.0 kl=1.9675517082214355 grad_norm_d=43.22711712500038 grad_norm_g=861.0794138095515 learning_rate=9.995000937421877e-05
[15:39:23] [S2] batch mini_step=10 optimizer_step=386 discriminator_total=3.7047195434570312 generator_total=35.48811721801758 feature=10.782949447631836 mel=19.95787811279297 kl_ssl=0.0 kl=1.7606899738311768 grad_norm_d=31.1821394127647 grad_norm_g=108.10791737841753 learning_rate=9.995000937421877e-05
[15:39:24] [S2] batch mini_step=11 optimizer_step=387 discriminator_total=3.7520666122436523 generator_total=29.260568618774414 feature=6.504180431365967 mel=18.85231590270996 kl_ssl=0.0 kl=1.430050253868103 grad_norm_d=31.408314934041076 grad_norm_g=175.72529041557286 learning_rate=9.995000937421877e-05
[15:39:25] [S2] batch mini_step=12 optimizer_step=388 discriminator_total=3.8599822521209717 generator_total=28.793067932128906 feature=5.839944839477539 mel=19.52772331237793 kl_ssl=0.0 kl=1.0905184745788574 grad_norm_d=34.09139041365914 grad_norm_g=458.96711638376905 learning_rate=9.995000937421877e-05
[15:39:26] [S2] batch mini_step=13 optimizer_step=389 discriminator_total=3.876209020614624 generator_total=35.20793533325195 feature=10.412891387939453 mel=20.123987197875977 kl_ssl=0.0 kl=2.260180950164795 grad_norm_d=66.01557920876047 grad_norm_g=266.8749621627708 learning_rate=9.995000937421877e-05
[15:39:27] [S2] batch mini_step=14 optimizer_step=390 discriminator_total=3.975776433944702 generator_total=35.201805114746094 feature=12.330961227416992 mel=19.217609405517578 kl_ssl=0.0 kl=1.1371196508407593 grad_norm_d=41.62455233593497 grad_norm_g=128.30848782548998 learning_rate=9.995000937421877e-05
[15:39:28] [S2] batch mini_step=15 optimizer_step=391 discriminator_total=3.8833212852478027 generator_total=20.933879852294922 feature=2.55389142036438 mel=15.321343421936035 kl_ssl=0.0 kl=0.9630693793296814 grad_norm_d=126.93616002756643 grad_norm_g=527.0591097478692 learning_rate=9.995000937421877e-05
[15:39:29] [S2] batch mini_step=16 optimizer_step=392 discriminator_total=3.580746650695801 generator_total=23.941057205200195 feature=2.6462442874908447 mel=16.761573791503906 kl_ssl=0.0 kl=1.9750601053237915 grad_norm_d=55.67123618535059 grad_norm_g=701.0663657751073 learning_rate=9.995000937421877e-05
[15:39:30] [S2] batch mini_step=17 optimizer_step=393 discriminator_total=3.936131238937378 generator_total=19.464580535888672 feature=1.465013861656189 mel=13.762763023376465 kl_ssl=0.0 kl=1.855018138885498 grad_norm_d=47.46199471836209 grad_norm_g=604.5738959184986 learning_rate=9.995000937421877e-05
[15:39:30] [S2] batch mini_step=18 optimizer_step=394 discriminator_total=3.60495662689209 generator_total=35.12737274169922 feature=10.450304985046387 mel=20.658889770507812 kl_ssl=0.0 kl=1.4355226755142212 grad_norm_d=30.773978575917894 grad_norm_g=72.212259563072 learning_rate=9.995000937421877e-05
[15:39:31] [S2] batch mini_step=19 optimizer_step=395 discriminator_total=3.7635653018951416 generator_total=19.55375099182129 feature=1.14244544506073 mel=15.052135467529297 kl_ssl=0.0 kl=1.0233044624328613 grad_norm_d=62.33231195320191 grad_norm_g=1007.1489224869179 learning_rate=9.995000937421877e-05
[15:39:32] [S2] batch mini_step=20 optimizer_step=396 discriminator_total=3.730924606323242 generator_total=26.542741775512695 feature=7.265541076660156 mel=15.704573631286621 kl_ssl=0.0 kl=1.3692593574523926 grad_norm_d=55.7014253008292 grad_norm_g=131.03091250539956 learning_rate=9.995000937421877e-05
[15:39:33] [S2] batch mini_step=21 optimizer_step=397 discriminator_total=3.8329763412475586 generator_total=34.36732482910156 feature=12.073633193969727 mel=18.378999710083008 kl_ssl=0.0 kl=1.4432162046432495 grad_norm_d=49.898438437871 grad_norm_g=206.36343176249122 learning_rate=9.995000937421877e-05
[15:39:34] [S2] batch mini_step=22 optimizer_step=398 discriminator_total=3.6498804092407227 generator_total=28.74318504333496 feature=6.65828800201416 mel=17.57929801940918 kl_ssl=0.0 kl=1.7564098834991455 grad_norm_d=79.58292870692267 grad_norm_g=297.70755426958783 learning_rate=9.995000937421877e-05
[15:39:35] [S2] batch mini_step=23 optimizer_step=399 discriminator_total=3.650432825088501 generator_total=29.24462127685547 feature=7.062183380126953 mel=17.6905517578125 kl_ssl=0.0 kl=1.6523879766464233 grad_norm_d=33.93984601814283 grad_norm_g=352.16784399421795 learning_rate=9.995000937421877e-05
[15:39:36] [S2] batch mini_step=24 optimizer_step=400 discriminator_total=3.6016554832458496 generator_total=33.38675308227539 feature=9.006640434265137 mel=20.0961856842041 kl_ssl=0.0 kl=1.5108559131622314 grad_norm_d=59.23197823263118 grad_norm_g=221.53068654958474 learning_rate=9.995000937421877e-05
[15:39:40] [S2] checkpoint optimizer_step=400 path=D:\AI-Training\voice-clone\voice-pipeline\voice-pipeline\runs\Lucy\training\s2\checkpoints\step-00000400.pt
[15:39:40] [S2] batch mini_step=25 optimizer_step=401 discriminator_total=3.6393823623657227 generator_total=29.90678596496582 feature=7.292203903198242 mel=18.375770568847656 kl_ssl=0.0 kl=1.4827674627304077 grad_norm_d=40.49836824664115 grad_norm_g=167.8615553116844 learning_rate=9.995000937421877e-05
[15:39:41] [S2] batch mini_step=26 optimizer_step=402 discriminator_total=3.978607416152954 generator_total=27.918502807617188 feature=5.41200590133667 mel=18.891191482543945 kl_ssl=0.0 kl=1.3572213649749756 grad_norm_d=94.24747547128106 grad_norm_g=151.6475387611451 learning_rate=9.995000937421877e-05
[15:39:42] [S2] batch mini_step=27 optimizer_step=403 discriminator_total=3.9131245613098145 generator_total=37.39207458496094 feature=11.246566772460938 mel=20.891265869140625 kl_ssl=0.0 kl=2.50693941116333 grad_norm_d=88.97149565962438 grad_norm_g=261.73125503544964 learning_rate=9.995000937421877e-05
[15:39:43] [S2] batch mini_step=28 optimizer_step=404 discriminator_total=3.8834376335144043 generator_total=29.798749923706055 feature=6.344496726989746 mel=18.865339279174805 kl_ssl=0.0 kl=1.9987318515777588 grad_norm_d=51.06813066230906 grad_norm_g=177.86923333691988 learning_rate=9.995000937421877e-05
[15:39:44] [S2] batch mini_step=29 optimizer_step=405 discriminator_total=3.5817933082580566 generator_total=30.063278198242188 feature=7.503959655761719 mel=18.312820434570312 kl_ssl=0.0 kl=1.411068081855774 grad_norm_d=28.804029396293032 grad_norm_g=242.9997056398985 learning_rate=9.995000937421877e-05
[15:39:45] [S2] batch mini_step=30 optimizer_step=406 discriminator_total=3.8404250144958496 generator_total=36.50886917114258 feature=12.235998153686523 mel=19.912708282470703 kl_ssl=0.0 kl=1.7408605813980103 grad_norm_d=44.23240722185956 grad_norm_g=203.42382427238294 learning_rate=9.995000937421877e-05
[15:39:46] [S2] batch mini_step=31 optimizer_step=407 discriminator_total=3.5172152519226074 generator_total=26.209110260009766 feature=6.234371662139893 mel=16.628524780273438 kl_ssl=0.0 kl=0.9263986945152283 grad_norm_d=46.13905378773893 grad_norm_g=367.22985389546164 learning_rate=9.995000937421877e-05
[15:39:47] [S2] batch mini_step=32 optimizer_step=408 discriminator_total=3.786587715148926 generator_total=32.3958854675293 feature=10.092310905456543 mel=18.44762420654297 kl_ssl=0.0 kl=1.5615041255950928 grad_norm_d=24.473153435897334 grad_norm_g=225.06961222279952 learning_rate=9.995000937421877e-05
[15:39:47] [S2] batch mini_step=33 optimizer_step=409 discriminator_total=3.6737020015716553 generator_total=34.24468994140625 feature=9.799123764038086 mel=19.467884063720703 kl_ssl=0.0 kl=2.0358448028564453 grad_norm_d=41.672182800942245 grad_norm_g=251.95552616912124 learning_rate=9.995000937421877e-05
[15:39:48] [S2] batch mini_step=34 optimizer_step=410 discriminator_total=3.695812702178955 generator_total=35.79956817626953 feature=11.82139778137207 mel=19.136611938476562 kl_ssl=0.0 kl=2.10710072517395 grad_norm_d=28.041050448960668 grad_norm_g=82.29124808493124 learning_rate=9.995000937421877e-05
[15:39:49] [S2] batch mini_step=35 optimizer_step=411 discriminator_total=3.636965274810791 generator_total=37.202247619628906 feature=12.877628326416016 mel=20.025325775146484 kl_ssl=0.0 kl=1.561370611190796 grad_norm_d=35.935886630377844 grad_norm_g=202.42373127722445 learning_rate=9.995000937421877e-05
[15:39:50] [S2] batch mini_step=36 optimizer_step=412 discriminator_total=3.5464870929718018 generator_total=33.88681411743164 feature=9.266066551208496 mel=20.02936553955078 kl_ssl=0.0 kl=1.9890395402908325 grad_norm_d=28.108015885505246 grad_norm_g=149.30798033426188 learning_rate=9.995000937421877e-05
[15:39:51] [S2] batch mini_step=37 optimizer_step=413 discriminator_total=3.537349224090576 generator_total=31.156505584716797 feature=8.820517539978027 mel=18.764726638793945 kl_ssl=0.0 kl=1.100345253944397 grad_norm_d=60.2547456751572 grad_norm_g=232.10270049217752 learning_rate=9.995000937421877e-05
[15:39:52] [S2] batch mini_step=38 optimizer_step=414 discriminator_total=3.8635966777801514 generator_total=25.446269989013672 feature=5.559022426605225 mel=16.651235580444336 kl_ssl=0.0 kl=0.8019520044326782 grad_norm_d=52.351634118206114 grad_norm_g=279.12129604617144 learning_rate=9.995000937421877e-05
[15:39:53] [S2] batch mini_step=39 optimizer_step=415 discriminator_total=3.623234987258911 generator_total=27.123706817626953 feature=6.089700698852539 mel=16.31913948059082 kl_ssl=0.0 kl=1.988013505935669 grad_norm_d=92.39450811861785 grad_norm_g=384.6620564355711 learning_rate=9.995000937421877e-05
[15:39:54] [S2] batch mini_step=40 optimizer_step=416 discriminator_total=4.097516059875488 generator_total=22.231929779052734 feature=3.3550806045532227 mel=15.678533554077148 kl_ssl=0.0 kl=1.1015112400054932 grad_norm_d=141.30391913177866 grad_norm_g=214.90289154301288 learning_rate=9.995000937421877e-05
[15:39:54] [S2] batch mini_step=41 optimizer_step=417 discriminator_total=3.710768461227417 generator_total=32.95515823364258 feature=8.961918830871582 mel=19.464641571044922 kl_ssl=0.0 kl=1.9086169004440308 grad_norm_d=29.50411703509137 grad_norm_g=129.16599350795966 learning_rate=9.995000937421877e-05
[15:39:55] [S2] batch mini_step=42 optimizer_step=418 discriminator_total=3.5783114433288574 generator_total=36.28247833251953 feature=12.338057518005371 mel=19.683988571166992 kl_ssl=0.0 kl=1.288930892944336 grad_norm_d=18.209428427690437 grad_norm_g=214.52758195246096 learning_rate=9.995000937421877e-05
[15:39:56] [S2] batch mini_step=43 optimizer_step=419 discriminator_total=3.789552927017212 generator_total=37.84489059448242 feature=13.814504623413086 mel=20.585309982299805 kl_ssl=0.0 kl=1.0429104566574097 grad_norm_d=24.84150167065095 grad_norm_g=134.07037905967448 learning_rate=9.995000937421877e-05
[15:39:57] [S2] batch mini_step=44 optimizer_step=420 discriminator_total=3.952258825302124 generator_total=20.989078521728516 feature=5.940834045410156 mel=10.729928970336914 kl_ssl=0.0 kl=1.7013295888900757 grad_norm_d=169.23442179036564 grad_norm_g=360.59798259165143 learning_rate=9.995000937421877e-05
[15:39:58] [S2] batch mini_step=45 optimizer_step=421 discriminator_total=3.789214611053467 generator_total=24.14996910095215 feature=3.622843027114868 mel=16.67305564880371 kl_ssl=0.0 kl=1.2175695896148682 grad_norm_d=108.54363559507625 grad_norm_g=401.5828168176843 learning_rate=9.995000937421877e-05
[15:39:59] [S2] batch mini_step=46 optimizer_step=422 discriminator_total=3.575695753097534 generator_total=35.70648193359375 feature=11.140835762023926 mel=20.486026763916016 kl_ssl=0.0 kl=1.237457036972046 grad_norm_d=45.32168683503414 grad_norm_g=106.44776132302277 learning_rate=9.995000937421877e-05
[15:40:00] [S2] batch mini_step=47 optimizer_step=423 discriminator_total=3.743131637573242 generator_total=26.121679306030273 feature=4.893120288848877 mel=17.117525100708008 kl_ssl=0.0 kl=1.6561872959136963 grad_norm_d=28.86205663068606 grad_norm_g=767.0141848912805 learning_rate=9.995000937421877e-05
[15:40:01] [S2] batch mini_step=48 optimizer_step=424 discriminator_total=3.7848618030548096 generator_total=20.093769073486328 feature=5.0247344970703125 mel=11.495591163635254 kl_ssl=0.0 kl=1.1958059072494507 grad_norm_d=20.439017706936326 grad_norm_g=1787.4056483706745 learning_rate=9.995000937421877e-05
[15:40:02] [S2] batch mini_step=49 optimizer_step=425 discriminator_total=3.967928647994995 generator_total=20.35036277770996 feature=4.237857818603516 mel=12.84177303314209 kl_ssl=0.0 kl=0.922227680683136 grad_norm_d=129.30400004878865 grad_norm_g=703.1880599767784 learning_rate=9.995000937421877e-05
[15:40:02] [S2] batch mini_step=50 optimizer_step=426 discriminator_total=3.9928700923919678 generator_total=31.960630416870117 feature=9.403752326965332 mel=19.257654190063477 kl_ssl=0.0 kl=0.7305821180343628 grad_norm_d=22.614965025666514 grad_norm_g=131.90036031732583 learning_rate=9.995000937421877e-05
[15:40:03] [S2] batch mini_step=51 optimizer_step=427 discriminator_total=3.7353827953338623 generator_total=31.12435531616211 feature=8.626025199890137 mel=18.55218505859375 kl_ssl=0.0 kl=1.376246452331543 grad_norm_d=26.93568767519156 grad_norm_g=209.94226582886563 learning_rate=9.995000937421877e-05
[15:40:04] [S2] batch mini_step=52 optimizer_step=428 discriminator_total=4.203977584838867 generator_total=26.667943954467773 feature=6.923768520355225 mel=16.03335189819336 kl_ssl=0.0 kl=1.4260555505752563 grad_norm_d=64.16643867288869 grad_norm_g=430.45685317310995 learning_rate=9.995000937421877e-05
[15:40:05] [S2] batch mini_step=53 optimizer_step=429 discriminator_total=3.7844862937927246 generator_total=32.384212493896484 feature=9.128941535949707 mel=19.65260124206543 kl_ssl=0.0 kl=1.2890512943267822 grad_norm_d=37.15521675311526 grad_norm_g=119.15138264074173 learning_rate=9.995000937421877e-05
[15:40:06] [S2] batch mini_step=54 optimizer_step=430 discriminator_total=3.9580485820770264 generator_total=36.5025749206543 feature=10.587860107421875 mel=20.999309539794922 kl_ssl=0.0 kl=1.9364787340164185 grad_norm_d=40.92650388346513 grad_norm_g=144.7277189722883 learning_rate=9.995000937421877e-05
[15:40:07] [S2] batch mini_step=55 optimizer_step=431 discriminator_total=4.139142990112305 generator_total=17.948522567749023 feature=0.2270837426185608 mel=14.155550956726074 kl_ssl=0.0 kl=1.5527034997940063 grad_norm_d=73.19602565564752 grad_norm_g=772.0966543463816 learning_rate=9.995000937421877e-05
[15:40:08] [S2] batch mini_step=56 optimizer_step=432 discriminator_total=3.9057135581970215 generator_total=34.153968811035156 feature=11.724005699157715 mel=18.463539123535156 kl_ssl=0.0 kl=1.63088059425354 grad_norm_d=27.33986897536777 grad_norm_g=103.48760768776427 learning_rate=9.995000937421877e-05
[15:40:09] [S2] batch mini_step=57 optimizer_step=433 discriminator_total=3.7385833263397217 generator_total=29.458526611328125 feature=7.210992813110352 mel=18.300430297851562 kl_ssl=0.0 kl=1.4422069787979126 grad_norm_d=46.62147792571712 grad_norm_g=597.9206588140463 learning_rate=9.995000937421877e-05
[15:40:09] [S2] batch mini_step=58 optimizer_step=434 discriminator_total=3.6874663829803467 generator_total=26.99039077758789 feature=5.412564754486084 mel=17.004947662353516 kl_ssl=0.0 kl=2.0076379776000977 grad_norm_d=45.876706093497766 grad_norm_g=523.0816131524437 learning_rate=9.995000937421877e-05
[15:40:10] [S2] batch mini_step=59 optimizer_step=435 discriminator_total=3.9349422454833984 generator_total=26.19091033935547 feature=5.844014644622803 mel=16.291519165039062 kl_ssl=0.0 kl=1.703080177307129 grad_norm_d=41.45459357153162 grad_norm_g=545.1218692853809 learning_rate=9.995000937421877e-05
[15:40:11] [S2] batch mini_step=60 optimizer_step=436 discriminator_total=3.626033306121826 generator_total=36.48754119873047 feature=11.800243377685547 mel=20.440105438232422 kl_ssl=0.0 kl=1.5163816213607788 grad_norm_d=67.00438740736726 grad_norm_g=126.38617720365163 learning_rate=9.995000937421877e-05
[15:40:12] [S2] batch mini_step=61 optimizer_step=437 discriminator_total=3.2754812240600586 generator_total=36.85585021972656 feature=11.451644897460938 mel=21.143749237060547 kl_ssl=0.0 kl=1.647202730178833 grad_norm_d=20.206506617350026 grad_norm_g=133.095287809406 learning_rate=9.995000937421877e-05
[15:40:13] [S2] batch mini_step=62 optimizer_step=438 discriminator_total=3.792095899581909 generator_total=24.157182693481445 feature=3.3511693477630615 mel=17.412710189819336 kl_ssl=0.0 kl=1.025435209274292 grad_norm_d=33.58433826014488 grad_norm_g=761.3319820721505 learning_rate=9.995000937421877e-05
[15:40:14] [S2] batch mini_step=63 optimizer_step=439 discriminator_total=3.56423020362854 generator_total=37.273773193359375 feature=13.829303741455078 mel=19.257476806640625 kl_ssl=0.0 kl=1.4236305952072144 grad_norm_d=35.48281673408205 grad_norm_g=101.04728101531383 learning_rate=9.995000937421877e-05
[15:40:15] [S2] batch mini_step=64 optimizer_step=440 discriminator_total=3.8596622943878174 generator_total=28.41655731201172 feature=7.058701038360596 mel=18.412511825561523 kl_ssl=0.0 kl=0.5122824907302856 grad_norm_d=40.07749022461703 grad_norm_g=303.04749948997784 learning_rate=9.995000937421877e-05
[15:40:15] [S2] batch mini_step=65 optimizer_step=441 discriminator_total=3.6287801265716553 generator_total=34.05044937133789 feature=11.953276634216309 mel=18.480337142944336 kl_ssl=0.0 kl=0.8963272571563721 grad_norm_d=12.831425321642522 grad_norm_g=84.14140933224839 learning_rate=9.995000937421877e-05
[15:40:16] [S2] batch mini_step=66 optimizer_step=442 discriminator_total=3.9202256202697754 generator_total=17.51909065246582 feature=0.6032422780990601 mel=13.906089782714844 kl_ssl=0.0 kl=0.8622539043426514 grad_norm_d=40.52223018081362 grad_norm_g=465.9666183037643 learning_rate=9.995000937421877e-05
[15:40:17] [S2] batch mini_step=67 optimizer_step=443 discriminator_total=3.9752557277679443 generator_total=12.875125885009766 feature=0.182467520236969 mel=9.716742515563965 kl_ssl=0.0 kl=0.7960050106048584 grad_norm_d=20.744580734330988 grad_norm_g=306.466387842496 learning_rate=9.995000937421877e-05
[15:40:18] [S2] batch mini_step=68 optimizer_step=444 discriminator_total=4.404134273529053 generator_total=24.955018997192383 feature=6.033039093017578 mel=15.287412643432617 kl_ssl=0.0 kl=1.0004041194915771 grad_norm_d=52.466550032910774 grad_norm_g=228.33113442009284 learning_rate=9.995000937421877e-05
[15:40:19] [S2] batch mini_step=69 optimizer_step=445 discriminator_total=3.5400819778442383 generator_total=26.68396759033203 feature=4.319310188293457 mel=18.266881942749023 kl_ssl=0.0 kl=1.2530056238174438 grad_norm_d=43.10634386971104 grad_norm_g=244.62919677783762 learning_rate=9.995000937421877e-05
[15:40:20] [S2] batch mini_step=70 optimizer_step=446 discriminator_total=3.8018178939819336 generator_total=25.018224716186523 feature=7.636288642883301 mel=13.611605644226074 kl_ssl=0.0 kl=1.1987789869308472 grad_norm_d=77.02817688700475 grad_norm_g=444.08721926800257 learning_rate=9.995000937421877e-05
[15:40:21] [S2] batch mini_step=71 optimizer_step=447 discriminator_total=3.441387414932251 generator_total=39.1973991394043 feature=13.7907133102417 mel=21.024314880371094 kl_ssl=0.0 kl=1.6622060537338257 grad_norm_d=25.347374697564863 grad_norm_g=109.32255954462505 learning_rate=9.995000937421877e-05
[15:40:22] [S2] batch mini_step=72 optimizer_step=448 discriminator_total=3.5918211936950684 generator_total=31.027626037597656 feature=8.005931854248047 mel=18.621212005615234 kl_ssl=0.0 kl=1.7440123558044434 grad_norm_d=25.782553192604944 grad_norm_g=238.98956447466094 learning_rate=9.995000937421877e-05
[15:40:22] [S2] batch mini_step=73 optimizer_step=449 discriminator_total=4.782349586486816 generator_total=34.934043884277344 feature=11.237415313720703 mel=19.805681228637695 kl_ssl=0.0 kl=1.2726234197616577 grad_norm_d=47.05156580387138 grad_norm_g=112.24128533000693 learning_rate=9.995000937421877e-05
[15:40:23] [S2] batch mini_step=74 optimizer_step=450 discriminator_total=3.8667359352111816 generator_total=27.675064086914062 feature=6.430267333984375 mel=18.050430297851562 kl_ssl=0.0 kl=1.1931371688842773 grad_norm_d=53.00671787163764 grad_norm_g=228.08808822913153 learning_rate=9.995000937421877e-05
[15:40:24] [S2] batch mini_step=75 optimizer_step=451 discriminator_total=3.72141170501709 generator_total=26.660484313964844 feature=4.718443393707275 mel=18.107131958007812 kl_ssl=0.0 kl=1.3528136014938354 grad_norm_d=39.79940316806115 grad_norm_g=142.35696257053957 learning_rate=9.995000937421877e-05
[15:40:25] [S2] batch mini_step=76 optimizer_step=452 discriminator_total=4.035401344299316 generator_total=28.136241912841797 feature=7.129611015319824 mel=17.321908950805664 kl_ssl=0.0 kl=1.4576979875564575 grad_norm_d=49.98696089240578 grad_norm_g=609.9245664957302 learning_rate=9.995000937421877e-05
[15:40:26] [S2] batch mini_step=77 optimizer_step=453 discriminator_total=3.9572644233703613 generator_total=24.955760955810547 feature=5.680893898010254 mel=15.637136459350586 kl_ssl=0.0 kl=1.2426117658615112 grad_norm_d=40.38282546109855 grad_norm_g=298.11147357512453 learning_rate=9.995000937421877e-05
[15:40:27] [S2] batch mini_step=78 optimizer_step=454 discriminator_total=3.8706398010253906 generator_total=19.79827117919922 feature=2.0294950008392334 mel=13.735721588134766 kl_ssl=0.0 kl=1.5482279062271118 grad_norm_d=33.51903569349348 grad_norm_g=324.1701700025472 learning_rate=9.995000937421877e-05
[15:40:28] [S2] batch mini_step=79 optimizer_step=455 discriminator_total=3.4747025966644287 generator_total=31.1973934173584 feature=7.285582065582275 mel=19.928834915161133 kl_ssl=0.0 kl=1.0245894193649292 grad_norm_d=49.42408468517343 grad_norm_g=182.88471770816452 learning_rate=9.995000937421877e-05
[15:40:29] [S2] batch mini_step=80 optimizer_step=456 discriminator_total=3.750335216522217 generator_total=28.80724334716797 feature=7.032607078552246 mel=18.15715789794922 kl_ssl=0.0 kl=1.084342122077942 grad_norm_d=26.88798474498523 grad_norm_g=195.27539965786556 learning_rate=9.995000937421877e-05
[15:40:29] [S2] batch mini_step=81 optimizer_step=457 discriminator_total=3.8836467266082764 generator_total=26.706987380981445 feature=5.466907978057861 mel=16.626705169677734 kl_ssl=0.0 kl=2.242131471633911 grad_norm_d=42.53321291136852 grad_norm_g=272.58346438895126 learning_rate=9.995000937421877e-05
[15:40:30] [S2] batch mini_step=82 optimizer_step=458 discriminator_total=3.777527332305908 generator_total=36.42363739013672 feature=13.399224281311035 mel=19.146764755249023 kl_ssl=0.0 kl=1.4166810512542725 grad_norm_d=49.353846167401656 grad_norm_g=425.9063134148001 learning_rate=9.995000937421877e-05
[15:40:31] [S2] batch mini_step=83 optimizer_step=459 discriminator_total=4.085592269897461 generator_total=19.594085693359375 feature=1.362391710281372 mel=15.001296043395996 kl_ssl=0.0 kl=1.0814322233200073 grad_norm_d=23.548226924425116 grad_norm_g=383.0645894043871 learning_rate=9.995000937421877e-05
[15:40:32] [S2] batch mini_step=84 optimizer_step=460 discriminator_total=3.550246238708496 generator_total=39.503604888916016 feature=15.095038414001465 mel=20.769433975219727 kl_ssl=0.0 kl=0.8041297793388367 grad_norm_d=43.50590164406164 grad_norm_g=102.29087448435247 learning_rate=9.995000937421877e-05
[15:40:33] [S2] batch mini_step=85 optimizer_step=461 discriminator_total=3.785266160964966 generator_total=23.692562103271484 feature=4.420258522033691 mel=16.048263549804688 kl_ssl=0.0 kl=0.70308518409729 grad_norm_d=31.761765081118288 grad_norm_g=216.48412200863714 learning_rate=9.995000937421877e-05
[15:40:34] [S2] batch mini_step=86 optimizer_step=462 discriminator_total=3.6353964805603027 generator_total=28.69527816772461 feature=6.481503486633301 mel=17.861465454101562 kl_ssl=0.0 kl=1.7187556028366089 grad_norm_d=21.944607086790676 grad_norm_g=190.17719524428588 learning_rate=9.995000937421877e-05
[15:40:35] [S2] batch mini_step=87 optimizer_step=463 discriminator_total=3.727447748184204 generator_total=29.894996643066406 feature=8.787923812866211 mel=16.391094207763672 kl_ssl=0.0 kl=2.0159192085266113 grad_norm_d=31.83824626773178 grad_norm_g=238.2743123939259 learning_rate=9.995000937421877e-05
[15:40:36] [S2] batch mini_step=88 optimizer_step=464 discriminator_total=3.739356517791748 generator_total=32.507266998291016 feature=9.681066513061523 mel=19.196304321289062 kl_ssl=0.0 kl=1.184075951576233 grad_norm_d=33.612932156274354 grad_norm_g=161.87936733265008 learning_rate=9.995000937421877e-05
[15:40:36] [S2] batch mini_step=89 optimizer_step=465 discriminator_total=3.7317657470703125 generator_total=33.152122497558594 feature=8.815872192382812 mel=20.313339233398438 kl_ssl=0.0 kl=1.3825973272323608 grad_norm_d=39.61569137010077 grad_norm_g=91.2087782551745 learning_rate=9.995000937421877e-05
[15:40:37] [S2] batch mini_step=90 optimizer_step=466 discriminator_total=3.83309268951416 generator_total=25.438745498657227 feature=6.26746129989624 mel=16.351242065429688 kl_ssl=0.0 kl=0.46091583371162415 grad_norm_d=22.097598871189344 grad_norm_g=343.99425376263423 learning_rate=9.995000937421877e-05
[15:40:38] [S2] batch mini_step=91 optimizer_step=467 discriminator_total=3.5094707012176514 generator_total=33.76685333251953 feature=10.750991821289062 mel=19.427963256835938 kl_ssl=0.0 kl=0.9552587270736694 grad_norm_d=24.966067453830366 grad_norm_g=78.64766773794736 learning_rate=9.995000937421877e-05
[15:40:39] [S2] batch mini_step=92 optimizer_step=468 discriminator_total=3.877697706222534 generator_total=36.35890579223633 feature=12.725829124450684 mel=19.73573112487793 kl_ssl=0.0 kl=1.3829283714294434 grad_norm_d=42.41973088309634 grad_norm_g=170.304356510075 learning_rate=9.995000937421877e-05
[15:40:40] [S2] batch mini_step=93 optimizer_step=469 discriminator_total=3.4868218898773193 generator_total=34.70730209350586 feature=8.644438743591309 mel=21.834932327270508 kl_ssl=0.0 kl=1.0737870931625366 grad_norm_d=24.984177310113633 grad_norm_g=232.83318267882532 learning_rate=9.995000937421877e-05
[15:40:41] [S2] batch mini_step=94 optimizer_step=470 discriminator_total=3.7008278369903564 generator_total=35.25088882446289 feature=12.484047889709473 mel=18.867809295654297 kl_ssl=0.0 kl=1.0072476863861084 grad_norm_d=15.56615347541745 grad_norm_g=125.7114309129995 learning_rate=9.995000937421877e-05
[15:40:42] [S2] batch mini_step=1 optimizer_step=471 discriminator_total=3.6686620712280273 generator_total=32.94965744018555 feature=10.202824592590332 mel=18.666202545166016 kl_ssl=0.0 kl=1.4786677360534668 grad_norm_d=49.64521501729469 grad_norm_g=144.25516500401548 learning_rate=9.993751562304699e-05
[15:40:42] [S2] batch mini_step=2 optimizer_step=472 discriminator_total=3.7799124717712402 generator_total=29.51890754699707 feature=8.168750762939453 mel=17.61137580871582 kl_ssl=0.0 kl=1.6024481058120728 grad_norm_d=28.34452334385489 grad_norm_g=189.89229213071184 learning_rate=9.993751562304699e-05
[15:40:43] [S2] batch mini_step=3 optimizer_step=473 discriminator_total=3.714726209640503 generator_total=33.0943489074707 feature=10.56253719329834 mel=18.658498764038086 kl_ssl=0.0 kl=1.361754059791565 grad_norm_d=43.53369108943276 grad_norm_g=142.63528154050738 learning_rate=9.993751562304699e-05
[15:40:44] [S2] batch mini_step=4 optimizer_step=474 discriminator_total=3.760780096054077 generator_total=32.28218078613281 feature=10.518747329711914 mel=18.665895462036133 kl_ssl=0.0 kl=0.6997463703155518 grad_norm_d=86.6813802595919 grad_norm_g=112.68582511283769 learning_rate=9.993751562304699e-05
[15:40:45] [S2] batch mini_step=5 optimizer_step=475 discriminator_total=3.896134853363037 generator_total=27.992542266845703 feature=5.912105083465576 mel=18.200958251953125 kl_ssl=0.0 kl=1.5163910388946533 grad_norm_d=19.916045725978137 grad_norm_g=211.67524969695148 learning_rate=9.993751562304699e-05
[15:40:46] [S2] batch mini_step=6 optimizer_step=476 discriminator_total=3.7010157108306885 generator_total=30.882543563842773 feature=7.951236248016357 mel=18.544527053833008 kl_ssl=0.0 kl=1.662316918373108 grad_norm_d=25.41764266655826 grad_norm_g=173.26531554563095 learning_rate=9.993751562304699e-05
[15:40:47] [S2] batch mini_step=7 optimizer_step=477 discriminator_total=4.17888069152832 generator_total=23.111732482910156 feature=2.6175599098205566 mel=16.29878807067871 kl_ssl=0.0 kl=1.8475990295410156 grad_norm_d=33.2987668859535 grad_norm_g=292.4181684870476 learning_rate=9.993751562304699e-05
[15:40:48] [S2] batch mini_step=8 optimizer_step=478 discriminator_total=3.6849918365478516 generator_total=34.63261032104492 feature=9.684538841247559 mel=20.673629760742188 kl_ssl=0.0 kl=1.5455740690231323 grad_norm_d=31.208214056916404 grad_norm_g=158.34036220757972 learning_rate=9.993751562304699e-05
[15:40:49] [S2] batch mini_step=9 optimizer_step=479 discriminator_total=3.339184284210205 generator_total=27.40036392211914 feature=5.054305553436279 mel=18.37152862548828 kl_ssl=0.0 kl=1.31346595287323 grad_norm_d=30.471374759376904 grad_norm_g=431.86354540120925 learning_rate=9.993751562304699e-05
[15:40:50] [S2] batch mini_step=10 optimizer_step=480 discriminator_total=3.5432119369506836 generator_total=25.616296768188477 feature=4.01100492477417 mel=18.180622100830078 kl_ssl=0.0 kl=0.7063831090927124 grad_norm_d=48.501761353126945 grad_norm_g=683.4405315559362 learning_rate=9.993751562304699e-05
[15:40:51] [S2] batch mini_step=11 optimizer_step=481 discriminator_total=3.838508129119873 generator_total=25.56708526611328 feature=5.102694034576416 mel=16.387792587280273 kl_ssl=0.0 kl=1.6097913980484009 grad_norm_d=17.462452729118954 grad_norm_g=204.20665704381054 learning_rate=9.993751562304699e-05
[15:40:52] [S2] batch mini_step=12 optimizer_step=482 discriminator_total=3.5486178398132324 generator_total=28.785228729248047 feature=6.673515796661377 mel=18.203046798706055 kl_ssl=0.0 kl=1.1737945079803467 grad_norm_d=46.30647591427146 grad_norm_g=221.5398967332051 learning_rate=9.993751562304699e-05
[15:40:53] [S2] batch mini_step=13 optimizer_step=483 discriminator_total=3.714780807495117 generator_total=36.43714141845703 feature=12.294568061828613 mel=19.866945266723633 kl_ssl=0.0 kl=1.5878727436065674 grad_norm_d=30.42599931750443 grad_norm_g=115.98614017300147 learning_rate=9.993751562304699e-05
[15:40:54] [S2] batch mini_step=14 optimizer_step=484 discriminator_total=3.498004913330078 generator_total=33.32216262817383 feature=9.86697769165039 mel=18.940689086914062 kl_ssl=0.0 kl=1.7176845073699951 grad_norm_d=36.03286343421292 grad_norm_g=120.19048451555508 learning_rate=9.993751562304699e-05
[15:40:54] [S2] batch mini_step=15 optimizer_step=485 discriminator_total=3.795341968536377 generator_total=33.58808135986328 feature=10.532297134399414 mel=19.89515495300293 kl_ssl=0.0 kl=0.870981752872467 grad_norm_d=29.198351465736927 grad_norm_g=140.72697521360413 learning_rate=9.993751562304699e-05
[15:40:55] [S2] batch mini_step=16 optimizer_step=486 discriminator_total=3.7771363258361816 generator_total=28.29334259033203 feature=3.6710000038146973 mel=20.428028106689453 kl_ssl=0.0 kl=1.894120216369629 grad_norm_d=39.393372151634665 grad_norm_g=775.1683675441295 learning_rate=9.993751562304699e-05
[15:40:56] [S2] batch mini_step=17 optimizer_step=487 discriminator_total=3.8295836448669434 generator_total=19.19948387145996 feature=6.028931140899658 mel=9.78196907043457 kl_ssl=0.0 kl=1.1908307075500488 grad_norm_d=21.66527082493683 grad_norm_g=138.38789885511534 learning_rate=9.993751562304699e-05
[15:40:57] [S2] batch mini_step=18 optimizer_step=488 discriminator_total=3.7619407176971436 generator_total=28.133548736572266 feature=7.31289005279541 mel=17.174306869506836 kl_ssl=0.0 kl=1.2343066930770874 grad_norm_d=22.630074388289483 grad_norm_g=485.8788785364037 learning_rate=9.993751562304699e-05
[15:40:58] [S2] batch mini_step=19 optimizer_step=489 discriminator_total=3.2209296226501465 generator_total=30.58612632751465 feature=7.507829666137695 mel=18.90829086303711 kl_ssl=0.0 kl=1.4898656606674194 grad_norm_d=24.499884221570028 grad_norm_g=371.38905308690113 learning_rate=9.993751562304699e-05
[15:40:59] [S2] batch mini_step=20 optimizer_step=490 discriminator_total=3.5489046573638916 generator_total=33.92728805541992 feature=9.837167739868164 mel=19.910106658935547 kl_ssl=0.0 kl=1.2435388565063477 grad_norm_d=90.0796213302295 grad_norm_g=381.7724202453263 learning_rate=9.993751562304699e-05
[15:41:00] [S2] batch mini_step=21 optimizer_step=491 discriminator_total=3.917531967163086 generator_total=23.627925872802734 feature=5.916632652282715 mel=14.614886283874512 kl_ssl=0.0 kl=0.7254605889320374 grad_norm_d=67.95502953714534 grad_norm_g=548.9731528364613 learning_rate=9.993751562304699e-05
[15:41:01] [S2] batch mini_step=22 optimizer_step=492 discriminator_total=3.532637596130371 generator_total=25.764123916625977 feature=5.685497760772705 mel=16.212759017944336 kl_ssl=0.0 kl=1.1823409795761108 grad_norm_d=28.76704525739529 grad_norm_g=606.2835347404775 learning_rate=9.993751562304699e-05
[15:41:02] [S2] batch mini_step=23 optimizer_step=493 discriminator_total=3.8839926719665527 generator_total=36.60844802856445 feature=12.706456184387207 mel=19.845104217529297 kl_ssl=0.0 kl=1.2320351600646973 grad_norm_d=32.63748955665683 grad_norm_g=103.59326991762646 learning_rate=9.993751562304699e-05
[15:41:02] [S2] batch mini_step=24 optimizer_step=494 discriminator_total=3.583165168762207 generator_total=31.041397094726562 feature=7.99608850479126 mel=19.243453979492188 kl_ssl=0.0 kl=1.3705710172653198 grad_norm_d=19.832892129203767 grad_norm_g=210.07470585227637 learning_rate=9.993751562304699e-05
[15:41:03] [S2] batch mini_step=25 optimizer_step=495 discriminator_total=3.5165977478027344 generator_total=33.543426513671875 feature=11.275403022766113 mel=18.487905502319336 kl_ssl=0.0 kl=1.0496147871017456 grad_norm_d=21.274397143389105 grad_norm_g=90.69751267325066 learning_rate=9.993751562304699e-05
[15:41:04] [S2] batch mini_step=26 optimizer_step=496 discriminator_total=3.6739444732666016 generator_total=34.4575309753418 feature=10.740596771240234 mel=19.553504943847656 kl_ssl=0.0 kl=1.4692816734313965 grad_norm_d=33.79468373995354 grad_norm_g=85.38645268748054 learning_rate=9.993751562304699e-05
[15:41:05] [S2] batch mini_step=27 optimizer_step=497 discriminator_total=3.558549404144287 generator_total=27.806955337524414 feature=7.293715000152588 mel=16.713533401489258 kl_ssl=0.0 kl=1.1157885789871216 grad_norm_d=95.63850884909847 grad_norm_g=292.76092789854926 learning_rate=9.993751562304699e-05
[15:41:06] [S2] batch mini_step=28 optimizer_step=498 discriminator_total=4.091057777404785 generator_total=33.066123962402344 feature=10.305681228637695 mel=18.35017204284668 kl_ssl=0.0 kl=2.090216636657715 grad_norm_d=26.222270735511636 grad_norm_g=498.71242745293387 learning_rate=9.993751562304699e-05
[15:41:07] [S2] batch mini_step=29 optimizer_step=499 discriminator_total=3.74716854095459 generator_total=32.493770599365234 feature=9.459370613098145 mel=18.359785079956055 kl_ssl=0.0 kl=1.9592317342758179 grad_norm_d=23.459068497954483 grad_norm_g=134.14385504763996 learning_rate=9.993751562304699e-05
[15:41:08] [S2] batch mini_step=30 optimizer_step=500 discriminator_total=3.72613525390625 generator_total=35.20148468017578 feature=12.157447814941406 mel=19.198284149169922 kl_ssl=0.0 kl=1.3985426425933838 grad_norm_d=17.514885496737804 grad_norm_g=95.18561649192458 learning_rate=9.993751562304699e-05
[15:41:09] [S2] batch mini_step=31 optimizer_step=501 discriminator_total=4.029103755950928 generator_total=24.215045928955078 feature=1.1805309057235718 mel=20.307275772094727 kl_ssl=0.0 kl=0.5314763188362122 grad_norm_d=47.01646124238719 grad_norm_g=838.7622310859409 learning_rate=9.993751562304699e-05
[15:41:09] [S2] batch mini_step=32 optimizer_step=502 discriminator_total=3.660111427307129 generator_total=26.450605392456055 feature=5.778224468231201 mel=16.546554565429688 kl_ssl=0.0 kl=1.3729950189590454 grad_norm_d=62.44655476461972 grad_norm_g=307.4083482029406 learning_rate=9.993751562304699e-05
[15:41:10] [S2] batch mini_step=33 optimizer_step=503 discriminator_total=3.4447131156921387 generator_total=33.840152740478516 feature=10.0387544631958 mel=19.494850158691406 kl_ssl=0.0 kl=1.481908917427063 grad_norm_d=24.557235496581235 grad_norm_g=109.43013434148844 learning_rate=9.993751562304699e-05
[15:41:11] [S2] batch mini_step=34 optimizer_step=504 discriminator_total=4.102108955383301 generator_total=15.15087890625 feature=0.21486210823059082 mel=11.745278358459473 kl_ssl=0.0 kl=1.2292232513427734 grad_norm_d=83.26148790961103 grad_norm_g=221.26841530686312 learning_rate=9.993751562304699e-05
[15:41:12] [S2] batch mini_step=35 optimizer_step=505 discriminator_total=3.5155539512634277 generator_total=28.708187103271484 feature=6.210585117340088 mel=18.99578285217285 kl_ssl=0.0 kl=0.9670351147651672 grad_norm_d=23.231585644801747 grad_norm_g=204.206010370953 learning_rate=9.993751562304699e-05
[15:41:13] [S2] batch mini_step=36 optimizer_step=506 discriminator_total=3.309670925140381 generator_total=33.683712005615234 feature=10.783080101013184 mel=18.985971450805664 kl_ssl=0.0 kl=1.3175824880599976 grad_norm_d=23.701062967329655 grad_norm_g=152.0364700000347 learning_rate=9.993751562304699e-05
[15:41:14] [S2] batch mini_step=37 optimizer_step=507 discriminator_total=3.646418333053589 generator_total=32.3130989074707 feature=9.450448036193848 mel=19.126358032226562 kl_ssl=0.0 kl=1.3276134729385376 grad_norm_d=43.76410687755946 grad_norm_g=173.83779084683243 learning_rate=9.993751562304699e-05
[15:41:15] [S2] batch mini_step=38 optimizer_step=508 discriminator_total=3.548807382583618 generator_total=34.24024963378906 feature=11.429658889770508 mel=19.214935302734375 kl_ssl=0.0 kl=0.6432839632034302 grad_norm_d=27.715153374911107 grad_norm_g=162.82366175044632 learning_rate=9.993751562304699e-05
[15:41:16] [S2] batch mini_step=39 optimizer_step=509 discriminator_total=3.6965718269348145 generator_total=23.67780876159668 feature=4.002840995788574 mel=15.473084449768066 kl_ssl=0.0 kl=1.625074863433838 grad_norm_d=58.02239081231923 grad_norm_g=630.8110084709482 learning_rate=9.993751562304699e-05
[15:41:16] [S2] batch mini_step=40 optimizer_step=510 discriminator_total=3.55952525138855 generator_total=38.39088821411133 feature=13.539748191833496 mel=20.497814178466797 kl_ssl=0.0 kl=1.2902777194976807 grad_norm_d=53.77423872077183 grad_norm_g=101.19809041857891 learning_rate=9.993751562304699e-05
[15:41:17] [S2] batch mini_step=41 optimizer_step=511 discriminator_total=3.527367353439331 generator_total=38.053192138671875 feature=14.576559066772461 mel=19.70798110961914 kl_ssl=0.0 kl=1.0645546913146973 grad_norm_d=25.5049384678882 grad_norm_g=147.57514699831646 learning_rate=9.993751562304699e-05
[15:41:18] [S2] batch mini_step=42 optimizer_step=512 discriminator_total=3.748910427093506 generator_total=31.241657257080078 feature=8.689990043640137 mel=18.336711883544922 kl_ssl=0.0 kl=1.457573413848877 grad_norm_d=30.879988345979434 grad_norm_g=170.19836412568907 learning_rate=9.993751562304699e-05
[15:41:19] [S2] batch mini_step=43 optimizer_step=513 discriminator_total=3.827786922454834 generator_total=26.54940414428711 feature=6.520517826080322 mel=16.47356414794922 kl_ssl=0.0 kl=0.9965245723724365 grad_norm_d=28.37090673235268 grad_norm_g=444.18999896696556 learning_rate=9.993751562304699e-05
[15:41:20] [S2] batch mini_step=44 optimizer_step=514 discriminator_total=3.2222604751586914 generator_total=35.78720474243164 feature=9.730816841125488 mel=21.201881408691406 kl_ssl=0.0 kl=1.7858668565750122 grad_norm_d=35.04620488234598 grad_norm_g=216.6276952619672 learning_rate=9.993751562304699e-05
[15:41:21] [S2] batch mini_step=45 optimizer_step=515 discriminator_total=3.889754295349121 generator_total=41.92215347290039 feature=15.974387168884277 mel=21.642663955688477 kl_ssl=0.0 kl=1.4266259670257568 grad_norm_d=23.62737990112771 grad_norm_g=180.6730795229492 learning_rate=9.993751562304699e-05
[15:41:22] [S2] batch mini_step=46 optimizer_step=516 discriminator_total=3.942925453186035 generator_total=22.13453483581543 feature=2.413306713104248 mel=15.836355209350586 kl_ssl=0.0 kl=1.5433595180511475 grad_norm_d=23.15876544679077 grad_norm_g=474.18112481774 learning_rate=9.993751562304699e-05
[15:41:23] [S2] batch mini_step=47 optimizer_step=517 discriminator_total=3.8746068477630615 generator_total=32.30369186401367 feature=7.535171031951904 mel=20.313127517700195 kl_ssl=0.0 kl=1.5405300855636597 grad_norm_d=40.0182581302397 grad_norm_g=236.5418387661585 learning_rate=9.993751562304699e-05
[15:41:23] [S2] batch mini_step=48 optimizer_step=518 discriminator_total=3.6023030281066895 generator_total=27.7546443939209 feature=6.11566162109375 mel=17.642602920532227 kl_ssl=0.0 kl=1.3203929662704468 grad_norm_d=35.157642593862306 grad_norm_g=424.06014037994396 learning_rate=9.993751562304699e-05
[15:41:24] [S2] batch mini_step=49 optimizer_step=519 discriminator_total=3.493556022644043 generator_total=35.1646842956543 feature=9.832375526428223 mel=21.042299270629883 kl_ssl=0.0 kl=1.277591586112976 grad_norm_d=26.266422083420412 grad_norm_g=176.1479995821245 learning_rate=9.993751562304699e-05
[15:41:25] [S2] batch mini_step=50 optimizer_step=520 discriminator_total=3.49910044670105 generator_total=33.98910903930664 feature=11.343533515930176 mel=18.857501983642578 kl_ssl=0.0 kl=0.987777054309845 grad_norm_d=42.562572170864485 grad_norm_g=156.79032918274964 learning_rate=9.993751562304699e-05
[15:41:26] [S2] batch mini_step=51 optimizer_step=521 discriminator_total=3.7393877506256104 generator_total=32.969520568847656 feature=9.791725158691406 mel=19.327556610107422 kl_ssl=0.0 kl=1.364187240600586 grad_norm_d=22.046961506025102 grad_norm_g=157.84661003855095 learning_rate=9.993751562304699e-05
[15:41:27] [S2] batch mini_step=52 optimizer_step=522 discriminator_total=3.3250327110290527 generator_total=37.62892532348633 feature=13.795214653015137 mel=19.16146469116211 kl_ssl=0.0 kl=1.8637847900390625 grad_norm_d=60.71501262343093 grad_norm_g=78.75547196053886 learning_rate=9.993751562304699e-05
[15:41:28] [S2] batch mini_step=53 optimizer_step=523 discriminator_total=3.7480719089508057 generator_total=24.471101760864258 feature=5.760691165924072 mel=15.027259826660156 kl_ssl=0.0 kl=1.3787716627120972 grad_norm_d=29.165490394091435 grad_norm_g=574.9950756287283 learning_rate=9.993751562304699e-05
[15:41:29] [S2] batch mini_step=54 optimizer_step=524 discriminator_total=3.922908306121826 generator_total=25.927682876586914 feature=6.078104496002197 mel=16.623090744018555 kl_ssl=0.0 kl=0.9172110557556152 grad_norm_d=23.9341947942607 grad_norm_g=302.7836606162244 learning_rate=9.993751562304699e-05
[15:41:29] [S2] batch mini_step=55 optimizer_step=525 discriminator_total=3.9117794036865234 generator_total=34.76072692871094 feature=11.834465026855469 mel=18.929834365844727 kl_ssl=0.0 kl=1.5179990530014038 grad_norm_d=53.786689966826245 grad_norm_g=139.76466422574399 learning_rate=9.993751562304699e-05
[15:41:30] [S2] batch mini_step=56 optimizer_step=526 discriminator_total=3.7627081871032715 generator_total=32.220829010009766 feature=9.749504089355469 mel=18.396617889404297 kl_ssl=0.0 kl=1.3742882013320923 grad_norm_d=29.8742190106931 grad_norm_g=188.19071661505666 learning_rate=9.993751562304699e-05
[15:41:31] [S2] batch mini_step=57 optimizer_step=527 discriminator_total=3.966547966003418 generator_total=27.865589141845703 feature=7.732609272003174 mel=16.91689682006836 kl_ssl=0.0 kl=0.9412262439727783 grad_norm_d=20.51777349988531 grad_norm_g=439.23635570806965 learning_rate=9.993751562304699e-05
[15:41:32] [S2] batch mini_step=58 optimizer_step=528 discriminator_total=3.4766016006469727 generator_total=39.23644256591797 feature=13.898953437805176 mel=21.121604919433594 kl_ssl=0.0 kl=1.4316442012786865 grad_norm_d=35.98919930780714 grad_norm_g=132.73203281480085 learning_rate=9.993751562304699e-05
[15:41:33] [S2] batch mini_step=59 optimizer_step=529 discriminator_total=3.7632992267608643 generator_total=29.561628341674805 feature=8.747268676757812 mel=17.10382652282715 kl_ssl=0.0 kl=0.9466380476951599 grad_norm_d=30.372937558321485 grad_norm_g=186.33972288022622 learning_rate=9.993751562304699e-05
[15:41:34] [S2] batch mini_step=60 optimizer_step=530 discriminator_total=3.6754698753356934 generator_total=37.719642639160156 feature=13.0464506149292 mel=20.75284194946289 kl_ssl=0.0 kl=1.2872958183288574 grad_norm_d=25.37685477275882 grad_norm_g=115.31486837840632 learning_rate=9.993751562304699e-05
[15:41:35] [S2] batch mini_step=61 optimizer_step=531 discriminator_total=3.610056161880493 generator_total=37.2010383605957 feature=10.507725715637207 mel=21.221172332763672 kl_ssl=0.0 kl=2.3281736373901367 grad_norm_d=27.226679996910182 grad_norm_g=167.54685746933072 learning_rate=9.993751562304699e-05
[15:41:36] [S2] batch mini_step=62 optimizer_step=532 discriminator_total=3.8863937854766846 generator_total=40.307891845703125 feature=14.398398399353027 mel=21.71508026123047 kl_ssl=0.0 kl=1.2771186828613281 grad_norm_d=43.29644361714932 grad_norm_g=122.05306583404938 learning_rate=9.993751562304699e-05
[15:41:37] [S2] batch mini_step=63 optimizer_step=533 discriminator_total=3.5011746883392334 generator_total=29.41257095336914 feature=6.902562618255615 mel=18.496458053588867 kl_ssl=0.0 kl=1.214156150817871 grad_norm_d=33.042014983919636 grad_norm_g=476.9366349181716 learning_rate=9.993751562304699e-05
[15:41:37] [S2] batch mini_step=64 optimizer_step=534 discriminator_total=3.66151762008667 generator_total=32.64802169799805 feature=7.629771709442139 mel=19.416732788085938 kl_ssl=0.0 kl=2.562096357345581 grad_norm_d=49.50572708752277 grad_norm_g=372.0244983616253 learning_rate=9.993751562304699e-05
[15:41:38] [S2] batch mini_step=65 optimizer_step=535 discriminator_total=3.4935288429260254 generator_total=40.37376403808594 feature=17.105636596679688 mel=19.95783805847168 kl_ssl=0.0 kl=0.6657100915908813 grad_norm_d=22.574259888524836 grad_norm_g=121.42032527352391 learning_rate=9.993751562304699e-05
[15:41:39] [S2] batch mini_step=66 optimizer_step=536 discriminator_total=3.591111898422241 generator_total=25.697643280029297 feature=4.887812614440918 mel=17.142236709594727 kl_ssl=0.0 kl=1.016039252281189 grad_norm_d=31.424821968554806 grad_norm_g=468.9760410344757 learning_rate=9.993751562304699e-05
[15:41:40] [S2] batch mini_step=67 optimizer_step=537 discriminator_total=3.6537623405456543 generator_total=28.207763671875 feature=7.382351875305176 mel=17.50051498413086 kl_ssl=0.0 kl=0.9446253180503845 grad_norm_d=25.379211671281116 grad_norm_g=269.9046794223762 learning_rate=9.993751562304699e-05
[15:41:41] [S2] batch mini_step=68 optimizer_step=538 discriminator_total=3.8712167739868164 generator_total=29.002046585083008 feature=7.987264156341553 mel=16.72610855102539 kl_ssl=0.0 kl=1.7577006816864014 grad_norm_d=26.468084385047977 grad_norm_g=500.42519381285547 learning_rate=9.993751562304699e-05
[15:41:42] [S2] batch mini_step=69 optimizer_step=539 discriminator_total=3.7217605113983154 generator_total=28.090375900268555 feature=6.708003044128418 mel=17.975934982299805 kl_ssl=0.0 kl=0.5288419127464294 grad_norm_d=30.010380205161287 grad_norm_g=217.00023368928436 learning_rate=9.993751562304699e-05
[15:41:43] [S2] batch mini_step=70 optimizer_step=540 discriminator_total=3.733213424682617 generator_total=28.283946990966797 feature=8.560768127441406 mel=16.5415096282959 kl_ssl=0.0 kl=0.8173835873603821 grad_norm_d=21.84945661555631 grad_norm_g=165.804269952946 learning_rate=9.993751562304699e-05
[15:41:44] [S2] batch mini_step=71 optimizer_step=541 discriminator_total=3.91080904006958 generator_total=27.910171508789062 feature=5.985879421234131 mel=18.512575149536133 kl_ssl=0.0 kl=0.8689303398132324 grad_norm_d=24.285749832312167 grad_norm_g=316.76340181217955 learning_rate=9.993751562304699e-05
[15:41:45] [S2] batch mini_step=72 optimizer_step=542 discriminator_total=3.6172947883605957 generator_total=34.365478515625 feature=11.004035949707031 mel=19.594228744506836 kl_ssl=0.0 kl=1.0330989360809326 grad_norm_d=35.046740527263026 grad_norm_g=155.16365233414984 learning_rate=9.993751562304699e-05
[15:41:46] [S2] batch mini_step=73 optimizer_step=543 discriminator_total=3.5092482566833496 generator_total=34.85151672363281 feature=11.205747604370117 mel=19.533594131469727 kl_ssl=0.0 kl=1.423669695854187 grad_norm_d=52.56051680798494 grad_norm_g=84.74234582042246 learning_rate=9.993751562304699e-05
[15:41:47] [S2] batch mini_step=74 optimizer_step=544 discriminator_total=3.611469030380249 generator_total=35.5843620300293 feature=11.70024299621582 mel=19.604169845581055 kl_ssl=0.0 kl=1.537928581237793 grad_norm_d=42.893799492731 grad_norm_g=158.36606536362598 learning_rate=9.993751562304699e-05
[15:41:47] [S2] batch mini_step=75 optimizer_step=545 discriminator_total=3.945362091064453 generator_total=34.59478759765625 feature=11.493699073791504 mel=18.74101448059082 kl_ssl=0.0 kl=1.8631434440612793 grad_norm_d=46.5803786996254 grad_norm_g=129.35340361645262 learning_rate=9.993751562304699e-05
[15:41:48] [S2] batch mini_step=76 optimizer_step=546 discriminator_total=3.5422744750976562 generator_total=26.690227508544922 feature=5.172233581542969 mel=17.325450897216797 kl_ssl=0.0 kl=1.5646617412567139 grad_norm_d=84.05716258603402 grad_norm_g=681.1399224161082 learning_rate=9.993751562304699e-05
[15:41:49] [S2] batch mini_step=77 optimizer_step=547 discriminator_total=3.6926794052124023 generator_total=31.723045349121094 feature=9.316742897033691 mel=18.589717864990234 kl_ssl=0.0 kl=1.1522703170776367 grad_norm_d=16.506075169313583 grad_norm_g=124.41100394893479 learning_rate=9.993751562304699e-05
[15:41:50] [S2] batch mini_step=78 optimizer_step=548 discriminator_total=3.5433669090270996 generator_total=34.79174041748047 feature=11.239229202270508 mel=19.58412742614746 kl_ssl=0.0 kl=1.1529004573822021 grad_norm_d=44.65330087419754 grad_norm_g=156.35000973172086 learning_rate=9.993751562304699e-05
[15:41:51] [S2] batch mini_step=79 optimizer_step=549 discriminator_total=3.845512866973877 generator_total=25.820478439331055 feature=6.261634826660156 mel=16.527360916137695 kl_ssl=0.0 kl=0.32491418719291687 grad_norm_d=52.52150154374694 grad_norm_g=217.55152365571587 learning_rate=9.993751562304699e-05
[15:41:52] [S2] batch mini_step=80 optimizer_step=550 discriminator_total=3.754329204559326 generator_total=24.74331283569336 feature=4.75569486618042 mel=16.911828994750977 kl_ssl=0.0 kl=0.5656347870826721 grad_norm_d=32.13316999203253 grad_norm_g=611.208848936669 learning_rate=9.993751562304699e-05
[15:41:53] [S2] batch mini_step=81 optimizer_step=551 discriminator_total=3.6111342906951904 generator_total=35.94003677368164 feature=12.922394752502441 mel=19.99849510192871 kl_ssl=0.0 kl=0.5025469064712524 grad_norm_d=33.18003687708659 grad_norm_g=119.14168677298765 learning_rate=9.993751562304699e-05
[15:41:54] [S2] batch mini_step=82 optimizer_step=552 discriminator_total=3.584071636199951 generator_total=34.98854064941406 feature=11.44391918182373 mel=18.550426483154297 kl_ssl=0.0 kl=2.3796494007110596 grad_norm_d=22.209760042383127 grad_norm_g=114.7825539478587 learning_rate=9.993751562304699e-05
[15:41:55] [S2] batch mini_step=83 optimizer_step=553 discriminator_total=3.7970614433288574 generator_total=27.02938461303711 feature=5.202225685119629 mel=17.67647361755371 kl_ssl=0.0 kl=1.350663185119629 grad_norm_d=29.09063931992638 grad_norm_g=209.25950529823834 learning_rate=9.993751562304699e-05
[15:41:56] [S2] batch mini_step=84 optimizer_step=554 discriminator_total=3.998018264770508 generator_total=25.310077667236328 feature=5.847330093383789 mel=15.947285652160645 kl_ssl=0.0 kl=1.1626900434494019 grad_norm_d=31.271447231443645 grad_norm_g=194.8055604662537 learning_rate=9.993751562304699e-05
[15:41:56] [S2] batch mini_step=85 optimizer_step=555 discriminator_total=3.801138401031494 generator_total=33.13585662841797 feature=10.481767654418945 mel=18.388267517089844 kl_ssl=0.0 kl=1.5839757919311523 grad_norm_d=26.75173300960893 grad_norm_g=163.25031021204524 learning_rate=9.993751562304699e-05
[15:41:57] [S2] batch mini_step=86 optimizer_step=556 discriminator_total=3.880350351333618 generator_total=35.76800537109375 feature=12.719380378723145 mel=19.506511688232422 kl_ssl=0.0 kl=0.7814124822616577 grad_norm_d=59.25941804958055 grad_norm_g=212.23630576477046 learning_rate=9.993751562304699e-05
[15:41:58] [S2] batch mini_step=87 optimizer_step=557 discriminator_total=3.6054561138153076 generator_total=35.03892517089844 feature=11.904595375061035 mel=19.282228469848633 kl_ssl=0.0 kl=1.1523489952087402 grad_norm_d=24.556939248397526 grad_norm_g=89.2811474567825 learning_rate=9.993751562304699e-05
[15:41:59] [S2] batch mini_step=88 optimizer_step=558 discriminator_total=3.768453359603882 generator_total=21.57090187072754 feature=1.6257436275482178 mel=16.754947662353516 kl_ssl=0.0 kl=0.8442098498344421 grad_norm_d=39.277598117149644 grad_norm_g=320.54075735992046 learning_rate=9.993751562304699e-05
[15:42:00] [S2] batch mini_step=89 optimizer_step=559 discriminator_total=3.75093150138855 generator_total=31.500062942504883 feature=8.129992485046387 mel=20.291269302368164 kl_ssl=0.0 kl=0.8388048410415649 grad_norm_d=64.52403383014614 grad_norm_g=196.88927351265755 learning_rate=9.993751562304699e-05
[15:42:00] [S2] batch mini_step=90 optimizer_step=560 discriminator_total=3.9998602867126465 generator_total=37.666839599609375 feature=13.559554100036621 mel=20.785110473632812 kl_ssl=0.0 kl=0.9078404903411865 grad_norm_d=84.66380270739435 grad_norm_g=166.8297536216505 learning_rate=9.993751562304699e-05
[15:42:01] [S2] batch mini_step=91 optimizer_step=561 discriminator_total=4.060551643371582 generator_total=25.117233276367188 feature=3.192913293838501 mel=17.55402183532715 kl_ssl=0.0 kl=1.8548575639724731 grad_norm_d=24.557253530292883 grad_norm_g=436.92097118964745 learning_rate=9.993751562304699e-05
[15:42:02] [S2] batch mini_step=92 optimizer_step=562 discriminator_total=3.7188315391540527 generator_total=35.76483154296875 feature=13.032448768615723 mel=18.815622329711914 kl_ssl=0.0 kl=1.1531126499176025 grad_norm_d=26.792513056224024 grad_norm_g=126.3479989647714 learning_rate=9.993751562304699e-05
[15:42:03] [S2] batch mini_step=93 optimizer_step=563 discriminator_total=3.671396255493164 generator_total=27.29063606262207 feature=5.339029312133789 mel=17.620254516601562 kl_ssl=0.0 kl=1.5099940299987793 grad_norm_d=34.876206923000446 grad_norm_g=236.399507280994 learning_rate=9.993751562304699e-05
[15:42:04] [S2] batch mini_step=94 optimizer_step=564 discriminator_total=3.7356181144714355 generator_total=29.534530639648438 feature=7.534703254699707 mel=17.66985321044922 kl_ssl=0.0 kl=1.3942161798477173 grad_norm_d=50.305021704032754 grad_norm_g=175.7696095512558 learning_rate=9.993751562304699e-05
[15:42:04] [S2] batch mini_step=1 optimizer_step=565 discriminator_total=3.607405185699463 generator_total=33.95835494995117 feature=11.169145584106445 mel=18.51883316040039 kl_ssl=0.0 kl=1.7215766906738281 grad_norm_d=20.79694011710457 grad_norm_g=86.05965635123931 learning_rate=9.99250234335941e-05
[15:42:05] [S2] batch mini_step=2 optimizer_step=566 discriminator_total=3.4291203022003174 generator_total=30.77879524230957 feature=8.860214233398438 mel=18.35835075378418 kl_ssl=0.0 kl=0.8745551109313965 grad_norm_d=19.749890746323103 grad_norm_g=113.39260099899252 learning_rate=9.99250234335941e-05
[15:42:06] [S2] batch mini_step=3 optimizer_step=567 discriminator_total=3.8513972759246826 generator_total=35.105438232421875 feature=12.270439147949219 mel=19.087785720825195 kl_ssl=0.0 kl=1.2550954818725586 grad_norm_d=39.5893380036849 grad_norm_g=112.92377182655905 learning_rate=9.99250234335941e-05
[15:42:07] [S2] batch mini_step=4 optimizer_step=568 discriminator_total=3.8215887546539307 generator_total=26.54142189025879 feature=6.391760349273682 mel=17.201744079589844 kl_ssl=0.0 kl=0.4515155255794525 grad_norm_d=22.789427855937184 grad_norm_g=220.08108099015664 learning_rate=9.99250234335941e-05
[15:42:08] [S2] batch mini_step=5 optimizer_step=569 discriminator_total=3.593981981277466 generator_total=32.817832946777344 feature=9.580351829528809 mel=18.903614044189453 kl_ssl=0.0 kl=1.4514623880386353 grad_norm_d=21.44665444625448 grad_norm_g=96.4997451536433 learning_rate=9.99250234335941e-05
[15:42:08] [S2] batch mini_step=6 optimizer_step=570 discriminator_total=3.971342086791992 generator_total=16.18732452392578 feature=0.26326337456703186 mel=13.057575225830078 kl_ssl=0.0 kl=0.7239229679107666 grad_norm_d=13.01501126443986 grad_norm_g=992.3523361512272 learning_rate=9.99250234335941e-05
[15:42:09] [S2] batch mini_step=7 optimizer_step=571 discriminator_total=3.7045583724975586 generator_total=30.800628662109375 feature=10.410390853881836 mel=17.049779891967773 kl_ssl=0.0 kl=0.8973860740661621 grad_norm_d=22.87049662349782 grad_norm_g=173.75977409633518 learning_rate=9.99250234335941e-05
[15:42:10] [S2] batch mini_step=8 optimizer_step=572 discriminator_total=3.408222198486328 generator_total=33.67976379394531 feature=9.60571575164795 mel=20.583953857421875 kl_ssl=0.0 kl=0.7496823668479919 grad_norm_d=16.30984695526026 grad_norm_g=106.36230376666144 learning_rate=9.99250234335941e-05
[15:42:11] [S2] batch mini_step=9 optimizer_step=573 discriminator_total=3.638632297515869 generator_total=34.90821075439453 feature=11.971475601196289 mel=19.427827835083008 kl_ssl=0.0 kl=1.0118693113327026 grad_norm_d=29.519482144554043 grad_norm_g=256.355369236291 learning_rate=9.99250234335941e-05
[15:42:12] [S2] batch mini_step=10 optimizer_step=574 discriminator_total=4.007185459136963 generator_total=25.184358596801758 feature=4.887762546539307 mel=16.6605167388916 kl_ssl=0.0 kl=1.2453463077545166 grad_norm_d=41.36925177733865 grad_norm_g=416.6934267288379 learning_rate=9.99250234335941e-05
[15:42:12] [S2] batch mini_step=11 optimizer_step=575 discriminator_total=3.543365478515625 generator_total=30.1390438079834 feature=8.193625450134277 mel=18.85529136657715 kl_ssl=0.0 kl=0.1798914074897766 grad_norm_d=22.07523230367425 grad_norm_g=140.9993100846015 learning_rate=9.99250234335941e-05
[15:42:13] [S2] batch mini_step=12 optimizer_step=576 discriminator_total=4.001359939575195 generator_total=25.911893844604492 feature=5.445866584777832 mel=16.63886833190918 kl_ssl=0.0 kl=1.6408408880233765 grad_norm_d=13.582733730980571 grad_norm_g=643.2885122117079 learning_rate=9.99250234335941e-05
[15:42:14] [S2] batch mini_step=13 optimizer_step=577 discriminator_total=3.539231777191162 generator_total=35.42793273925781 feature=11.510992050170898 mel=20.176664352416992 kl_ssl=0.0 kl=1.0067471265792847 grad_norm_d=23.281728271668783 grad_norm_g=99.59185027396828 learning_rate=9.99250234335941e-05
[15:42:15] [S2] batch mini_step=14 optimizer_step=578 discriminator_total=4.021491050720215 generator_total=16.08555793762207 feature=0.20425941050052643 mel=13.322903633117676 kl_ssl=0.0 kl=0.5044292211532593 grad_norm_d=23.61832996424809 grad_norm_g=612.4809665186687 learning_rate=9.99250234335941e-05
[15:42:16] [S2] batch mini_step=15 optimizer_step=579 discriminator_total=3.828819751739502 generator_total=25.650785446166992 feature=5.886993885040283 mel=16.06104850769043 kl_ssl=0.0 kl=1.576722502708435 grad_norm_d=17.43601113417766 grad_norm_g=302.0068703425664 learning_rate=9.99250234335941e-05
[15:42:16] [S2] batch mini_step=16 optimizer_step=580 discriminator_total=3.974879026412964 generator_total=34.34026336669922 feature=11.311365127563477 mel=19.15989875793457 kl_ssl=0.0 kl=1.333730697631836 grad_norm_d=24.491033283869776 grad_norm_g=132.1563801820846 learning_rate=9.99250234335941e-05
[15:42:17] [S2] batch mini_step=17 optimizer_step=581 discriminator_total=3.6395342350006104 generator_total=28.482463836669922 feature=7.0001702308654785 mel=17.751955032348633 kl_ssl=0.0 kl=1.2617148160934448 grad_norm_d=20.1075727814803 grad_norm_g=130.7905859494764 learning_rate=9.99250234335941e-05
[15:42:18] [S2] batch mini_step=18 optimizer_step=582 discriminator_total=3.7841529846191406 generator_total=34.76713180541992 feature=10.547076225280762 mel=20.425155639648438 kl_ssl=0.0 kl=1.2418678998947144 grad_norm_d=28.215842593149937 grad_norm_g=222.82137174278822 learning_rate=9.99250234335941e-05
[15:42:19] [S2] batch mini_step=19 optimizer_step=583 discriminator_total=3.6563034057617188 generator_total=27.361557006835938 feature=5.284423828125 mel=18.345149993896484 kl_ssl=0.0 kl=0.8770322799682617 grad_norm_d=27.391407100103095 grad_norm_g=463.3695323206091 learning_rate=9.99250234335941e-05
[15:42:20] [S2] batch mini_step=20 optimizer_step=584 discriminator_total=4.01741361618042 generator_total=29.2958984375 feature=7.369027137756348 mel=18.116554260253906 kl_ssl=0.0 kl=1.0483567714691162 grad_norm_d=40.31051075895415 grad_norm_g=345.22104929100226 learning_rate=9.99250234335941e-05
[15:42:20] [S2] batch mini_step=21 optimizer_step=585 discriminator_total=3.6648035049438477 generator_total=35.58555603027344 feature=10.09257984161377 mel=20.900182723999023 kl_ssl=0.0 kl=1.4163990020751953 grad_norm_d=19.989605426976965 grad_norm_g=960.6597002516876 learning_rate=9.99250234335941e-05
[15:42:21] [S2] batch mini_step=22 optimizer_step=586 discriminator_total=3.708808422088623 generator_total=33.53977966308594 feature=10.998807907104492 mel=19.150545120239258 kl_ssl=0.0 kl=0.5927632451057434 grad_norm_d=28.30404023315125 grad_norm_g=94.34687108820819 learning_rate=9.99250234335941e-05
[15:42:22] [S2] batch mini_step=23 optimizer_step=587 discriminator_total=3.7487730979919434 generator_total=27.99722671508789 feature=7.840986251831055 mel=17.378177642822266 kl_ssl=0.0 kl=0.4915147125720978 grad_norm_d=32.19331463410752 grad_norm_g=507.10132886432245 learning_rate=9.99250234335941e-05
[15:42:23] [S2] batch mini_step=24 optimizer_step=588 discriminator_total=3.6880781650543213 generator_total=36.02642059326172 feature=11.902680397033691 mel=19.873058319091797 kl_ssl=0.0 kl=1.6669559478759766 grad_norm_d=28.100847079035034 grad_norm_g=117.85279904400846 learning_rate=9.99250234335941e-05
[15:42:24] [S2] batch mini_step=25 optimizer_step=589 discriminator_total=3.6831154823303223 generator_total=29.23565101623535 feature=7.795226573944092 mel=17.527692794799805 kl_ssl=0.0 kl=1.5632020235061646 grad_norm_d=24.468759146065626 grad_norm_g=175.3955432629148 learning_rate=9.99250234335941e-05
[15:42:24] [S2] batch mini_step=26 optimizer_step=590 discriminator_total=3.937485933303833 generator_total=33.9637565612793 feature=9.17263126373291 mel=20.69550132751465 kl_ssl=0.0 kl=1.7194664478302002 grad_norm_d=41.651700003045214 grad_norm_g=200.89165868233303 learning_rate=9.99250234335941e-05
[15:42:25] [S2] batch mini_step=27 optimizer_step=591 discriminator_total=4.029655933380127 generator_total=23.540498733520508 feature=4.65283727645874 mel=15.789304733276367 kl_ssl=0.0 kl=0.9206188917160034 grad_norm_d=27.746729405362228 grad_norm_g=526.2430949019001 learning_rate=9.99250234335941e-05
[15:42:26] [S2] batch mini_step=28 optimizer_step=592 discriminator_total=4.152578353881836 generator_total=35.15888214111328 feature=11.967251777648926 mel=18.978906631469727 kl_ssl=0.0 kl=1.9736318588256836 grad_norm_d=33.33445044992433 grad_norm_g=155.11584317419832 learning_rate=9.99250234335941e-05
[15:42:27] [S2] batch mini_step=29 optimizer_step=593 discriminator_total=3.886326789855957 generator_total=28.888933181762695 feature=7.720718860626221 mel=18.311859130859375 kl_ssl=0.0 kl=0.35091957449913025 grad_norm_d=36.312990580389666 grad_norm_g=212.4967233274181 learning_rate=9.99250234335941e-05
[15:42:28] [S2] batch mini_step=30 optimizer_step=594 discriminator_total=3.507134199142456 generator_total=37.08633804321289 feature=13.08295726776123 mel=19.762781143188477 kl_ssl=0.0 kl=0.922296941280365 grad_norm_d=33.17821185698762 grad_norm_g=110.14446234016289 learning_rate=9.99250234335941e-05
[15:42:28] [S2] batch mini_step=31 optimizer_step=595 discriminator_total=3.389928102493286 generator_total=29.72096061706543 feature=6.784008979797363 mel=19.03372573852539 kl_ssl=0.0 kl=1.040605068206787 grad_norm_d=29.088760633163794 grad_norm_g=270.0326483425926 learning_rate=9.99250234335941e-05
[15:42:29] [S2] batch mini_step=32 optimizer_step=596 discriminator_total=3.9273757934570312 generator_total=26.935718536376953 feature=5.354411602020264 mel=18.04084014892578 kl_ssl=0.0 kl=1.2235630750656128 grad_norm_d=27.802629965321522 grad_norm_g=172.9667171998977 learning_rate=9.99250234335941e-05
[15:42:30] [S2] batch mini_step=33 optimizer_step=597 discriminator_total=3.8855600357055664 generator_total=33.22774887084961 feature=9.696083068847656 mel=19.721723556518555 kl_ssl=0.0 kl=1.351440668106079 grad_norm_d=27.194167243562564 grad_norm_g=129.97814361346377 learning_rate=9.99250234335941e-05
[15:42:31] [S2] batch mini_step=34 optimizer_step=598 discriminator_total=3.646552324295044 generator_total=36.76639175415039 feature=12.603363990783691 mel=20.272109985351562 kl_ssl=0.0 kl=0.8400987982749939 grad_norm_d=34.23294313403281 grad_norm_g=200.34218189868517 learning_rate=9.99250234335941e-05
[15:42:32] [S2] batch mini_step=35 optimizer_step=599 discriminator_total=3.432802677154541 generator_total=30.110477447509766 feature=6.571054458618164 mel=19.83857536315918 kl_ssl=0.0 kl=1.1641740798950195 grad_norm_d=32.59700049734678 grad_norm_g=145.92300319361394 learning_rate=9.99250234335941e-05
[15:42:32] [S2] batch mini_step=36 optimizer_step=600 discriminator_total=3.7561190128326416 generator_total=28.159894943237305 feature=7.119616985321045 mel=17.251218795776367 kl_ssl=0.0 kl=1.4165987968444824 grad_norm_d=22.628174498113108 grad_norm_g=1070.9145897319218 learning_rate=9.99250234335941e-05
[15:42:36] [S2] checkpoint optimizer_step=600 path=D:\AI-Training\voice-clone\voice-pipeline\voice-pipeline\runs\Lucy\training\s2\checkpoints\step-00000600.pt
[15:42:38] [S1] mini_batch mini_step=1 optimizer_step=0 loss=1089.6700439453125 top3_accuracy=0.3595890402793884 accumulation_position=1
[15:42:39] [S1] mini_batch mini_step=2 optimizer_step=0 loss=1003.9189453125 top3_accuracy=0.3870967626571655 accumulation_position=2
[15:42:39] [S1] mini_batch mini_step=3 optimizer_step=0 loss=1235.0223388671875 top3_accuracy=0.38352271914482117 accumulation_position=3
[15:42:39] [S1] mini_batch mini_step=4 optimizer_step=0 loss=1174.033935546875 top3_accuracy=0.32899022102355957 accumulation_position=4
[15:42:39] [S1] optimizer optimizer_step=1 learning_rate=0.01 scaler_scale=32768.0
[15:42:39] [S1] mini_batch mini_step=5 optimizer_step=1 loss=1254.318603515625 top3_accuracy=0.3687315583229065 accumulation_position=1
[15:42:39] [S1] mini_batch mini_step=6 optimizer_step=1 loss=1003.7244873046875 top3_accuracy=0.36194029450416565 accumulation_position=2
[15:42:39] [S1] mini_batch mini_step=7 optimizer_step=1 loss=928.1771240234375 top3_accuracy=0.39230769872665405 accumulation_position=3
[15:42:39] [S1] mini_batch mini_step=8 optimizer_step=1 loss=1327.776611328125 top3_accuracy=0.30914825201034546 accumulation_position=4
[15:42:39] [S1] optimizer optimizer_step=2 learning_rate=0.002 scaler_scale=16384.0
[15:42:39] [S1] mini_batch mini_step=9 optimizer_step=2 loss=895.475830078125 top3_accuracy=0.5269461274147034 accumulation_position=1
[15:42:40] [S1] mini_batch mini_step=10 optimizer_step=2 loss=1219.47314453125 top3_accuracy=0.3159509301185608 accumulation_position=2
[15:42:40] [S1] mini_batch mini_step=11 optimizer_step=2 loss=898.030517578125 top3_accuracy=0.394422322511673 accumulation_position=3
[15:42:40] [S1] mini_batch mini_step=12 optimizer_step=2 loss=1073.159912109375 top3_accuracy=0.2779783308506012 accumulation_position=4
[15:42:40] [S1] optimizer optimizer_step=3 learning_rate=0.002 scaler_scale=8192.0
[15:42:40] [S1] mini_batch mini_step=13 optimizer_step=3 loss=1130.533203125 top3_accuracy=0.3636363744735718 accumulation_position=1
[15:42:40] [S1] mini_batch mini_step=14 optimizer_step=3 loss=1052.7568359375 top3_accuracy=0.27131783962249756 accumulation_position=2
[15:42:40] [S1] mini_batch mini_step=15 optimizer_step=3 loss=1431.55859375 top3_accuracy=0.26608186960220337 accumulation_position=3
[15:42:40] [S1] mini_batch mini_step=16 optimizer_step=3 loss=1056.471435546875 top3_accuracy=0.3595890402793884 accumulation_position=4
[15:42:40] [S1] optimizer optimizer_step=4 learning_rate=0.002 scaler_scale=4096.0
[15:42:41] [S1] mini_batch mini_step=17 optimizer_step=4 loss=1197.495361328125 top3_accuracy=0.3215433955192566 accumulation_position=1
[15:42:41] [S1] mini_batch mini_step=18 optimizer_step=4 loss=922.6173706054688 top3_accuracy=0.4720279574394226 accumulation_position=2
[15:42:41] [S1] mini_batch mini_step=19 optimizer_step=4 loss=1038.7838134765625 top3_accuracy=0.5121212005615234 accumulation_position=3
[15:42:41] [S1] mini_batch mini_step=20 optimizer_step=4 loss=1214.4716796875 top3_accuracy=0.2548387050628662 accumulation_position=4
[15:42:41] [S1] optimizer optimizer_step=5 learning_rate=0.002 scaler_scale=2048.0
[15:42:41] [S1] mini_batch mini_step=21 optimizer_step=5 loss=1002.4572143554688 top3_accuracy=0.47588425874710083 accumulation_position=1
[15:42:41] [S1] mini_batch mini_step=22 optimizer_step=5 loss=1265.84619140625 top3_accuracy=0.41450777649879456 accumulation_position=2
[15:42:41] [S1] mini_batch mini_step=23 optimizer_step=5 loss=1066.5364990234375 top3_accuracy=0.347517728805542 accumulation_position=3
[15:42:41] [S1] mini_batch mini_step=24 optimizer_step=5 loss=1080.8575439453125 top3_accuracy=0.4012944996356964 accumulation_position=4
[15:42:41] [S1] optimizer optimizer_step=6 learning_rate=0.002 scaler_scale=1024.0
[15:42:42] [S1] mini_batch mini_step=25 optimizer_step=6 loss=1177.4249267578125 top3_accuracy=0.34375 accumulation_position=1
[15:42:42] [S1] mini_batch mini_step=26 optimizer_step=6 loss=1089.4931640625 top3_accuracy=0.3057554066181183 accumulation_position=2
[15:42:42] [S1] mini_batch mini_step=27 optimizer_step=6 loss=1260.81591796875 top3_accuracy=0.35403725504875183 accumulation_position=3
[15:42:42] [S1] mini_batch mini_step=28 optimizer_step=6 loss=1420.6324462890625 top3_accuracy=0.28611111640930176 accumulation_position=4
[15:42:42] [S1] optimizer optimizer_step=7 learning_rate=0.002 scaler_scale=512.0
[15:42:42] [S1] mini_batch mini_step=29 optimizer_step=7 loss=891.9702758789062 top3_accuracy=0.5067114233970642 accumulation_position=1
[15:42:42] [S1] mini_batch mini_step=30 optimizer_step=7 loss=1059.980712890625 top3_accuracy=0.26615968346595764 accumulation_position=2
[15:42:42] [S1] mini_batch mini_step=31 optimizer_step=7 loss=849.130615234375 top3_accuracy=0.5793103575706482 accumulation_position=3
[15:42:42] [S1] mini_batch mini_step=32 optimizer_step=7 loss=1142.05078125 top3_accuracy=0.48603352904319763 accumulation_position=4
[15:42:42] [S1] optimizer optimizer_step=8 learning_rate=0.002 scaler_scale=256.0
[15:42:43] [S1] mini_batch mini_step=33 optimizer_step=8 loss=990.0020141601562 top3_accuracy=0.3712121248245239 accumulation_position=1
[15:42:43] [S1] mini_batch mini_step=34 optimizer_step=8 loss=1299.6300048828125 top3_accuracy=0.40482574701309204 accumulation_position=2
[15:42:43] [S1] mini_batch mini_step=35 optimizer_step=8 loss=995.2164306640625 top3_accuracy=0.4970238208770752 accumulation_position=3
[15:42:43] [S1] mini_batch mini_step=36 optimizer_step=8 loss=1053.771728515625 top3_accuracy=0.48136645555496216 accumulation_position=4
[15:42:43] [S1] optimizer optimizer_step=9 learning_rate=0.002 scaler_scale=128.0
[15:42:43] [S1] mini_batch mini_step=37 optimizer_step=9 loss=1135.416748046875 top3_accuracy=0.4375 accumulation_position=1
[15:42:43] [S1] mini_batch mini_step=38 optimizer_step=9 loss=997.9357299804688 top3_accuracy=0.40714284777641296 accumulation_position=2
[15:42:43] [S1] mini_batch mini_step=39 optimizer_step=9 loss=1414.42529296875 top3_accuracy=0.3342541456222534 accumulation_position=3
[15:42:44] [S1] mini_batch mini_step=40 optimizer_step=9 loss=1220.60107421875 top3_accuracy=0.35185185074806213 accumulation_position=4
[15:42:44] [S1] optimizer optimizer_step=10 learning_rate=0.002 scaler_scale=128.0
[15:42:44] [S1] mini_batch mini_step=41 optimizer_step=10 loss=1006.0052490234375 top3_accuracy=0.3832116723060608 accumulation_position=1
[15:42:44] [S1] mini_batch mini_step=42 optimizer_step=10 loss=820.7410278320312 top3_accuracy=0.3644067943096161 accumulation_position=2
[15:42:44] [S1] mini_batch mini_step=43 optimizer_step=10 loss=1025.4136962890625 top3_accuracy=0.35357141494750977 accumulation_position=3
[15:42:44] [S1] mini_batch mini_step=44 optimizer_step=10 loss=793.3023681640625 top3_accuracy=0.47826087474823 accumulation_position=4
[15:42:44] [S1] optimizer optimizer_step=11 learning_rate=0.002 scaler_scale=128.0
[15:42:44] [S1] mini_batch mini_step=45 optimizer_step=11 loss=1221.230224609375 top3_accuracy=0.3040752410888672 accumulation_position=1
[15:42:45] [S1] mini_batch mini_step=46 optimizer_step=11 loss=1215.305908203125 top3_accuracy=0.4490358233451843 accumulation_position=2
[15:42:45] [S1] mini_batch mini_step=47 optimizer_step=11 loss=1092.86962890625 top3_accuracy=0.45428571105003357 accumulation_position=3
[15:42:45] [S1] mini_batch mini_step=48 optimizer_step=11 loss=942.8875732421875 top3_accuracy=0.4448275864124298 accumulation_position=4
[15:42:45] [S1] optimizer optimizer_step=12 learning_rate=0.002 scaler_scale=128.0
[15:42:45] [S1] mini_batch mini_step=49 optimizer_step=12 loss=1078.461181640625 top3_accuracy=0.32107022404670715 accumulation_position=1
[15:42:45] [S1] mini_batch mini_step=50 optimizer_step=12 loss=1391.09228515625 top3_accuracy=0.3645569682121277 accumulation_position=2
[15:42:45] [S1] mini_batch mini_step=51 optimizer_step=12 loss=754.8596801757812 top3_accuracy=0.3963963985443115 accumulation_position=3
[15:42:45] [S1] mini_batch mini_step=52 optimizer_step=12 loss=1552.9437255859375 top3_accuracy=0.3614457845687866 accumulation_position=4
[15:42:46] [S1] optimizer optimizer_step=13 learning_rate=0.002 scaler_scale=128.0
[15:42:46] [S1] mini_batch mini_step=53 optimizer_step=13 loss=1174.4805908203125 top3_accuracy=0.4659685790538788 accumulation_position=1
[15:42:46] [S1] mini_batch mini_step=54 optimizer_step=13 loss=971.3514404296875 top3_accuracy=0.3731343150138855 accumulation_position=2
[15:42:46] [S1] mini_batch mini_step=55 optimizer_step=13 loss=1398.7646484375 top3_accuracy=0.30612245202064514 accumulation_position=3
[15:42:46] [S1] mini_batch mini_step=56 optimizer_step=13 loss=1068.204833984375 top3_accuracy=0.39743590354919434 accumulation_position=4
[15:42:46] [S1] optimizer optimizer_step=14 learning_rate=0.002 scaler_scale=128.0
[15:42:46] [S1] mini_batch mini_step=57 optimizer_step=14 loss=1064.36474609375 top3_accuracy=0.4540059268474579 accumulation_position=1
[15:42:46] [S1] mini_batch mini_step=58 optimizer_step=14 loss=1223.344482421875 top3_accuracy=0.45728641748428345 accumulation_position=2
[15:42:47] [S1] mini_batch mini_step=59 optimizer_step=14 loss=1121.2138671875 top3_accuracy=0.3641975224018097 accumulation_position=3
[15:42:47] [S1] mini_batch mini_step=60 optimizer_step=14 loss=1377.1728515625 top3_accuracy=0.3861892521381378 accumulation_position=4
[15:42:47] [S1] optimizer optimizer_step=15 learning_rate=0.002 scaler_scale=128.0
[15:42:47] [S1] mini_batch mini_step=61 optimizer_step=15 loss=1230.968994140625 top3_accuracy=0.3942857086658478 accumulation_position=1
[15:42:47] [S1] mini_batch mini_step=62 optimizer_step=15 loss=853.9229736328125 top3_accuracy=0.554858922958374 accumulation_position=2
[15:42:47] [S1] mini_batch mini_step=63 optimizer_step=15 loss=852.55322265625 top3_accuracy=0.4763779640197754 accumulation_position=3
[15:42:47] [S1] mini_batch mini_step=64 optimizer_step=15 loss=924.783935546875 top3_accuracy=0.49358972907066345 accumulation_position=4
[15:42:47] [S1] optimizer optimizer_step=16 learning_rate=0.002 scaler_scale=128.0
[15:42:47] [S1] mini_batch mini_step=65 optimizer_step=16 loss=953.61083984375 top3_accuracy=0.41522490978240967 accumulation_position=1
[15:42:48] [S1] mini_batch mini_step=66 optimizer_step=16 loss=1192.4549560546875 top3_accuracy=0.5139240622520447 accumulation_position=2
[15:42:48] [S1] mini_batch mini_step=67 optimizer_step=16 loss=996.4029541015625 top3_accuracy=0.3840830326080322 accumulation_position=3
[15:42:48] [S1] mini_batch mini_step=68 optimizer_step=16 loss=870.23681640625 top3_accuracy=0.5034722089767456 accumulation_position=4
[15:42:48] [S1] optimizer optimizer_step=17 learning_rate=0.002 scaler_scale=64.0
[15:42:48] [S1] mini_batch mini_step=69 optimizer_step=17 loss=1056.0576171875 top3_accuracy=0.43865031003952026 accumulation_position=1
[15:42:48] [S1] mini_batch mini_step=70 optimizer_step=17 loss=1053.156494140625 top3_accuracy=0.3973509967327118 accumulation_position=2
[15:42:48] [S1] mini_batch mini_step=71 optimizer_step=17 loss=1033.3614501953125 top3_accuracy=0.5461956262588501 accumulation_position=3
[15:42:48] [S1] mini_batch mini_step=72 optimizer_step=17 loss=1029.050048828125 top3_accuracy=0.4382716119289398 accumulation_position=4
[15:42:48] [S1] optimizer optimizer_step=18 learning_rate=0.002 scaler_scale=64.0
[15:42:48] [S1] mini_batch mini_step=73 optimizer_step=18 loss=1107.7359619140625 top3_accuracy=0.4454022943973541 accumulation_position=1
[15:42:49] [S1] mini_batch mini_step=74 optimizer_step=18 loss=925.0553588867188 top3_accuracy=0.37546467781066895 accumulation_position=2
[15:42:49] [S1] mini_batch mini_step=75 optimizer_step=18 loss=1003.7861328125 top3_accuracy=0.5518207550048828 accumulation_position=3
[15:42:49] [S1] mini_batch mini_step=76 optimizer_step=18 loss=1190.271484375 top3_accuracy=0.518796980381012 accumulation_position=4
[15:42:49] [S1] optimizer optimizer_step=19 learning_rate=0.002 scaler_scale=64.0
[15:42:49] [S1] mini_batch mini_step=77 optimizer_step=19 loss=1154.45263671875 top3_accuracy=0.44134077429771423 accumulation_position=1
[15:42:49] [S1] mini_batch mini_step=78 optimizer_step=19 loss=960.41845703125 top3_accuracy=0.47452229261398315 accumulation_position=2
[15:42:49] [S1] mini_batch mini_step=79 optimizer_step=19 loss=867.9276123046875 top3_accuracy=0.5555555820465088 accumulation_position=3
[15:42:49] [S1] mini_batch mini_step=80 optimizer_step=19 loss=1095.556884765625 top3_accuracy=0.4786096215248108 accumulation_position=4
[15:42:49] [S1] optimizer optimizer_step=20 learning_rate=0.002 scaler_scale=64.0
[15:42:50] [S1] mini_batch mini_step=81 optimizer_step=20 loss=812.56640625 top3_accuracy=0.42510122060775757 accumulation_position=1
[15:42:50] [S1] mini_batch mini_step=82 optimizer_step=20 loss=1084.9248046875 top3_accuracy=0.47578346729278564 accumulation_position=2
[15:42:50] [S1] mini_batch mini_step=83 optimizer_step=20 loss=1213.758056640625 top3_accuracy=0.4543147087097168 accumulation_position=3
[15:42:50] [S1] mini_batch mini_step=84 optimizer_step=20 loss=985.290771484375 top3_accuracy=0.3136531412601471 accumulation_position=4
[15:42:50] [S1] optimizer optimizer_step=21 learning_rate=0.002 scaler_scale=64.0
[15:42:50] [S1] mini_batch mini_step=85 optimizer_step=21 loss=1028.814208984375 top3_accuracy=0.44859811663627625 accumulation_position=1
[15:42:50] [S1] mini_batch mini_step=86 optimizer_step=21 loss=824.2041015625 top3_accuracy=0.5460526347160339 accumulation_position=2
[15:42:51] [S1] mini_batch mini_step=87 optimizer_step=21 loss=1350.9208984375 top3_accuracy=0.37402597069740295 accumulation_position=3
[15:42:51] [S1] mini_batch mini_step=88 optimizer_step=21 loss=928.8809204101562 top3_accuracy=0.4115523397922516 accumulation_position=4
[15:42:51] [S1] optimizer optimizer_step=22 learning_rate=0.002 scaler_scale=64.0
[15:42:51] [S1] mini_batch mini_step=89 optimizer_step=22 loss=833.024658203125 top3_accuracy=0.4580152630805969 accumulation_position=1
[15:42:51] [S1] mini_batch mini_step=90 optimizer_step=22 loss=905.017333984375 top3_accuracy=0.4756944477558136 accumulation_position=2
[15:42:51] [S1] mini_batch mini_step=91 optimizer_step=22 loss=965.7640380859375 top3_accuracy=0.42907801270484924 accumulation_position=3
[15:42:51] [S1] mini_batch mini_step=92 optimizer_step=22 loss=757.605224609375 top3_accuracy=0.48659002780914307 accumulation_position=4
[15:42:51] [S1] optimizer optimizer_step=23 learning_rate=0.002 scaler_scale=64.0
[15:42:51] [S1] mini_batch mini_step=93 optimizer_step=23 loss=1317.421142578125 top3_accuracy=0.3360215127468109 accumulation_position=1
[15:42:52] [S1] mini_batch mini_step=94 optimizer_step=23 loss=987.6812133789062 top3_accuracy=0.4166666567325592 accumulation_position=2
[15:42:52] [S1] mini_batch mini_step=1 optimizer_step=23 loss=976.0531005859375 top3_accuracy=0.5364431738853455 accumulation_position=3
[15:42:52] [S1] mini_batch mini_step=2 optimizer_step=23 loss=747.0625 top3_accuracy=0.5583941340446472 accumulation_position=4
[15:42:52] [S1] optimizer optimizer_step=24 learning_rate=0.002 scaler_scale=64.0
[15:42:52] [S1] mini_batch mini_step=3 optimizer_step=24 loss=1001.4705200195312 top3_accuracy=0.5120481848716736 accumulation_position=1
[15:42:52] [S1] mini_batch mini_step=4 optimizer_step=24 loss=1135.711181640625 top3_accuracy=0.36593058705329895 accumulation_position=2
[15:42:52] [S1] mini_batch mini_step=5 optimizer_step=24 loss=957.3887939453125 top3_accuracy=0.46081504225730896 accumulation_position=3
[15:42:52] [S1] mini_batch mini_step=6 optimizer_step=24 loss=939.0487060546875 top3_accuracy=0.4557377099990845 accumulation_position=4
[15:42:52] [S1] optimizer optimizer_step=25 learning_rate=0.002 scaler_scale=64.0
[15:42:53] [S1] mini_batch mini_step=7 optimizer_step=25 loss=798.336181640625 top3_accuracy=0.5316901206970215 accumulation_position=1
[15:42:53] [S1] mini_batch mini_step=8 optimizer_step=25 loss=1031.9044189453125 top3_accuracy=0.47965115308761597 accumulation_position=2
[15:42:53] [S1] mini_batch mini_step=9 optimizer_step=25 loss=757.80517578125 top3_accuracy=0.5323740839958191 accumulation_position=3
[15:42:53] [S1] mini_batch mini_step=10 optimizer_step=25 loss=1043.6649169921875 top3_accuracy=0.42019543051719666 accumulation_position=4
[15:42:53] [S1] optimizer optimizer_step=26 learning_rate=0.002 scaler_scale=64.0
[15:42:53] [S1] mini_batch mini_step=11 optimizer_step=26 loss=804.1210327148438 top3_accuracy=0.5 accumulation_position=1
[15:42:53] [S1] mini_batch mini_step=12 optimizer_step=26 loss=1019.761962890625 top3_accuracy=0.4927113652229309 accumulation_position=2
[15:42:54] [S1] mini_batch mini_step=13 optimizer_step=26 loss=1046.1796875 top3_accuracy=0.5631868243217468 accumulation_position=3
[15:42:54] [S1] mini_batch mini_step=14 optimizer_step=26 loss=861.72607421875 top3_accuracy=0.4519572854042053 accumulation_position=4
[15:42:54] [S1] optimizer optimizer_step=27 learning_rate=0.002 scaler_scale=64.0
[15:42:54] [S1] mini_batch mini_step=15 optimizer_step=27 loss=1324.7041015625 top3_accuracy=0.38717949390411377 accumulation_position=1
[15:42:54] [S1] mini_batch mini_step=16 optimizer_step=27 loss=896.4364624023438 top3_accuracy=0.5339506268501282 accumulation_position=2
[15:42:54] [S1] mini_batch mini_step=17 optimizer_step=27 loss=1206.4697265625 top3_accuracy=0.42571428418159485 accumulation_position=3
[15:42:54] [S1] mini_batch mini_step=18 optimizer_step=27 loss=1051.86865234375 top3_accuracy=0.4985590875148773 accumulation_position=4
[15:42:54] [S1] optimizer optimizer_step=28 learning_rate=0.002 scaler_scale=64.0
[15:42:55] [S1] mini_batch mini_step=19 optimizer_step=28 loss=833.497802734375 top3_accuracy=0.41791045665740967 accumulation_position=1
[15:42:55] [S1] mini_batch mini_step=20 optimizer_step=28 loss=794.2149658203125 top3_accuracy=0.6272189617156982 accumulation_position=2
[15:42:55] [S1] mini_batch mini_step=21 optimizer_step=28 loss=881.630126953125 top3_accuracy=0.5160256624221802 accumulation_position=3
[15:42:55] [S1] mini_batch mini_step=22 optimizer_step=28 loss=902.4835205078125 top3_accuracy=0.5628742575645447 accumulation_position=4
[15:42:55] [S1] optimizer optimizer_step=29 learning_rate=0.002 scaler_scale=64.0
[15:42:55] [S1] mini_batch mini_step=23 optimizer_step=29 loss=1108.739013671875 top3_accuracy=0.5118733644485474 accumulation_position=1
[15:42:55] [S1] mini_batch mini_step=24 optimizer_step=29 loss=949.81787109375 top3_accuracy=0.46451613306999207 accumulation_position=2
[15:42:55] [S1] mini_batch mini_step=25 optimizer_step=29 loss=727.2301025390625 top3_accuracy=0.4923076927661896 accumulation_position=3
[15:42:56] [S1] mini_batch mini_step=26 optimizer_step=29 loss=908.56689453125 top3_accuracy=0.39926740527153015 accumulation_position=4
[15:42:56] [S1] optimizer optimizer_step=30 learning_rate=0.002 scaler_scale=64.0
[15:42:56] [S1] mini_batch mini_step=27 optimizer_step=30 loss=1032.3857421875 top3_accuracy=0.5253333449363708 accumulation_position=1
[15:42:56] [S1] mini_batch mini_step=28 optimizer_step=30 loss=810.2978515625 top3_accuracy=0.49275362491607666 accumulation_position=2
[15:42:56] [S1] mini_batch mini_step=29 optimizer_step=30 loss=715.1995849609375 top3_accuracy=0.49802371859550476 accumulation_position=3
[15:42:56] [S1] mini_batch mini_step=30 optimizer_step=30 loss=811.2276611328125 top3_accuracy=0.5492063760757446 accumulation_position=4
[15:42:56] [S1] optimizer optimizer_step=31 learning_rate=0.002 scaler_scale=64.0
[15:42:56] [S1] mini_batch mini_step=31 optimizer_step=31 loss=941.1631469726562 top3_accuracy=0.4597014784812927 accumulation_position=1
[15:42:57] [S1] mini_batch mini_step=32 optimizer_step=31 loss=1019.54638671875 top3_accuracy=0.5199999809265137 accumulation_position=2
[15:42:57] [S1] mini_batch mini_step=33 optimizer_step=31 loss=800.800537109375 top3_accuracy=0.5239726305007935 accumulation_position=3
[15:42:57] [S1] mini_batch mini_step=34 optimizer_step=31 loss=1112.2904052734375 top3_accuracy=0.35759493708610535 accumulation_position=4
[15:42:57] [S1] optimizer optimizer_step=32 learning_rate=0.002 scaler_scale=64.0
[15:42:57] [S1] mini_batch mini_step=35 optimizer_step=32 loss=973.394287109375 top3_accuracy=0.4021739065647125 accumulation_position=1
[15:42:57] [S1] mini_batch mini_step=36 optimizer_step=32 loss=959.38330078125 top3_accuracy=0.40273037552833557 accumulation_position=2
[15:42:57] [S1] mini_batch mini_step=37 optimizer_step=32 loss=861.3256225585938 top3_accuracy=0.5337837934494019 accumulation_position=3
[15:42:57] [S1] mini_batch mini_step=38 optimizer_step=32 loss=1002.1771240234375 top3_accuracy=0.6140776872634888 accumulation_position=4
[15:42:57] [S1] optimizer optimizer_step=33 learning_rate=0.002 scaler_scale=64.0
[15:42:58] [S1] mini_batch mini_step=39 optimizer_step=33 loss=774.2958984375 top3_accuracy=0.5827814340591431 accumulation_position=1
[15:42:58] [S1] mini_batch mini_step=40 optimizer_step=33 loss=789.098876953125 top3_accuracy=0.510948896408081 accumulation_position=2
[15:42:58] [S1] mini_batch mini_step=41 optimizer_step=33 loss=883.9617919921875 top3_accuracy=0.49657535552978516 accumulation_position=3
[15:42:58] [S1] mini_batch mini_step=42 optimizer_step=33 loss=937.5296020507812 top3_accuracy=0.515625 accumulation_position=4
[15:42:58] [S1] optimizer optimizer_step=34 learning_rate=0.002 scaler_scale=64.0
[15:42:58] [S1] mini_batch mini_step=43 optimizer_step=34 loss=997.2461547851562 top3_accuracy=0.54666668176651 accumulation_position=1
[15:42:58] [S1] mini_batch mini_step=44 optimizer_step=34 loss=726.2847900390625 top3_accuracy=0.5215686559677124 accumulation_position=2
[15:42:58] [S1] mini_batch mini_step=45 optimizer_step=34 loss=856.125 top3_accuracy=0.5 accumulation_position=3
[15:42:59] [S1] mini_batch mini_step=46 optimizer_step=34 loss=906.8499755859375 top3_accuracy=0.4119718372821808 accumulation_position=4
[15:42:59] [S1] optimizer optimizer_step=35 learning_rate=0.002 scaler_scale=64.0
[15:42:59] [S1] mini_batch mini_step=47 optimizer_step=35 loss=774.0448608398438 top3_accuracy=0.40772533416748047 accumulation_position=1
[15:42:59] [S1] mini_batch mini_step=48 optimizer_step=35 loss=840.372314453125 top3_accuracy=0.5917721390724182 accumulation_position=2
[15:42:59] [S1] mini_batch mini_step=49 optimizer_step=35 loss=832.5726318359375 top3_accuracy=0.37130802869796753 accumulation_position=3
[15:42:59] [S1] mini_batch mini_step=50 optimizer_step=35 loss=974.7503051757812 top3_accuracy=0.4885057508945465 accumulation_position=4
[15:42:59] [S1] optimizer optimizer_step=36 learning_rate=0.002 scaler_scale=64.0
[15:42:59] [S1] mini_batch mini_step=51 optimizer_step=36 loss=1141.6737060546875 top3_accuracy=0.48469388484954834 accumulation_position=1
[15:42:59] [S1] mini_batch mini_step=52 optimizer_step=36 loss=901.4830322265625 top3_accuracy=0.5061728358268738 accumulation_position=2
[15:43:00] [S1] mini_batch mini_step=53 optimizer_step=36 loss=1092.338134765625 top3_accuracy=0.4183976352214813 accumulation_position=3
[15:43:00] [S1] mini_batch mini_step=54 optimizer_step=36 loss=968.5936889648438 top3_accuracy=0.4378882050514221 accumulation_position=4
[15:43:00] [S1] optimizer optimizer_step=37 learning_rate=0.002 scaler_scale=64.0
[15:43:00] [S1] mini_batch mini_step=55 optimizer_step=37 loss=1132.2451171875 top3_accuracy=0.5301204919815063 accumulation_position=1
[15:43:00] [S1] mini_batch mini_step=56 optimizer_step=37 loss=578.5365600585938 top3_accuracy=0.5943775177001953 accumulation_position=2
[15:43:00] [S1] mini_batch mini_step=57 optimizer_step=37 loss=782.02294921875 top3_accuracy=0.5696202516555786 accumulation_position=3
[15:43:00] [S1] mini_batch mini_step=58 optimizer_step=37 loss=790.9161987304688 top3_accuracy=0.5 accumulation_position=4
[15:43:00] [S1] optimizer optimizer_step=38 learning_rate=0.002 scaler_scale=64.0
[15:43:01] [S1] mini_batch mini_step=59 optimizer_step=38 loss=1146.798095703125 top3_accuracy=0.5809312462806702 accumulation_position=1
[15:43:01] [S1] mini_batch mini_step=60 optimizer_step=38 loss=749.5618896484375 top3_accuracy=0.5164835453033447 accumulation_position=2
[15:43:01] [S1] mini_batch mini_step=61 optimizer_step=38 loss=987.7451171875 top3_accuracy=0.5276073813438416 accumulation_position=3
[15:43:01] [S1] mini_batch mini_step=62 optimizer_step=38 loss=679.1162719726562 top3_accuracy=0.6167247295379639 accumulation_position=4
[15:43:01] [S1] optimizer optimizer_step=39 learning_rate=0.002 scaler_scale=64.0
[15:43:01] [S1] mini_batch mini_step=63 optimizer_step=39 loss=831.8128662109375 top3_accuracy=0.4253731369972229 accumulation_position=1
[15:43:01] [S1] mini_batch mini_step=64 optimizer_step=39 loss=805.582275390625 top3_accuracy=0.5224913358688354 accumulation_position=2
[15:43:01] [S1] mini_batch mini_step=65 optimizer_step=39 loss=947.2611083984375 top3_accuracy=0.5647382736206055 accumulation_position=3
[15:43:02] [S1] mini_batch mini_step=66 optimizer_step=39 loss=727.6043701171875 top3_accuracy=0.5366795659065247 accumulation_position=4
[15:43:02] [S1] optimizer optimizer_step=40 learning_rate=0.002 scaler_scale=64.0
[15:43:02] [S1] mini_batch mini_step=67 optimizer_step=40 loss=772.9341430664062 top3_accuracy=0.5935483574867249 accumulation_position=1
[15:43:02] [S1] mini_batch mini_step=68 optimizer_step=40 loss=799.26416015625 top3_accuracy=0.5052264928817749 accumulation_position=2
[15:43:02] [S1] mini_batch mini_step=69 optimizer_step=40 loss=966.14111328125 top3_accuracy=0.5797872543334961 accumulation_position=3
[15:43:02] [S1] mini_batch mini_step=70 optimizer_step=40 loss=625.7579345703125 top3_accuracy=0.588477373123169 accumulation_position=4
[15:43:02] [S1] optimizer optimizer_step=41 learning_rate=0.002 scaler_scale=64.0
[15:43:02] [S1] mini_batch mini_step=71 optimizer_step=41 loss=818.2791748046875 top3_accuracy=0.5496894121170044 accumulation_position=1
[15:43:02] [S1] mini_batch mini_step=72 optimizer_step=41 loss=702.3073120117188 top3_accuracy=0.6019737124443054 accumulation_position=2
[15:43:03] [S1] mini_batch mini_step=73 optimizer_step=41 loss=1124.78173828125 top3_accuracy=0.3602484464645386 accumulation_position=3
[15:43:03] [S1] mini_batch mini_step=74 optimizer_step=41 loss=817.0426025390625 top3_accuracy=0.625 accumulation_position=4
[15:43:03] [S1] optimizer optimizer_step=42 learning_rate=0.002 scaler_scale=64.0
[15:43:03] [S1] mini_batch mini_step=75 optimizer_step=42 loss=1074.0653076171875 top3_accuracy=0.4844192564487457 accumulation_position=1
[15:43:03] [S1] mini_batch mini_step=76 optimizer_step=42 loss=865.134765625 top3_accuracy=0.5166666507720947 accumulation_position=2
[15:43:03] [S1] mini_batch mini_step=77 optimizer_step=42 loss=1010.7486572265625 top3_accuracy=0.5497512221336365 accumulation_position=3
[15:43:03] [S1] mini_batch mini_step=78 optimizer_step=42 loss=731.5619506835938 top3_accuracy=0.49814125895500183 accumulation_position=4
[15:43:03] [S1] optimizer optimizer_step=43 learning_rate=0.002 scaler_scale=64.0
[15:43:03] [S1] mini_batch mini_step=79 optimizer_step=43 loss=1106.1292724609375 top3_accuracy=0.4844192564487457 accumulation_position=1
[15:43:04] [S1] mini_batch mini_step=80 optimizer_step=43 loss=857.9169921875 top3_accuracy=0.5269841551780701 accumulation_position=2
[15:43:04] [S1] mini_batch mini_step=81 optimizer_step=43 loss=940.1757202148438 top3_accuracy=0.5520231127738953 accumulation_position=3
[15:43:04] [S1] mini_batch mini_step=82 optimizer_step=43 loss=972.2218017578125 top3_accuracy=0.5279502868652344 accumulation_position=4
[15:43:04] [S1] optimizer optimizer_step=44 learning_rate=0.002 scaler_scale=64.0
[15:43:04] [S1] mini_batch mini_step=83 optimizer_step=44 loss=900.5531616210938 top3_accuracy=0.47697368264198303 accumulation_position=1
[15:43:04] [S1] mini_batch mini_step=84 optimizer_step=44 loss=902.3193359375 top3_accuracy=0.5331325531005859 accumulation_position=2
[15:43:04] [S1] mini_batch mini_step=85 optimizer_step=44 loss=1240.050537109375 top3_accuracy=0.3718309998512268 accumulation_position=3
[15:43:04] [S1] mini_batch mini_step=86 optimizer_step=44 loss=689.0509643554688 top3_accuracy=0.6271777153015137 accumulation_position=4
[15:43:05] [S1] optimizer optimizer_step=45 learning_rate=0.002 scaler_scale=64.0
[15:43:05] [S1] mini_batch mini_step=87 optimizer_step=45 loss=941.9157104492188 top3_accuracy=0.5153374075889587 accumulation_position=1
[15:43:05] [S1] mini_batch mini_step=88 optimizer_step=45 loss=847.8094482421875 top3_accuracy=0.47686833143234253 accumulation_position=2
[15:43:05] [S1] mini_batch mini_step=89 optimizer_step=45 loss=814.4354858398438 top3_accuracy=0.5215947031974792 accumulation_position=3
[15:43:05] [S1] mini_batch mini_step=90 optimizer_step=45 loss=702.56640625 top3_accuracy=0.5020747184753418 accumulation_position=4
[15:43:05] [S1] optimizer optimizer_step=46 learning_rate=0.002 scaler_scale=64.0
[15:43:05] [S1] mini_batch mini_step=91 optimizer_step=46 loss=943.9776611328125 top3_accuracy=0.5790960192680359 accumulation_position=1
[15:43:05] [S1] mini_batch mini_step=92 optimizer_step=46 loss=906.5386962890625 top3_accuracy=0.5208333134651184 accumulation_position=2
[15:43:06] [S1] mini_batch mini_step=93 optimizer_step=46 loss=951.6276245117188 top3_accuracy=0.4533762037754059 accumulation_position=3
[15:43:06] [S1] mini_batch mini_step=94 optimizer_step=46 loss=1128.9710693359375 top3_accuracy=0.52173912525177 accumulation_position=4
[15:43:06] [S1] optimizer optimizer_step=47 learning_rate=0.002 scaler_scale=64.0
[15:43:06] [S1] mini_batch mini_step=1 optimizer_step=47 loss=1007.1619262695312 top3_accuracy=0.5476190447807312 accumulation_position=1
[15:43:06] [S1] mini_batch mini_step=2 optimizer_step=47 loss=707.207275390625 top3_accuracy=0.6020408272743225 accumulation_position=2
[15:43:06] [S1] mini_batch mini_step=3 optimizer_step=47 loss=1001.2684326171875 top3_accuracy=0.5502645373344421 accumulation_position=3
[15:43:06] [S1] mini_batch mini_step=4 optimizer_step=47 loss=797.2571411132812 top3_accuracy=0.5962733030319214 accumulation_position=4
[15:43:06] [S1] optimizer optimizer_step=48 learning_rate=0.002 scaler_scale=64.0
[15:43:07] [S1] mini_batch mini_step=5 optimizer_step=48 loss=632.3103637695312 top3_accuracy=0.6575342416763306 accumulation_position=1
[15:43:07] [S1] mini_batch mini_step=6 optimizer_step=48 loss=764.0142211914062 top3_accuracy=0.5535714030265808 accumulation_position=2
[15:43:07] [S1] mini_batch mini_step=7 optimizer_step=48 loss=738.3468017578125 top3_accuracy=0.5435540080070496 accumulation_position=3
[15:43:07] [S1] mini_batch mini_step=8 optimizer_step=48 loss=743.2691650390625 top3_accuracy=0.6363636255264282 accumulation_position=4
[15:43:07] [S1] optimizer optimizer_step=49 learning_rate=0.002 scaler_scale=64.0
[15:43:07] [S1] mini_batch mini_step=9 optimizer_step=49 loss=922.7467041015625 top3_accuracy=0.4927113652229309 accumulation_position=1
[15:43:07] [S1] mini_batch mini_step=10 optimizer_step=49 loss=617.7501220703125 top3_accuracy=0.568965494632721 accumulation_position=2
[15:43:07] [S1] mini_batch mini_step=11 optimizer_step=49 loss=1091.4632568359375 top3_accuracy=0.4577259421348572 accumulation_position=3
[15:43:08] [S1] mini_batch mini_step=12 optimizer_step=49 loss=798.0477294921875 top3_accuracy=0.4912280738353729 accumulation_position=4
[15:43:08] [S1] optimizer optimizer_step=50 learning_rate=0.002 scaler_scale=64.0
[15:43:08] [S1] mini_batch mini_step=13 optimizer_step=50 loss=651.6875610351562 top3_accuracy=0.5230125784873962 accumulation_position=1
[15:43:08] [S1] mini_batch mini_step=14 optimizer_step=50 loss=746.309326171875 top3_accuracy=0.5473684072494507 accumulation_position=2
[15:43:08] [S1] mini_batch mini_step=15 optimizer_step=50 loss=677.19287109375 top3_accuracy=0.5306122303009033 accumulation_position=3
[15:43:08] [S1] mini_batch mini_step=16 optimizer_step=50 loss=725.572509765625 top3_accuracy=0.5373665690422058 accumulation_position=4
[15:43:08] [S1] optimizer optimizer_step=51 learning_rate=0.002 scaler_scale=64.0
[15:43:08] [S1] mini_batch mini_step=17 optimizer_step=51 loss=968.608642578125 top3_accuracy=0.5643835663795471 accumulation_position=1
[15:43:09] [S1] mini_batch mini_step=18 optimizer_step=51 loss=862.0689697265625 top3_accuracy=0.597183108329773 accumulation_position=2
[15:43:09] [S1] mini_batch mini_step=19 optimizer_step=51 loss=616.2759399414062 top3_accuracy=0.708185076713562 accumulation_position=3
[15:43:09] [S1] mini_batch mini_step=20 optimizer_step=51 loss=813.4090576171875 top3_accuracy=0.5151515007019043 accumulation_position=4
[15:43:09] [S1] optimizer optimizer_step=52 learning_rate=0.002 scaler_scale=64.0
[15:43:09] [S1] mini_batch mini_step=21 optimizer_step=52 loss=854.77587890625 top3_accuracy=0.41947564482688904 accumulation_position=1
[15:43:09] [S1] mini_batch mini_step=22 optimizer_step=52 loss=757.6904296875 top3_accuracy=0.6082802414894104 accumulation_position=2
[15:43:09] [S1] mini_batch mini_step=23 optimizer_step=52 loss=752.3218383789062 top3_accuracy=0.6399999856948853 accumulation_position=3
[15:43:09] [S1] mini_batch mini_step=24 optimizer_step=52 loss=958.3385620117188 top3_accuracy=0.5625 accumulation_position=4
[15:43:09] [S1] optimizer optimizer_step=53 learning_rate=0.002 scaler_scale=64.0
[15:43:10] [S1] mini_batch mini_step=25 optimizer_step=53 loss=1045.0726318359375 top3_accuracy=0.5780487656593323 accumulation_position=1
[15:43:10] [S1] mini_batch mini_step=26 optimizer_step=53 loss=879.42236328125 top3_accuracy=0.5675675868988037 accumulation_position=2
[15:43:10] [S1] mini_batch mini_step=27 optimizer_step=53 loss=723.8623046875 top3_accuracy=0.6071428656578064 accumulation_position=3
[15:43:10] [S1] mini_batch mini_step=28 optimizer_step=53 loss=900.3234252929688 top3_accuracy=0.6149425506591797 accumulation_position=4
[15:43:10] [S1] optimizer optimizer_step=54 learning_rate=0.002 scaler_scale=64.0
[15:43:10] [S1] mini_batch mini_step=29 optimizer_step=54 loss=810.418701171875 top3_accuracy=0.5418060421943665 accumulation_position=1
[15:43:10] [S1] mini_batch mini_step=30 optimizer_step=54 loss=753.8563232421875 top3_accuracy=0.6445086598396301 accumulation_position=2
[15:43:10] [S1] mini_batch mini_step=31 optimizer_step=54 loss=627.0796508789062 top3_accuracy=0.663430392742157 accumulation_position=3
[15:43:11] [S1] mini_batch mini_step=32 optimizer_step=54 loss=783.4404907226562 top3_accuracy=0.5390334725379944 accumulation_position=4
[15:43:11] [S1] optimizer optimizer_step=55 learning_rate=0.002 scaler_scale=64.0
[15:43:11] [S1] mini_batch mini_step=33 optimizer_step=55 loss=955.7473754882812 top3_accuracy=0.5798969268798828 accumulation_position=1
[15:43:11] [S1] mini_batch mini_step=34 optimizer_step=55 loss=832.9067993164062 top3_accuracy=0.6213017702102661 accumulation_position=2
[15:43:11] [S1] mini_batch mini_step=35 optimizer_step=55 loss=793.7733154296875 top3_accuracy=0.5731343030929565 accumulation_position=3
[15:43:11] [S1] mini_batch mini_step=36 optimizer_step=55 loss=992.99365234375 top3_accuracy=0.6061381101608276 accumulation_position=4
[15:43:11] [S1] optimizer optimizer_step=56 learning_rate=0.002 scaler_scale=64.0
[15:43:11] [S1] mini_batch mini_step=37 optimizer_step=56 loss=700.1246337890625 top3_accuracy=0.5559566617012024 accumulation_position=1
[15:43:12] [S1] mini_batch mini_step=38 optimizer_step=56 loss=709.292724609375 top3_accuracy=0.5693950057029724 accumulation_position=2
[15:43:12] [S1] mini_batch mini_step=39 optimizer_step=56 loss=588.2587280273438 top3_accuracy=0.6108949184417725 accumulation_position=3
[15:43:12] [S1] mini_batch mini_step=40 optimizer_step=56 loss=749.1347045898438 top3_accuracy=0.6172839403152466 accumulation_position=4
[15:43:12] [S1] optimizer optimizer_step=57 learning_rate=0.002 scaler_scale=64.0
[15:43:12] [S1] mini_batch mini_step=41 optimizer_step=57 loss=937.8131103515625 top3_accuracy=0.44333332777023315 accumulation_position=1
[15:43:12] [S1] mini_batch mini_step=42 optimizer_step=57 loss=870.2535400390625 top3_accuracy=0.5615141987800598 accumulation_position=2
[15:43:12] [S1] mini_batch mini_step=43 optimizer_step=57 loss=766.216552734375 top3_accuracy=0.628125011920929 accumulation_position=3
[15:43:12] [S1] mini_batch mini_step=44 optimizer_step=57 loss=830.7999877929688 top3_accuracy=0.5835866332054138 accumulation_position=4
[15:43:12] [S1] optimizer optimizer_step=58 learning_rate=0.002 scaler_scale=64.0
[15:43:13] [S1] mini_batch mini_step=45 optimizer_step=58 loss=630.2281494140625 top3_accuracy=0.5799999833106995 accumulation_position=1
[15:43:13] [S1] mini_batch mini_step=46 optimizer_step=58 loss=778.28466796875 top3_accuracy=0.5872483253479004 accumulation_position=2
[15:43:13] [S1] mini_batch mini_step=47 optimizer_step=58 loss=833.244140625 top3_accuracy=0.6422535181045532 accumulation_position=3
[15:43:13] [S1] mini_batch mini_step=48 optimizer_step=58 loss=1011.724853515625 top3_accuracy=0.5225988626480103 accumulation_position=4
[15:43:13] [S1] optimizer optimizer_step=59 learning_rate=0.002 scaler_scale=64.0
[15:43:13] [S1] mini_batch mini_step=49 optimizer_step=59 loss=882.4286499023438 top3_accuracy=0.6196808218955994 accumulation_position=1
[15:43:13] [S1] mini_batch mini_step=50 optimizer_step=59 loss=680.1470336914062 top3_accuracy=0.6101694703102112 accumulation_position=2
[15:43:13] [S1] mini_batch mini_step=51 optimizer_step=59 loss=648.2523193359375 top3_accuracy=0.6689189076423645 accumulation_position=3
[15:43:14] [S1] mini_batch mini_step=52 optimizer_step=59 loss=722.6519775390625 top3_accuracy=0.6601671576499939 accumulation_position=4
[15:43:14] [S1] optimizer optimizer_step=60 learning_rate=0.002 scaler_scale=64.0
[15:43:14] [S1] mini_batch mini_step=53 optimizer_step=60 loss=677.385498046875 top3_accuracy=0.6059602499008179 accumulation_position=1
[15:43:14] [S1] mini_batch mini_step=54 optimizer_step=60 loss=706.6433715820312 top3_accuracy=0.5579710006713867 accumulation_position=2
[15:43:14] [S1] mini_batch mini_step=55 optimizer_step=60 loss=880.2333984375 top3_accuracy=0.6623711585998535 accumulation_position=3
[15:43:14] [S1] mini_batch mini_step=56 optimizer_step=60 loss=768.1318969726562 top3_accuracy=0.5377049446105957 accumulation_position=4
[15:43:14] [S1] optimizer optimizer_step=61 learning_rate=0.002 scaler_scale=64.0
[15:43:14] [S1] mini_batch mini_step=57 optimizer_step=61 loss=1081.7421875 top3_accuracy=0.4886363744735718 accumulation_position=1
[15:43:14] [S1] mini_batch mini_step=58 optimizer_step=61 loss=854.0111083984375 top3_accuracy=0.5818713307380676 accumulation_position=2
[15:43:15] [S1] mini_batch mini_step=59 optimizer_step=61 loss=976.061767578125 top3_accuracy=0.557692289352417 accumulation_position=3
[15:43:15] [S1] mini_batch mini_step=60 optimizer_step=61 loss=536.5931396484375 top3_accuracy=0.6440678238868713 accumulation_position=4
[15:43:15] [S1] optimizer optimizer_step=62 learning_rate=0.002 scaler_scale=64.0
[15:43:15] [S1] mini_batch mini_step=61 optimizer_step=62 loss=792.7822265625 top3_accuracy=0.535315990447998 accumulation_position=1
[15:43:15] [S1] mini_batch mini_step=62 optimizer_step=62 loss=824.3773193359375 top3_accuracy=0.6340782046318054 accumulation_position=2
[15:43:15] [S1] mini_batch mini_step=63 optimizer_step=62 loss=995.45751953125 top3_accuracy=0.5295698642730713 accumulation_position=3
[15:43:15] [S1] mini_batch mini_step=64 optimizer_step=62 loss=837.6849365234375 top3_accuracy=0.6149425506591797 accumulation_position=4
[15:43:15] [S1] optimizer optimizer_step=63 learning_rate=0.002 scaler_scale=64.0
[15:43:16] [S1] mini_batch mini_step=65 optimizer_step=63 loss=543.1378173828125 top3_accuracy=0.6395348906517029 accumulation_position=1
[15:43:16] [S1] mini_batch mini_step=66 optimizer_step=63 loss=574.78564453125 top3_accuracy=0.6627907156944275 accumulation_position=2
[15:43:16] [S1] mini_batch mini_step=67 optimizer_step=63 loss=738.0125732421875 top3_accuracy=0.6403785347938538 accumulation_position=3
[15:43:16] [S1] mini_batch mini_step=68 optimizer_step=63 loss=978.40478515625 top3_accuracy=0.5160349607467651 accumulation_position=4
[15:43:16] [S1] optimizer optimizer_step=64 learning_rate=0.002 scaler_scale=64.0
[15:43:16] [S1] mini_batch mini_step=69 optimizer_step=64 loss=594.4071044921875 top3_accuracy=0.6040816307067871 accumulation_position=1
[15:43:16] [S1] mini_batch mini_step=70 optimizer_step=64 loss=627.0477905273438 top3_accuracy=0.6159695982933044 accumulation_position=2
[15:43:16] [S1] mini_batch mini_step=71 optimizer_step=64 loss=653.28759765625 top3_accuracy=0.5833333134651184 accumulation_position=3
[15:43:17] [S1] mini_batch mini_step=72 optimizer_step=64 loss=673.2257080078125 top3_accuracy=0.6094276309013367 accumulation_position=4
[15:43:17] [S1] optimizer optimizer_step=65 learning_rate=0.002 scaler_scale=64.0
[15:43:17] [S1] mini_batch mini_step=73 optimizer_step=65 loss=478.84893798828125 top3_accuracy=0.6205357313156128 accumulation_position=1
[15:43:17] [S1] mini_batch mini_step=74 optimizer_step=65 loss=731.838623046875 top3_accuracy=0.5800711512565613 accumulation_position=2
[15:43:17] [S1] mini_batch mini_step=75 optimizer_step=65 loss=922.264892578125 top3_accuracy=0.663239061832428 accumulation_position=3
[15:43:17] [S1] mini_batch mini_step=76 optimizer_step=65 loss=746.1031494140625 top3_accuracy=0.5019454956054688 accumulation_position=4
[15:43:17] [S1] optimizer optimizer_step=66 learning_rate=0.002 scaler_scale=64.0
[15:43:17] [S1] mini_batch mini_step=77 optimizer_step=66 loss=764.4222412109375 top3_accuracy=0.6132075190544128 accumulation_position=1
[15:43:17] [S1] mini_batch mini_step=78 optimizer_step=66 loss=884.4969482421875 top3_accuracy=0.644385039806366 accumulation_position=2
[15:43:18] [S1] mini_batch mini_step=79 optimizer_step=66 loss=935.0684814453125 top3_accuracy=0.5698005557060242 accumulation_position=3
[15:43:18] [S1] mini_batch mini_step=80 optimizer_step=66 loss=546.3809814453125 top3_accuracy=0.638059675693512 accumulation_position=4
[15:43:18] [S1] optimizer optimizer_step=67 learning_rate=0.002 scaler_scale=64.0
[15:43:18] [S1] mini_batch mini_step=81 optimizer_step=67 loss=683.1298828125 top3_accuracy=0.6268116235733032 accumulation_position=1
[15:43:18] [S1] mini_batch mini_step=82 optimizer_step=67 loss=839.617919921875 top3_accuracy=0.6452513933181763 accumulation_position=2
[15:43:18] [S1] mini_batch mini_step=83 optimizer_step=67 loss=1017.7903442382812 top3_accuracy=0.642691433429718 accumulation_position=3
[15:43:18] [S1] mini_batch mini_step=84 optimizer_step=67 loss=839.774169921875 top3_accuracy=0.6657963395118713 accumulation_position=4
[15:43:18] [S1] optimizer optimizer_step=68 learning_rate=0.002 scaler_scale=64.0
[15:43:19] [S1] mini_batch mini_step=85 optimizer_step=68 loss=524.2833251953125 top3_accuracy=0.647773265838623 accumulation_position=1
[15:43:19] [S1] mini_batch mini_step=86 optimizer_step=68 loss=717.7282104492188 top3_accuracy=0.7162162065505981 accumulation_position=2
[15:43:19] [S1] mini_batch mini_step=87 optimizer_step=68 loss=775.172119140625 top3_accuracy=0.7071823477745056 accumulation_position=3
[15:43:19] [S1] mini_batch mini_step=88 optimizer_step=68 loss=674.580078125 top3_accuracy=0.6819571852684021 accumulation_position=4
[15:43:19] [S1] optimizer optimizer_step=69 learning_rate=0.002 scaler_scale=64.0
[15:43:19] [S1] mini_batch mini_step=89 optimizer_step=69 loss=754.659912109375 top3_accuracy=0.5629370808601379 accumulation_position=1
[15:43:19] [S1] mini_batch mini_step=90 optimizer_step=69 loss=945.03173828125 top3_accuracy=0.6240208745002747 accumulation_position=2
[15:43:19] [S1] mini_batch mini_step=91 optimizer_step=69 loss=684.224853515625 top3_accuracy=0.5729537606239319 accumulation_position=3
[15:43:20] [S1] mini_batch mini_step=92 optimizer_step=69 loss=676.1585693359375 top3_accuracy=0.6715116500854492 accumulation_position=4
[15:43:20] [S1] optimizer optimizer_step=70 learning_rate=0.002 scaler_scale=64.0
[15:43:20] [S1] mini_batch mini_step=93 optimizer_step=70 loss=756.6575927734375 top3_accuracy=0.6401180028915405 accumulation_position=1
[15:43:20] [S1] mini_batch mini_step=94 optimizer_step=70 loss=579.00341796875 top3_accuracy=0.6938110589981079 accumulation_position=2
[15:43:20] [S1] mini_batch mini_step=1 optimizer_step=70 loss=647.2820434570312 top3_accuracy=0.6788991093635559 accumulation_position=3
[15:43:20] [S1] mini_batch mini_step=2 optimizer_step=70 loss=721.17529296875 top3_accuracy=0.5740740895271301 accumulation_position=4
[15:43:20] [S1] optimizer optimizer_step=71 learning_rate=0.002 scaler_scale=64.0
[15:43:20] [S1] mini_batch mini_step=3 optimizer_step=71 loss=590.8489990234375 top3_accuracy=0.746666669845581 accumulation_position=1
[15:43:20] [S1] mini_batch mini_step=4 optimizer_step=71 loss=761.60498046875 top3_accuracy=0.6696696877479553 accumulation_position=2
[15:43:21] [S1] mini_batch mini_step=5 optimizer_step=71 loss=623.3612060546875 top3_accuracy=0.6464285850524902 accumulation_position=3
[15:43:21] [S1] mini_batch mini_step=6 optimizer_step=71 loss=824.6885375976562 top3_accuracy=0.6350574493408203 accumulation_position=4
[15:43:21] [S1] optimizer optimizer_step=72 learning_rate=0.002 scaler_scale=64.0
[15:43:21] [S1] mini_batch mini_step=7 optimizer_step=72 loss=632.5488891601562 top3_accuracy=0.6945337653160095 accumulation_position=1
[15:43:21] [S1] mini_batch mini_step=8 optimizer_step=72 loss=680.5855712890625 top3_accuracy=0.6560283899307251 accumulation_position=2
[15:43:21] [S1] mini_batch mini_step=9 optimizer_step=72 loss=657.561279296875 top3_accuracy=0.6722972989082336 accumulation_position=3
[15:43:21] [S1] mini_batch mini_step=10 optimizer_step=72 loss=693.1333618164062 top3_accuracy=0.692307710647583 accumulation_position=4
[15:43:21] [S1] optimizer optimizer_step=73 learning_rate=0.002 scaler_scale=64.0
[15:43:22] [S1] mini_batch mini_step=11 optimizer_step=73 loss=612.646484375 top3_accuracy=0.681506872177124 accumulation_position=1
[15:43:22] [S1] mini_batch mini_step=12 optimizer_step=73 loss=674.4810791015625 top3_accuracy=0.7049180269241333 accumulation_position=2
[15:43:22] [S1] mini_batch mini_step=13 optimizer_step=73 loss=692.932861328125 top3_accuracy=0.6483180522918701 accumulation_position=3
[15:43:22] [S1] mini_batch mini_step=14 optimizer_step=73 loss=560.2244262695312 top3_accuracy=0.6920152306556702 accumulation_position=4
[15:43:22] [S1] optimizer optimizer_step=74 learning_rate=0.002 scaler_scale=64.0
[15:43:22] [S1] mini_batch mini_step=15 optimizer_step=74 loss=702.50048828125 top3_accuracy=0.704023003578186 accumulation_position=1
[15:43:22] [S1] mini_batch mini_step=16 optimizer_step=74 loss=937.4659423828125 top3_accuracy=0.7192224860191345 accumulation_position=2
[15:43:22] [S1] mini_batch mini_step=17 optimizer_step=74 loss=854.1791381835938 top3_accuracy=0.6239316463470459 accumulation_position=3
[15:43:23] [S1] mini_batch mini_step=18 optimizer_step=74 loss=880.7186279296875 top3_accuracy=0.5536231994628906 accumulation_position=4
[15:43:23] [S1] optimizer optimizer_step=75 learning_rate=0.002 scaler_scale=64.0
[15:43:23] [S1] mini_batch mini_step=19 optimizer_step=75 loss=586.5028686523438 top3_accuracy=0.6332046389579773 accumulation_position=1
[15:43:23] [S1] mini_batch mini_step=20 optimizer_step=75 loss=691.0762939453125 top3_accuracy=0.7659574747085571 accumulation_position=2
[15:43:23] [S1] mini_batch mini_step=21 optimizer_step=75 loss=711.9813232421875 top3_accuracy=0.6453673839569092 accumulation_position=3
[15:43:23] [S1] mini_batch mini_step=22 optimizer_step=75 loss=654.2634887695312 top3_accuracy=0.6678082346916199 accumulation_position=4
[15:43:23] [S1] optimizer optimizer_step=76 learning_rate=0.002 scaler_scale=64.0
[15:43:23] [S1] mini_batch mini_step=23 optimizer_step=76 loss=743.5432739257812 top3_accuracy=0.7260981798171997 accumulation_position=1
[15:43:23] [S1] mini_batch mini_step=24 optimizer_step=76 loss=640.7118530273438 top3_accuracy=0.737463116645813 accumulation_position=2
[15:43:24] [S1] mini_batch mini_step=25 optimizer_step=76 loss=569.36279296875 top3_accuracy=0.6356275081634521 accumulation_position=3
[15:43:24] [S1] mini_batch mini_step=26 optimizer_step=76 loss=506.17132568359375 top3_accuracy=0.6970954537391663 accumulation_position=4
[15:43:24] [S1] optimizer optimizer_step=77 learning_rate=0.002 scaler_scale=64.0
[15:43:24] [S1] mini_batch mini_step=27 optimizer_step=77 loss=686.8610229492188 top3_accuracy=0.6314102411270142 accumulation_position=1
[15:43:24] [S1] mini_batch mini_step=28 optimizer_step=77 loss=736.2561645507812 top3_accuracy=0.6314199566841125 accumulation_position=2
[15:43:24] [S1] mini_batch mini_step=29 optimizer_step=77 loss=566.8099365234375 top3_accuracy=0.7844311594963074 accumulation_position=3
[15:43:24] [S1] mini_batch mini_step=30 optimizer_step=77 loss=634.2529296875 top3_accuracy=0.6280701756477356 accumulation_position=4
[15:43:24] [S1] optimizer optimizer_step=78 learning_rate=0.002 scaler_scale=64.0
[15:43:25] [S1] mini_batch mini_step=31 optimizer_step=78 loss=671.1130981445312 top3_accuracy=0.6506849527359009 accumulation_position=1
[15:43:25] [S1] mini_batch mini_step=32 optimizer_step=78 loss=561.3361206054688 top3_accuracy=0.6525096297264099 accumulation_position=2
[15:43:25] [S1] mini_batch mini_step=33 optimizer_step=78 loss=727.3033447265625 top3_accuracy=0.6385135054588318 accumulation_position=3
[15:43:25] [S1] mini_batch mini_step=34 optimizer_step=78 loss=488.7868347167969 top3_accuracy=0.7769516706466675 accumulation_position=4
[15:43:25] [S1] optimizer optimizer_step=79 learning_rate=0.002 scaler_scale=64.0
[15:43:25] [S1] mini_batch mini_step=35 optimizer_step=79 loss=767.234130859375 top3_accuracy=0.6743515729904175 accumulation_position=1
[15:43:25] [S1] mini_batch mini_step=36 optimizer_step=79 loss=768.4990844726562 top3_accuracy=0.6456456184387207 accumulation_position=2
[15:43:26] [S1] mini_batch mini_step=37 optimizer_step=79 loss=629.621826171875 top3_accuracy=0.6453900933265686 accumulation_position=3
[15:43:26] [S1] mini_batch mini_step=38 optimizer_step=79 loss=738.9058837890625 top3_accuracy=0.6865671873092651 accumulation_position=4
[15:43:26] [S1] optimizer optimizer_step=80 learning_rate=0.002 scaler_scale=64.0
[15:43:26] [S1] mini_batch mini_step=39 optimizer_step=80 loss=521.7322387695312 top3_accuracy=0.6858237385749817 accumulation_position=1
[15:43:26] [S1] mini_batch mini_step=40 optimizer_step=80 loss=698.9718627929688 top3_accuracy=0.6698718070983887 accumulation_position=2
[15:43:26] [S1] mini_batch mini_step=41 optimizer_step=80 loss=656.0971069335938 top3_accuracy=0.6894409656524658 accumulation_position=3
[15:43:26] [S1] mini_batch mini_step=42 optimizer_step=80 loss=674.8956298828125 top3_accuracy=0.6848137378692627 accumulation_position=4
[15:43:26] [S1] optimizer optimizer_step=81 learning_rate=0.002 scaler_scale=64.0
[15:43:26] [S1] mini_batch mini_step=43 optimizer_step=81 loss=598.8914184570312 top3_accuracy=0.724252462387085 accumulation_position=1
[15:43:27] [S1] mini_batch mini_step=44 optimizer_step=81 loss=621.1107177734375 top3_accuracy=0.6290909051895142 accumulation_position=2
[15:43:27] [S1] mini_batch mini_step=45 optimizer_step=81 loss=787.25439453125 top3_accuracy=0.632478654384613 accumulation_position=3
[15:43:27] [S1] mini_batch mini_step=46 optimizer_step=81 loss=746.5579223632812 top3_accuracy=0.7401960492134094 accumulation_position=4
[15:43:27] [S1] optimizer optimizer_step=82 learning_rate=0.002 scaler_scale=64.0
[15:43:27] [S1] mini_batch mini_step=47 optimizer_step=82 loss=506.7831726074219 top3_accuracy=0.7184115648269653 accumulation_position=1
[15:43:27] [S1] mini_batch mini_step=48 optimizer_step=82 loss=662.272705078125 top3_accuracy=0.6315789222717285 accumulation_position=2
[15:43:27] [S1] mini_batch mini_step=49 optimizer_step=82 loss=592.0308227539062 top3_accuracy=0.7352024912834167 accumulation_position=3
[15:43:27] [S1] mini_batch mini_step=50 optimizer_step=82 loss=642.22900390625 top3_accuracy=0.794037938117981 accumulation_position=4
[15:43:28] [S1] optimizer optimizer_step=83 learning_rate=0.002 scaler_scale=64.0
[15:43:28] [S1] mini_batch mini_step=51 optimizer_step=83 loss=642.3599853515625 top3_accuracy=0.6194030046463013 accumulation_position=1
[15:43:28] [S1] mini_batch mini_step=52 optimizer_step=83 loss=587.3543701171875 top3_accuracy=0.788690447807312 accumulation_position=2
[15:43:28] [S1] mini_batch mini_step=53 optimizer_step=83 loss=633.2427368164062 top3_accuracy=0.7601078152656555 accumulation_position=3
[15:43:28] [S1] mini_batch mini_step=54 optimizer_step=83 loss=709.1864624023438 top3_accuracy=0.739130437374115 accumulation_position=4
[15:43:28] [S1] optimizer optimizer_step=84 learning_rate=0.002 scaler_scale=64.0
[15:43:28] [S1] mini_batch mini_step=55 optimizer_step=84 loss=622.0794067382812 top3_accuracy=0.6085271239280701 accumulation_position=1
[15:43:28] [S1] mini_batch mini_step=56 optimizer_step=84 loss=626.5345458984375 top3_accuracy=0.6623794436454773 accumulation_position=2
[15:43:29] [S1] mini_batch mini_step=57 optimizer_step=84 loss=548.6536865234375 top3_accuracy=0.6330645084381104 accumulation_position=3
[15:43:29] [S1] mini_batch mini_step=58 optimizer_step=84 loss=711.6307373046875 top3_accuracy=0.6840490698814392 accumulation_position=4
[15:43:29] [S1] optimizer optimizer_step=85 learning_rate=0.002 scaler_scale=64.0
[15:43:29] [S1] mini_batch mini_step=59 optimizer_step=85 loss=501.49700927734375 top3_accuracy=0.6790123581886292 accumulation_position=1
[15:43:29] [S1] mini_batch mini_step=60 optimizer_step=85 loss=606.2290649414062 top3_accuracy=0.7023411393165588 accumulation_position=2
[15:43:29] [S1] mini_batch mini_step=61 optimizer_step=85 loss=712.9156494140625 top3_accuracy=0.7162162065505981 accumulation_position=3
[15:43:29] [S1] mini_batch mini_step=62 optimizer_step=85 loss=481.7447509765625 top3_accuracy=0.7063829898834229 accumulation_position=4
[15:43:29] [S1] optimizer optimizer_step=86 learning_rate=0.002 scaler_scale=64.0
[15:43:30] [S1] mini_batch mini_step=63 optimizer_step=86 loss=615.1761474609375 top3_accuracy=0.6824324131011963 accumulation_position=1
[15:43:30] [S1] mini_batch mini_step=64 optimizer_step=86 loss=569.20458984375 top3_accuracy=0.7901639342308044 accumulation_position=2
[15:43:30] [S1] mini_batch mini_step=65 optimizer_step=86 loss=866.933837890625 top3_accuracy=0.6456043720245361 accumulation_position=3
[15:43:30] [S1] mini_batch mini_step=66 optimizer_step=86 loss=780.75341796875 top3_accuracy=0.6000000238418579 accumulation_position=4
[15:43:30] [S1] optimizer optimizer_step=87 learning_rate=0.002 scaler_scale=64.0
[15:43:30] [S1] mini_batch mini_step=67 optimizer_step=87 loss=556.9147338867188 top3_accuracy=0.6574802994728088 accumulation_position=1
[15:43:30] [S1] mini_batch mini_step=68 optimizer_step=87 loss=660.1683349609375 top3_accuracy=0.6788991093635559 accumulation_position=2
[15:43:30] [S1] mini_batch mini_step=69 optimizer_step=87 loss=894.5780639648438 top3_accuracy=0.6010928750038147 accumulation_position=3
[15:43:30] [S1] mini_batch mini_step=70 optimizer_step=87 loss=791.0115966796875 top3_accuracy=0.7111650705337524 accumulation_position=4
[15:43:31] [S1] optimizer optimizer_step=88 learning_rate=0.002 scaler_scale=64.0
[15:43:31] [S1] mini_batch mini_step=71 optimizer_step=88 loss=904.0572509765625 top3_accuracy=0.5666666626930237 accumulation_position=1
[15:43:31] [S1] mini_batch mini_step=72 optimizer_step=88 loss=735.6510620117188 top3_accuracy=0.7698209881782532 accumulation_position=2
[15:43:31] [S1] mini_batch mini_step=73 optimizer_step=88 loss=525.4903564453125 top3_accuracy=0.671999990940094 accumulation_position=3
[15:43:31] [S1] mini_batch mini_step=74 optimizer_step=88 loss=618.4244384765625 top3_accuracy=0.6677852272987366 accumulation_position=4
[15:43:31] [S1] optimizer optimizer_step=89 learning_rate=0.002 scaler_scale=64.0
[15:43:31] [S1] mini_batch mini_step=75 optimizer_step=89 loss=711.667724609375 top3_accuracy=0.6708464026451111 accumulation_position=1
[15:43:31] [S1] mini_batch mini_step=76 optimizer_step=89 loss=699.10888671875 top3_accuracy=0.75 accumulation_position=2
[15:43:32] [S1] mini_batch mini_step=77 optimizer_step=89 loss=565.77783203125 top3_accuracy=0.7801857590675354 accumulation_position=3
[15:43:32] [S1] mini_batch mini_step=78 optimizer_step=89 loss=785.57421875 top3_accuracy=0.6193353533744812 accumulation_position=4
[15:43:32] [S1] optimizer optimizer_step=90 learning_rate=0.002 scaler_scale=64.0
[15:43:32] [S1] mini_batch mini_step=79 optimizer_step=90 loss=645.0247802734375 top3_accuracy=0.6350877285003662 accumulation_position=1
[15:43:32] [S1] mini_batch mini_step=80 optimizer_step=90 loss=744.1503295898438 top3_accuracy=0.6560693383216858 accumulation_position=2
[15:43:32] [S1] mini_batch mini_step=81 optimizer_step=90 loss=551.7568359375 top3_accuracy=0.7561728358268738 accumulation_position=3
[15:43:32] [S1] mini_batch mini_step=82 optimizer_step=90 loss=547.8380126953125 top3_accuracy=0.6431372761726379 accumulation_position=4
[15:43:33] [S1] optimizer optimizer_step=91 learning_rate=0.002 scaler_scale=64.0
[15:43:33] [S1] mini_batch mini_step=83 optimizer_step=91 loss=836.2692260742188 top3_accuracy=0.6727272868156433 accumulation_position=1
[15:43:33] [S1] mini_batch mini_step=84 optimizer_step=91 loss=717.798095703125 top3_accuracy=0.7094017267227173 accumulation_position=2
[15:43:33] [S1] mini_batch mini_step=85 optimizer_step=91 loss=681.0478515625 top3_accuracy=0.6955128312110901 accumulation_position=3
[15:43:33] [S1] mini_batch mini_step=86 optimizer_step=91 loss=614.41552734375 top3_accuracy=0.7566765546798706 accumulation_position=4
[15:43:33] [S1] optimizer optimizer_step=92 learning_rate=0.002 scaler_scale=64.0
[15:43:33] [S1] mini_batch mini_step=87 optimizer_step=92 loss=758.9420166015625 top3_accuracy=0.6982097029685974 accumulation_position=1
[15:43:33] [S1] mini_batch mini_step=88 optimizer_step=92 loss=687.1497802734375 top3_accuracy=0.6823899149894714 accumulation_position=2
[15:43:34] [S1] mini_batch mini_step=89 optimizer_step=92 loss=525.9224853515625 top3_accuracy=0.6975806355476379 accumulation_position=3
[15:43:34] [S1] mini_batch mini_step=90 optimizer_step=92 loss=502.8447570800781 top3_accuracy=0.781361997127533 accumulation_position=4
[15:43:34] [S1] optimizer optimizer_step=93 learning_rate=0.002 scaler_scale=64.0
[15:43:34] [S1] mini_batch mini_step=91 optimizer_step=93 loss=511.96337890625 top3_accuracy=0.6808510422706604 accumulation_position=1
[15:43:34] [S1] mini_batch mini_step=92 optimizer_step=93 loss=690.856201171875 top3_accuracy=0.7729591727256775 accumulation_position=2
[15:43:34] [S1] mini_batch mini_step=93 optimizer_step=93 loss=631.7738037109375 top3_accuracy=0.7351190447807312 accumulation_position=3
[15:43:34] [S1] mini_batch mini_step=94 optimizer_step=93 loss=737.5457763671875 top3_accuracy=0.606918215751648 accumulation_position=4
[15:43:34] [S1] optimizer optimizer_step=94 learning_rate=0.002 scaler_scale=64.0
[15:43:35] [S1] mini_batch mini_step=1 optimizer_step=94 loss=827.302001953125 top3_accuracy=0.6031249761581421 accumulation_position=1
[15:43:35] [S1] mini_batch mini_step=2 optimizer_step=94 loss=544.500732421875 top3_accuracy=0.7845659255981445 accumulation_position=2
[15:43:35] [S1] mini_batch mini_step=3 optimizer_step=94 loss=549.3123168945312 top3_accuracy=0.8027397394180298 accumulation_position=3
[15:43:35] [S1] mini_batch mini_step=4 optimizer_step=94 loss=473.6103820800781 top3_accuracy=0.817307710647583 accumulation_position=4
[15:43:35] [S1] optimizer optimizer_step=95 learning_rate=0.002 scaler_scale=64.0
[15:43:35] [S1] mini_batch mini_step=5 optimizer_step=95 loss=600.9408569335938 top3_accuracy=0.8247978687286377 accumulation_position=1
[15:43:35] [S1] mini_batch mini_step=6 optimizer_step=95 loss=892.5958251953125 top3_accuracy=0.6947115659713745 accumulation_position=2
[15:43:36] [S1] mini_batch mini_step=7 optimizer_step=95 loss=633.4750366210938 top3_accuracy=0.7476038336753845 accumulation_position=3
[15:43:36] [S1] mini_batch mini_step=8 optimizer_step=95 loss=544.1194458007812 top3_accuracy=0.6692913174629211 accumulation_position=4
[15:43:36] [S1] optimizer optimizer_step=96 learning_rate=0.002 scaler_scale=64.0
[15:43:36] [S1] mini_batch mini_step=9 optimizer_step=96 loss=525.6038208007812 top3_accuracy=0.7335907220840454 accumulation_position=1
[15:43:36] [S1] mini_batch mini_step=10 optimizer_step=96 loss=510.80078125 top3_accuracy=0.6609442234039307 accumulation_position=2
[15:43:36] [S1] mini_batch mini_step=11 optimizer_step=96 loss=544.7021484375 top3_accuracy=0.7250000238418579 accumulation_position=3
[15:43:36] [S1] mini_batch mini_step=12 optimizer_step=96 loss=769.0452880859375 top3_accuracy=0.6780626773834229 accumulation_position=4
[15:43:36] [S1] optimizer optimizer_step=97 learning_rate=0.002 scaler_scale=64.0
[15:43:37] [S1] mini_batch mini_step=13 optimizer_step=97 loss=690.1114501953125 top3_accuracy=0.6816901564598083 accumulation_position=1
[15:43:37] [S1] mini_batch mini_step=14 optimizer_step=97 loss=551.5714721679688 top3_accuracy=0.8246153593063354 accumulation_position=2
[15:43:37] [S1] mini_batch mini_step=15 optimizer_step=97 loss=546.385498046875 top3_accuracy=0.7402597665786743 accumulation_position=3
[15:43:37] [S1] mini_batch mini_step=16 optimizer_step=97 loss=657.7607421875 top3_accuracy=0.7849462628364563 accumulation_position=4
[15:43:37] [S1] optimizer optimizer_step=98 learning_rate=0.002 scaler_scale=64.0
[15:43:37] [S1] mini_batch mini_step=17 optimizer_step=98 loss=637.3381958007812 top3_accuracy=0.711309552192688 accumulation_position=1
[15:43:37] [S1] mini_batch mini_step=18 optimizer_step=98 loss=572.9691772460938 top3_accuracy=0.7101449370384216 accumulation_position=2
[15:43:38] [S1] mini_batch mini_step=19 optimizer_step=98 loss=356.11492919921875 top3_accuracy=0.8298611044883728 accumulation_position=3
[15:43:38] [S1] mini_batch mini_step=20 optimizer_step=98 loss=498.3198547363281 top3_accuracy=0.762057900428772 accumulation_position=4
[15:43:38] [S1] optimizer optimizer_step=99 learning_rate=0.002 scaler_scale=64.0
[15:43:38] [S1] mini_batch mini_step=21 optimizer_step=99 loss=400.3790283203125 top3_accuracy=0.7796609997749329 accumulation_position=1
[15:43:38] [S1] mini_batch mini_step=22 optimizer_step=99 loss=580.68505859375 top3_accuracy=0.801075279712677 accumulation_position=2
[15:43:38] [S1] mini_batch mini_step=23 optimizer_step=99 loss=572.4393920898438 top3_accuracy=0.7639751434326172 accumulation_position=3
[15:43:38] [S1] mini_batch mini_step=24 optimizer_step=99 loss=659.6634521484375 top3_accuracy=0.7064220309257507 accumulation_position=4
[15:43:39] [S1] optimizer optimizer_step=100 learning_rate=0.002 scaler_scale=64.0
[15:43:40] [S1] checkpoint optimizer_step=100 path=D:\AI-Training\voice-clone\voice-pipeline\voice-pipeline\runs\Lucy\training\s1\checkpoints\step-00000100.pt
[15:43:41] [S1] mini_batch mini_step=25 optimizer_step=100 loss=746.3029174804688 top3_accuracy=0.6905444264411926 accumulation_position=1
[15:43:41] [S1] mini_batch mini_step=26 optimizer_step=100 loss=627.0335693359375 top3_accuracy=0.7121211886405945 accumulation_position=2
[15:43:41] [S1] mini_batch mini_step=27 optimizer_step=100 loss=634.091064453125 top3_accuracy=0.7790055274963379 accumulation_position=3
[15:43:41] [S1] mini_batch mini_step=28 optimizer_step=100 loss=525.3896484375 top3_accuracy=0.7308970093727112 accumulation_position=4
[15:43:41] [S1] optimizer optimizer_step=101 learning_rate=0.002 scaler_scale=64.0
[15:43:41] [S1] mini_batch mini_step=29 optimizer_step=101 loss=640.8964233398438 top3_accuracy=0.760606050491333 accumulation_position=1
[15:43:41] [S1] mini_batch mini_step=30 optimizer_step=101 loss=635.4141845703125 top3_accuracy=0.8251928091049194 accumulation_position=2
[15:43:42] [S1] mini_batch mini_step=31 optimizer_step=101 loss=743.8560791015625 top3_accuracy=0.6646706461906433 accumulation_position=3
[15:43:42] [S1] mini_batch mini_step=32 optimizer_step=101 loss=572.406005859375 top3_accuracy=0.8093922734260559 accumulation_position=4
[15:43:42] [S1] optimizer optimizer_step=102 learning_rate=0.002 scaler_scale=64.0
[15:43:42] [S1] mini_batch mini_step=33 optimizer_step=102 loss=567.121337890625 top3_accuracy=0.8274853825569153 accumulation_position=1
[15:43:42] [S1] mini_batch mini_step=34 optimizer_step=102 loss=437.70465087890625 top3_accuracy=0.8102189898490906 accumulation_position=2
[15:43:42] [S1] mini_batch mini_step=35 optimizer_step=102 loss=573.9149169921875 top3_accuracy=0.7602523565292358 accumulation_position=3
[15:43:42] [S1] mini_batch mini_step=36 optimizer_step=102 loss=459.3017272949219 top3_accuracy=0.7142857313156128 accumulation_position=4
[15:43:42] [S1] optimizer optimizer_step=103 learning_rate=0.002 scaler_scale=64.0
[15:43:43] [S1] mini_batch mini_step=37 optimizer_step=103 loss=677.2017211914062 top3_accuracy=0.7018633484840393 accumulation_position=1
[15:43:43] [S1] mini_batch mini_step=38 optimizer_step=103 loss=576.4075317382812 top3_accuracy=0.7884615659713745 accumulation_position=2
[15:43:43] [S1] mini_batch mini_step=39 optimizer_step=103 loss=591.4644775390625 top3_accuracy=0.6569343209266663 accumulation_position=3
[15:43:43] [S1] mini_batch mini_step=40 optimizer_step=103 loss=541.1552124023438 top3_accuracy=0.7740863561630249 accumulation_position=4
[15:43:43] [S1] optimizer optimizer_step=104 learning_rate=0.002 scaler_scale=64.0
[15:43:43] [S1] mini_batch mini_step=41 optimizer_step=104 loss=522.3680419921875 top3_accuracy=0.7870967984199524 accumulation_position=1
[15:43:43] [S1] mini_batch mini_step=42 optimizer_step=104 loss=503.5942077636719 top3_accuracy=0.7362637519836426 accumulation_position=2
[15:43:44] [S1] mini_batch mini_step=43 optimizer_step=104 loss=584.3099365234375 top3_accuracy=0.7200000286102295 accumulation_position=3
[15:43:44] [S1] mini_batch mini_step=44 optimizer_step=104 loss=545.482177734375 top3_accuracy=0.8060606122016907 accumulation_position=4
[15:43:44] [S1] optimizer optimizer_step=105 learning_rate=0.002 scaler_scale=64.0
[15:43:44] [S1] mini_batch mini_step=45 optimizer_step=105 loss=590.57177734375 top3_accuracy=0.8059298992156982 accumulation_position=1
[15:43:44] [S1] mini_batch mini_step=46 optimizer_step=105 loss=624.9140625 top3_accuracy=0.7405063509941101 accumulation_position=2
[15:43:44] [S1] mini_batch mini_step=47 optimizer_step=105 loss=652.7252197265625 top3_accuracy=0.7015384435653687 accumulation_position=3
[15:43:44] [S1] mini_batch mini_step=48 optimizer_step=105 loss=571.6129150390625 top3_accuracy=0.7994186282157898 accumulation_position=4
[15:43:45] [S1] optimizer optimizer_step=106 learning_rate=0.002 scaler_scale=64.0
[15:43:45] [S1] mini_batch mini_step=49 optimizer_step=106 loss=581.907958984375 top3_accuracy=0.7984293103218079 accumulation_position=1
[15:43:45] [S1] mini_batch mini_step=50 optimizer_step=106 loss=472.29034423828125 top3_accuracy=0.8292682766914368 accumulation_position=2
[15:43:45] [S1] mini_batch mini_step=51 optimizer_step=106 loss=467.97393798828125 top3_accuracy=0.8221476674079895 accumulation_position=3
[15:43:45] [S1] mini_batch mini_step=52 optimizer_step=106 loss=464.9696960449219 top3_accuracy=0.7931034564971924 accumulation_position=4
[15:43:45] [S1] optimizer optimizer_step=107 learning_rate=0.002 scaler_scale=64.0
[15:43:45] [S1] mini_batch mini_step=53 optimizer_step=107 loss=557.109619140625 top3_accuracy=0.7523511052131653 accumulation_position=1
[15:43:45] [S1] mini_batch mini_step=54 optimizer_step=107 loss=414.08624267578125 top3_accuracy=0.8175182342529297 accumulation_position=2
[15:43:46] [S1] mini_batch mini_step=55 optimizer_step=107 loss=597.9891357421875 top3_accuracy=0.7451523542404175 accumulation_position=3
[15:43:46] [S1] mini_batch mini_step=56 optimizer_step=107 loss=529.6051635742188 top3_accuracy=0.8219584822654724 accumulation_position=4
[15:43:46] [S1] optimizer optimizer_step=108 learning_rate=0.002 scaler_scale=64.0
[15:43:46] [S1] mini_batch mini_step=57 optimizer_step=108 loss=405.9895935058594 top3_accuracy=0.7521008253097534 accumulation_position=1
[15:43:46] [S1] mini_batch mini_step=58 optimizer_step=108 loss=478.8760986328125 top3_accuracy=0.8628048896789551 accumulation_position=2
[15:43:46] [S1] mini_batch mini_step=59 optimizer_step=108 loss=541.2694091796875 top3_accuracy=0.790960431098938 accumulation_position=3
[15:43:46] [S1] mini_batch mini_step=60 optimizer_step=108 loss=522.9358520507812 top3_accuracy=0.793749988079071 accumulation_position=4
[15:43:47] [S1] optimizer optimizer_step=109 learning_rate=0.002 scaler_scale=64.0
[15:43:47] [S1] mini_batch mini_step=61 optimizer_step=109 loss=549.1405029296875 top3_accuracy=0.778124988079071 accumulation_position=1
[15:43:47] [S1] mini_batch mini_step=62 optimizer_step=109 loss=473.5028076171875 top3_accuracy=0.7613636255264282 accumulation_position=2
[15:43:47] [S1] mini_batch mini_step=63 optimizer_step=109 loss=518.3189697265625 top3_accuracy=0.7923322916030884 accumulation_position=3
[15:43:47] [S1] mini_batch mini_step=64 optimizer_step=109 loss=463.0916748046875 top3_accuracy=0.7362204790115356 accumulation_position=4
[15:43:47] [S1] optimizer optimizer_step=110 learning_rate=0.002 scaler_scale=64.0
[15:43:47] [S1] mini_batch mini_step=65 optimizer_step=110 loss=649.8685302734375 top3_accuracy=0.7339449524879456 accumulation_position=1
[15:43:48] [S1] mini_batch mini_step=66 optimizer_step=110 loss=595.7424926757812 top3_accuracy=0.8181818127632141 accumulation_position=2
[15:43:48] [S1] mini_batch mini_step=67 optimizer_step=110 loss=486.0821838378906 top3_accuracy=0.7404580116271973 accumulation_position=3
[15:43:48] [S1] mini_batch mini_step=68 optimizer_step=110 loss=707.1680908203125 top3_accuracy=0.6920731663703918 accumulation_position=4
[15:43:48] [S1] optimizer optimizer_step=111 learning_rate=0.002 scaler_scale=64.0
[15:43:48] [S1] mini_batch mini_step=69 optimizer_step=111 loss=532.2786254882812 top3_accuracy=0.7933130860328674 accumulation_position=1
[15:43:48] [S1] mini_batch mini_step=70 optimizer_step=111 loss=544.6630859375 top3_accuracy=0.8171428442001343 accumulation_position=2
[15:43:48] [S1] mini_batch mini_step=71 optimizer_step=111 loss=614.654052734375 top3_accuracy=0.7887324094772339 accumulation_position=3
[15:43:49] [S1] mini_batch mini_step=72 optimizer_step=111 loss=475.572509765625 top3_accuracy=0.8035087585449219 accumulation_position=4
[15:43:49] [S1] optimizer optimizer_step=112 learning_rate=0.002 scaler_scale=64.0
[15:43:49] [S1] mini_batch mini_step=73 optimizer_step=112 loss=408.7940673828125 top3_accuracy=0.837837815284729 accumulation_position=1
[15:43:49] [S1] mini_batch mini_step=74 optimizer_step=112 loss=618.393310546875 top3_accuracy=0.6280701756477356 accumulation_position=2
[15:43:49] [S1] mini_batch mini_step=75 optimizer_step=112 loss=596.5760498046875 top3_accuracy=0.7457627058029175 accumulation_position=3
[15:43:49] [S1] mini_batch mini_step=76 optimizer_step=112 loss=617.8311767578125 top3_accuracy=0.8256410360336304 accumulation_position=4
[15:43:49] [S1] optimizer optimizer_step=113 learning_rate=0.002 scaler_scale=64.0
[15:43:49] [S1] mini_batch mini_step=77 optimizer_step=113 loss=488.39483642578125 top3_accuracy=0.8478260636329651 accumulation_position=1
[15:43:50] [S1] mini_batch mini_step=78 optimizer_step=113 loss=435.4803161621094 top3_accuracy=0.8506944179534912 accumulation_position=2
[15:43:50] [S1] mini_batch mini_step=79 optimizer_step=113 loss=566.5631103515625 top3_accuracy=0.7127272486686707 accumulation_position=3
[15:43:50] [S1] mini_batch mini_step=80 optimizer_step=113 loss=640.015869140625 top3_accuracy=0.8046272397041321 accumulation_position=4
[15:43:50] [S1] optimizer optimizer_step=114 learning_rate=0.002 scaler_scale=64.0
[15:43:50] [S1] mini_batch mini_step=81 optimizer_step=114 loss=574.9169921875 top3_accuracy=0.8213333487510681 accumulation_position=1
[15:43:50] [S1] mini_batch mini_step=82 optimizer_step=114 loss=470.36370849609375 top3_accuracy=0.8433734774589539 accumulation_position=2
[15:43:50] [S1] mini_batch mini_step=83 optimizer_step=114 loss=410.4757080078125 top3_accuracy=0.8206107020378113 accumulation_position=3
[15:43:51] [S1] mini_batch mini_step=84 optimizer_step=114 loss=391.12567138671875 top3_accuracy=0.8075471520423889 accumulation_position=4
[15:43:51] [S1] optimizer optimizer_step=115 learning_rate=0.002 scaler_scale=64.0
[15:43:51] [S1] mini_batch mini_step=85 optimizer_step=115 loss=531.0631713867188 top3_accuracy=0.8260869383811951 accumulation_position=1
[15:43:51] [S1] mini_batch mini_step=86 optimizer_step=115 loss=539.0558471679688 top3_accuracy=0.7902735471725464 accumulation_position=2
[15:43:51] [S1] mini_batch mini_step=87 optimizer_step=115 loss=528.70556640625 top3_accuracy=0.853723406791687 accumulation_position=3
[15:43:51] [S1] mini_batch mini_step=88 optimizer_step=115 loss=502.071533203125 top3_accuracy=0.7756410241127014 accumulation_position=4
[15:43:51] [S1] optimizer optimizer_step=116 learning_rate=0.002 scaler_scale=64.0
[15:43:51] [S1] mini_batch mini_step=89 optimizer_step=116 loss=477.545166015625 top3_accuracy=0.7683823704719543 accumulation_position=1
[15:43:52] [S1] mini_batch mini_step=90 optimizer_step=116 loss=502.64337158203125 top3_accuracy=0.8379204869270325 accumulation_position=2
[15:43:52] [S1] mini_batch mini_step=91 optimizer_step=116 loss=437.2310791015625 top3_accuracy=0.7768595218658447 accumulation_position=3
[15:43:52] [S1] mini_batch mini_step=92 optimizer_step=116 loss=451.0475769042969 top3_accuracy=0.7971014380455017 accumulation_position=4
[15:43:52] [S1] optimizer optimizer_step=117 learning_rate=0.002 scaler_scale=64.0
[15:43:52] [S1] mini_batch mini_step=93 optimizer_step=117 loss=571.0726318359375 top3_accuracy=0.7653958797454834 accumulation_position=1
[15:43:52] [S1] mini_batch mini_step=94 optimizer_step=117 loss=535.380859375 top3_accuracy=0.7126436829566956 accumulation_position=2
[15:43:52] [S1] mini_batch mini_step=1 optimizer_step=117 loss=468.2745666503906 top3_accuracy=0.8816901445388794 accumulation_position=3
[15:43:53] [S1] mini_batch mini_step=2 optimizer_step=117 loss=507.9482116699219 top3_accuracy=0.732876718044281 accumulation_position=4
[15:43:53] [S1] optimizer optimizer_step=118 learning_rate=0.002 scaler_scale=64.0
[15:43:53] [S1] mini_batch mini_step=3 optimizer_step=118 loss=697.4903564453125 top3_accuracy=0.6944444179534912 accumulation_position=1
[15:43:53] [S1] mini_batch mini_step=4 optimizer_step=118 loss=372.93182373046875 top3_accuracy=0.905537486076355 accumulation_position=2
[15:43:53] [S1] mini_batch mini_step=5 optimizer_step=118 loss=465.6468200683594 top3_accuracy=0.8364197611808777 accumulation_position=3
[15:43:53] [S1] mini_batch mini_step=6 optimizer_step=118 loss=484.4651794433594 top3_accuracy=0.8781869411468506 accumulation_position=4
[15:43:53] [S1] optimizer optimizer_step=119 learning_rate=0.002 scaler_scale=64.0
[15:43:53] [S1] mini_batch mini_step=7 optimizer_step=119 loss=431.6017150878906 top3_accuracy=0.8576388955116272 accumulation_position=1
[15:43:54] [S1] mini_batch mini_step=8 optimizer_step=119 loss=477.5737609863281 top3_accuracy=0.8373494148254395 accumulation_position=2
[15:43:54] [S1] mini_batch mini_step=9 optimizer_step=119 loss=443.9013977050781 top3_accuracy=0.844936728477478 accumulation_position=3
[15:43:54] [S1] mini_batch mini_step=10 optimizer_step=119 loss=401.77777099609375 top3_accuracy=0.8675078749656677 accumulation_position=4
[15:43:54] [S1] optimizer optimizer_step=120 learning_rate=0.002 scaler_scale=64.0
[15:43:54] [S1] mini_batch mini_step=11 optimizer_step=120 loss=439.9935607910156 top3_accuracy=0.8803681135177612 accumulation_position=1
[15:43:54] [S1] mini_batch mini_step=12 optimizer_step=120 loss=530.41259765625 top3_accuracy=0.7885196208953857 accumulation_position=2
[15:43:54] [S1] mini_batch mini_step=13 optimizer_step=120 loss=461.91131591796875 top3_accuracy=0.8226950168609619 accumulation_position=3
[15:43:55] [S1] mini_batch mini_step=14 optimizer_step=120 loss=444.7869873046875 top3_accuracy=0.8530351519584656 accumulation_position=4
[15:43:55] [S1] optimizer optimizer_step=121 learning_rate=0.002 scaler_scale=64.0
[15:43:55] [S1] mini_batch mini_step=15 optimizer_step=121 loss=516.3741455078125 top3_accuracy=0.8636363744735718 accumulation_position=1
[15:43:55] [S1] mini_batch mini_step=16 optimizer_step=121 loss=461.6961364746094 top3_accuracy=0.8817204236984253 accumulation_position=2
[15:43:55] [S1] mini_batch mini_step=17 optimizer_step=121 loss=556.343017578125 top3_accuracy=0.8542199730873108 accumulation_position=3
[15:43:55] [S1] mini_batch mini_step=18 optimizer_step=121 loss=460.8629455566406 top3_accuracy=0.8385093212127686 accumulation_position=4
[15:43:55] [S1] optimizer optimizer_step=122 learning_rate=0.002 scaler_scale=64.0
[15:43:55] [S1] mini_batch mini_step=19 optimizer_step=122 loss=650.16064453125 top3_accuracy=0.8081841468811035 accumulation_position=1
[15:43:56] [S1] mini_batch mini_step=20 optimizer_step=122 loss=485.2525939941406 top3_accuracy=0.8287461996078491 accumulation_position=2
[15:43:56] [S1] mini_batch mini_step=21 optimizer_step=122 loss=494.7782287597656 top3_accuracy=0.8804877996444702 accumulation_position=3
[15:43:56] [S1] mini_batch mini_step=22 optimizer_step=122 loss=525.2985229492188 top3_accuracy=0.8396739363670349 accumulation_position=4
[15:43:56] [S1] optimizer optimizer_step=123 learning_rate=0.002 scaler_scale=64.0
[15:43:56] [S1] mini_batch mini_step=23 optimizer_step=123 loss=423.63427734375 top3_accuracy=0.8621794581413269 accumulation_position=1
[15:43:56] [S1] mini_batch mini_step=24 optimizer_step=123 loss=425.45428466796875 top3_accuracy=0.8666666746139526 accumulation_position=2
[15:43:56] [S1] mini_batch mini_step=25 optimizer_step=123 loss=357.8583679199219 top3_accuracy=0.8900343775749207 accumulation_position=3
[15:43:57] [S1] mini_batch mini_step=26 optimizer_step=123 loss=504.4233703613281 top3_accuracy=0.8256880640983582 accumulation_position=4
[15:43:57] [S1] optimizer optimizer_step=124 learning_rate=0.002 scaler_scale=64.0
[15:43:57] [S1] mini_batch mini_step=27 optimizer_step=124 loss=494.07403564453125 top3_accuracy=0.799352765083313 accumulation_position=1
[15:43:57] [S1] mini_batch mini_step=28 optimizer_step=124 loss=454.9066467285156 top3_accuracy=0.8427672982215881 accumulation_position=2
[15:43:57] [S1] mini_batch mini_step=29 optimizer_step=124 loss=403.6143798828125 top3_accuracy=0.8252788186073303 accumulation_position=3
[15:43:57] [S1] mini_batch mini_step=30 optimizer_step=124 loss=359.31549072265625 top3_accuracy=0.8683127760887146 accumulation_position=4
[15:43:57] [S1] optimizer optimizer_step=125 learning_rate=0.002 scaler_scale=64.0
[15:43:57] [S1] mini_batch mini_step=31 optimizer_step=125 loss=455.802001953125 top3_accuracy=0.7789473533630371 accumulation_position=1
[15:43:58] [S1] mini_batch mini_step=32 optimizer_step=125 loss=414.38934326171875 top3_accuracy=0.8882352709770203 accumulation_position=2
[15:43:58] [S1] mini_batch mini_step=33 optimizer_step=125 loss=384.0572204589844 top3_accuracy=0.8571428656578064 accumulation_position=3
[15:43:58] [S1] mini_batch mini_step=34 optimizer_step=125 loss=402.43310546875 top3_accuracy=0.9090909361839294 accumulation_position=4
[15:43:58] [S1] optimizer optimizer_step=126 learning_rate=0.002 scaler_scale=64.0
[15:43:58] [S1] mini_batch mini_step=35 optimizer_step=126 loss=516.6375122070312 top3_accuracy=0.7357723712921143 accumulation_position=1
[15:43:58] [S1] mini_batch mini_step=36 optimizer_step=126 loss=526.897705078125 top3_accuracy=0.7702702879905701 accumulation_position=2
[15:43:58] [S1] mini_batch mini_step=37 optimizer_step=126 loss=747.6096801757812 top3_accuracy=0.7094017267227173 accumulation_position=3
[15:43:59] [S1] mini_batch mini_step=38 optimizer_step=126 loss=402.67156982421875 top3_accuracy=0.9142857193946838 accumulation_position=4
[15:43:59] [S1] optimizer optimizer_step=127 learning_rate=0.002 scaler_scale=64.0
[15:43:59] [S1] mini_batch mini_step=39 optimizer_step=127 loss=467.4542541503906 top3_accuracy=0.7993311285972595 accumulation_position=1
[15:43:59] [S1] mini_batch mini_step=40 optimizer_step=127 loss=467.5610656738281 top3_accuracy=0.7761194109916687 accumulation_position=2
[15:43:59] [S1] mini_batch mini_step=41 optimizer_step=127 loss=360.8286437988281 top3_accuracy=0.8461538553237915 accumulation_position=3
[15:43:59] [S1] mini_batch mini_step=42 optimizer_step=127 loss=519.1297607421875 top3_accuracy=0.8184523582458496 accumulation_position=4
[15:43:59] [S1] optimizer optimizer_step=128 learning_rate=0.002 scaler_scale=64.0
[15:44:00] [S1] mini_batch mini_step=43 optimizer_step=128 loss=476.68609619140625 top3_accuracy=0.813725471496582 accumulation_position=1
[15:44:00] [S1] mini_batch mini_step=44 optimizer_step=128 loss=467.99615478515625 top3_accuracy=0.774319052696228 accumulation_position=2
[15:44:00] [S1] mini_batch mini_step=45 optimizer_step=128 loss=405.46380615234375 top3_accuracy=0.8149465918540955 accumulation_position=3
[15:44:00] [S1] mini_batch mini_step=46 optimizer_step=128 loss=368.682861328125 top3_accuracy=0.8491228222846985 accumulation_position=4
[15:44:00] [S1] optimizer optimizer_step=129 learning_rate=0.002 scaler_scale=64.0
[15:44:00] [S1] mini_batch mini_step=47 optimizer_step=129 loss=489.13262939453125 top3_accuracy=0.8809523582458496 accumulation_position=1
[15:44:00] [S1] mini_batch mini_step=48 optimizer_step=129 loss=716.267822265625 top3_accuracy=0.7742718458175659 accumulation_position=2
[15:44:01] [S1] mini_batch mini_step=49 optimizer_step=129 loss=485.95159912109375 top3_accuracy=0.750902533531189 accumulation_position=3
[15:44:01] [S1] mini_batch mini_step=50 optimizer_step=129 loss=574.3641357421875 top3_accuracy=0.7852563858032227 accumulation_position=4
[15:44:01] [S1] optimizer optimizer_step=130 learning_rate=0.002 scaler_scale=64.0
[15:44:01] [S1] mini_batch mini_step=51 optimizer_step=130 loss=461.25164794921875 top3_accuracy=0.8689458966255188 accumulation_position=1
[15:44:01] [S1] mini_batch mini_step=52 optimizer_step=130 loss=561.389892578125 top3_accuracy=0.818443775177002 accumulation_position=2
[15:44:01] [S1] mini_batch mini_step=53 optimizer_step=130 loss=402.18829345703125 top3_accuracy=0.8389261960983276 accumulation_position=3
[15:44:01] [S1] mini_batch mini_step=54 optimizer_step=130 loss=464.8798522949219 top3_accuracy=0.8786126971244812 accumulation_position=4
[15:44:01] [S1] optimizer optimizer_step=131 learning_rate=0.002 scaler_scale=64.0
[15:44:02] [S1] mini_batch mini_step=55 optimizer_step=131 loss=321.5433349609375 top3_accuracy=0.938511312007904 accumulation_position=1
[15:44:02] [S1] mini_batch mini_step=56 optimizer_step=131 loss=569.9439086914062 top3_accuracy=0.7836257219314575 accumulation_position=2
[15:44:02] [S1] mini_batch mini_step=57 optimizer_step=131 loss=465.99261474609375 top3_accuracy=0.8203592896461487 accumulation_position=3
[15:44:02] [S1] mini_batch mini_step=58 optimizer_step=131 loss=583.3533935546875 top3_accuracy=0.7287065982818604 accumulation_position=4
[15:44:02] [S1] optimizer optimizer_step=132 learning_rate=0.002 scaler_scale=64.0
[15:44:02] [S1] mini_batch mini_step=59 optimizer_step=132 loss=339.5087890625 top3_accuracy=0.8770492076873779 accumulation_position=1
[15:44:02] [S1] mini_batch mini_step=60 optimizer_step=132 loss=411.1550598144531 top3_accuracy=0.8188153505325317 accumulation_position=2
[15:44:03] [S1] mini_batch mini_step=61 optimizer_step=132 loss=429.85345458984375 top3_accuracy=0.8653846383094788 accumulation_position=3
[15:44:03] [S1] mini_batch mini_step=62 optimizer_step=132 loss=556.2472534179688 top3_accuracy=0.7920489311218262 accumulation_position=4
[15:44:03] [S1] optimizer optimizer_step=133 learning_rate=0.002 scaler_scale=64.0
[15:44:03] [S1] mini_batch mini_step=63 optimizer_step=133 loss=360.60296630859375 top3_accuracy=0.8290598392486572 accumulation_position=1
[15:44:03] [S1] mini_batch mini_step=64 optimizer_step=133 loss=332.82586669921875 top3_accuracy=0.8801498413085938 accumulation_position=2
[15:44:03] [S1] mini_batch mini_step=65 optimizer_step=133 loss=382.2052001953125 top3_accuracy=0.7836734652519226 accumulation_position=3
[15:44:03] [S1] mini_batch mini_step=66 optimizer_step=133 loss=487.8934631347656 top3_accuracy=0.8590425252914429 accumulation_position=4
[15:44:04] [S1] optimizer optimizer_step=134 learning_rate=0.002 scaler_scale=64.0
[15:44:04] [S1] mini_batch mini_step=67 optimizer_step=134 loss=367.85845947265625 top3_accuracy=0.8385826945304871 accumulation_position=1
[15:44:04] [S1] mini_batch mini_step=68 optimizer_step=134 loss=335.2650451660156 top3_accuracy=0.8964285850524902 accumulation_position=2
[15:44:04] [S1] mini_batch mini_step=69 optimizer_step=134 loss=335.67169189453125 top3_accuracy=0.8918032646179199 accumulation_position=3
[15:44:04] [S1] mini_batch mini_step=70 optimizer_step=134 loss=278.949951171875 top3_accuracy=0.8888888955116272 accumulation_position=4
[15:44:04] [S1] optimizer optimizer_step=135 learning_rate=0.002 scaler_scale=64.0
[15:44:04] [S1] mini_batch mini_step=71 optimizer_step=135 loss=395.0687255859375 top3_accuracy=0.8474025726318359 accumulation_position=1
[15:44:04] [S1] mini_batch mini_step=72 optimizer_step=135 loss=449.0679931640625 top3_accuracy=0.8790560364723206 accumulation_position=2
[15:44:05] [S1] mini_batch mini_step=73 optimizer_step=135 loss=376.78875732421875 top3_accuracy=0.8899082541465759 accumulation_position=3
[15:44:05] [S1] mini_batch mini_step=74 optimizer_step=135 loss=340.7666015625 top3_accuracy=0.8736059665679932 accumulation_position=4
[15:44:05] [S1] optimizer optimizer_step=136 learning_rate=0.002 scaler_scale=64.0
[15:44:05] [S1] mini_batch mini_step=75 optimizer_step=136 loss=410.42413330078125 top3_accuracy=0.8724138140678406 accumulation_position=1
[15:44:05] [S1] mini_batch mini_step=76 optimizer_step=136 loss=543.044189453125 top3_accuracy=0.8631840944290161 accumulation_position=2
[15:44:05] [S1] mini_batch mini_step=77 optimizer_step=136 loss=465.93212890625 top3_accuracy=0.9188481569290161 accumulation_position=3
[15:44:05] [S1] mini_batch mini_step=78 optimizer_step=136 loss=359.1247253417969 top3_accuracy=0.856589138507843 accumulation_position=4
[15:44:06] [S1] optimizer optimizer_step=137 learning_rate=0.002 scaler_scale=64.0
[15:44:06] [S1] mini_batch mini_step=79 optimizer_step=137 loss=546.8037719726562 top3_accuracy=0.82798832654953 accumulation_position=1
[15:44:06] [S1] mini_batch mini_step=80 optimizer_step=137 loss=392.602294921875 top3_accuracy=0.870769202709198 accumulation_position=2
[15:44:06] [S1] mini_batch mini_step=81 optimizer_step=137 loss=465.86566162109375 top3_accuracy=0.760869562625885 accumulation_position=3
[15:44:06] [S1] mini_batch mini_step=82 optimizer_step=137 loss=371.42236328125 top3_accuracy=0.8592592477798462 accumulation_position=4
[15:44:06] [S1] optimizer optimizer_step=138 learning_rate=0.002 scaler_scale=64.0
[15:44:06] [S1] mini_batch mini_step=83 optimizer_step=138 loss=474.476806640625 top3_accuracy=0.849397599697113 accumulation_position=1
[15:44:07] [S1] mini_batch mini_step=84 optimizer_step=138 loss=424.241455078125 top3_accuracy=0.907608687877655 accumulation_position=2
[15:44:07] [S1] mini_batch mini_step=85 optimizer_step=138 loss=344.4483947753906 top3_accuracy=0.8676470518112183 accumulation_position=3
[15:44:07] [S1] mini_batch mini_step=86 optimizer_step=138 loss=379.9815673828125 top3_accuracy=0.8424657583236694 accumulation_position=4
[15:44:07] [S1] optimizer optimizer_step=139 learning_rate=0.002 scaler_scale=64.0
[15:44:07] [S1] mini_batch mini_step=87 optimizer_step=139 loss=419.5368957519531 top3_accuracy=0.8902077078819275 accumulation_position=1
[15:44:07] [S1] mini_batch mini_step=88 optimizer_step=139 loss=486.1515808105469 top3_accuracy=0.8638743162155151 accumulation_position=2
[15:44:07] [S1] mini_batch mini_step=89 optimizer_step=139 loss=534.3753051757812 top3_accuracy=0.6877323389053345 accumulation_position=3
[15:44:08] [S1] mini_batch mini_step=90 optimizer_step=139 loss=363.53759765625 top3_accuracy=0.9411764740943909 accumulation_position=4
[15:44:08] [S1] optimizer optimizer_step=140 learning_rate=0.002 scaler_scale=64.0
[15:44:08] [S1] mini_batch mini_step=91 optimizer_step=140 loss=530.4374389648438 top3_accuracy=0.8506666421890259 accumulation_position=1
[15:44:08] [S1] mini_batch mini_step=92 optimizer_step=140 loss=424.704833984375 top3_accuracy=0.8945869207382202 accumulation_position=2
[15:44:08] [S1] mini_batch mini_step=93 optimizer_step=140 loss=407.0582580566406 top3_accuracy=0.878125011920929 accumulation_position=3
[15:44:08] [S1] mini_batch mini_step=94 optimizer_step=140 loss=549.361083984375 top3_accuracy=0.8406593203544617 accumulation_position=4
[15:44:08] [S1] optimizer optimizer_step=141 learning_rate=0.002 scaler_scale=64.0
[15:44:08] [S1] mini_batch mini_step=1 optimizer_step=141 loss=345.56085205078125 top3_accuracy=0.8581818342208862 accumulation_position=1
[15:44:09] [S1] mini_batch mini_step=2 optimizer_step=141 loss=324.929443359375 top3_accuracy=0.9314641952514648 accumulation_position=2
[15:44:09] [S1] mini_batch mini_step=3 optimizer_step=141 loss=405.2582092285156 top3_accuracy=0.8700000047683716 accumulation_position=3
[15:44:09] [S1] mini_batch mini_step=4 optimizer_step=141 loss=367.1205139160156 top3_accuracy=0.8566176295280457 accumulation_position=4
[15:44:09] [S1] optimizer optimizer_step=142 learning_rate=0.002 scaler_scale=64.0
[15:44:09] [S1] mini_batch mini_step=5 optimizer_step=142 loss=397.21917724609375 top3_accuracy=0.8687499761581421 accumulation_position=1
[15:44:09] [S1] mini_batch mini_step=6 optimizer_step=142 loss=301.70098876953125 top3_accuracy=0.9552715420722961 accumulation_position=2
[15:44:09] [S1] mini_batch mini_step=7 optimizer_step=142 loss=385.5707702636719 top3_accuracy=0.874193549156189 accumulation_position=3
[15:44:10] [S1] mini_batch mini_step=8 optimizer_step=142 loss=376.87408447265625 top3_accuracy=0.9083094596862793 accumulation_position=4
[15:44:10] [S1] optimizer optimizer_step=143 learning_rate=0.002 scaler_scale=64.0
[15:44:10] [S1] mini_batch mini_step=9 optimizer_step=143 loss=322.3114013671875 top3_accuracy=0.9058441519737244 accumulation_position=1
[15:44:10] [S1] mini_batch mini_step=10 optimizer_step=143 loss=314.7555236816406 top3_accuracy=0.8880308866500854 accumulation_position=2
[15:44:10] [S1] mini_batch mini_step=11 optimizer_step=143 loss=255.8785400390625 top3_accuracy=0.9400749206542969 accumulation_position=3
[15:44:10] [S1] mini_batch mini_step=12 optimizer_step=143 loss=349.5210876464844 top3_accuracy=0.8645833134651184 accumulation_position=4
[15:44:10] [S1] optimizer optimizer_step=144 learning_rate=0.002 scaler_scale=64.0
[15:44:11] [S1] mini_batch mini_step=13 optimizer_step=144 loss=558.9740600585938 top3_accuracy=0.824999988079071 accumulation_position=1
[15:44:11] [S1] mini_batch mini_step=14 optimizer_step=144 loss=466.2225341796875 top3_accuracy=0.8244513869285583 accumulation_position=2
[15:44:11] [S1] mini_batch mini_step=15 optimizer_step=144 loss=446.9314880371094 top3_accuracy=0.9203746914863586 accumulation_position=3
[15:44:11] [S1] mini_batch mini_step=16 optimizer_step=144 loss=452.5170593261719 top3_accuracy=0.8289473652839661 accumulation_position=4
[15:44:11] [S1] optimizer optimizer_step=145 learning_rate=0.002 scaler_scale=64.0
[15:44:11] [S1] mini_batch mini_step=17 optimizer_step=145 loss=347.466796875 top3_accuracy=0.9298780560493469 accumulation_position=1
[15:44:11] [S1] mini_batch mini_step=18 optimizer_step=145 loss=428.72723388671875 top3_accuracy=0.8597561120986938 accumulation_position=2
[15:44:11] [S1] mini_batch mini_step=19 optimizer_step=145 loss=456.8627014160156 top3_accuracy=0.8591549396514893 accumulation_position=3
[15:44:12] [S1] mini_batch mini_step=20 optimizer_step=145 loss=313.57073974609375 top3_accuracy=0.9115384817123413 accumulation_position=4
[15:44:12] [S1] optimizer optimizer_step=146 learning_rate=0.002 scaler_scale=64.0
[15:44:12] [S1] mini_batch mini_step=21 optimizer_step=146 loss=402.3691101074219 top3_accuracy=0.9100257158279419 accumulation_position=1
[15:44:12] [S1] mini_batch mini_step=22 optimizer_step=146 loss=379.7283020019531 top3_accuracy=0.8776758313179016 accumulation_position=2
[15:44:12] [S1] mini_batch mini_step=23 optimizer_step=146 loss=329.6942138671875 top3_accuracy=0.9304347634315491 accumulation_position=3
[15:44:12] [S1] mini_batch mini_step=24 optimizer_step=146 loss=549.4151000976562 top3_accuracy=0.8606964945793152 accumulation_position=4
[15:44:12] [S1] optimizer optimizer_step=147 learning_rate=0.002 scaler_scale=64.0
[15:44:13] [S1] mini_batch mini_step=25 optimizer_step=147 loss=413.1434020996094 top3_accuracy=0.90055251121521 accumulation_position=1
[15:44:13] [S1] mini_batch mini_step=26 optimizer_step=147 loss=289.1646423339844 top3_accuracy=0.8829787373542786 accumulation_position=2
[15:44:13] [S1] mini_batch mini_step=27 optimizer_step=147 loss=397.37091064453125 top3_accuracy=0.8842975497245789 accumulation_position=3
[15:44:13] [S1] mini_batch mini_step=28 optimizer_step=147 loss=359.1457214355469 top3_accuracy=0.84765625 accumulation_position=4
[15:44:13] [S1] optimizer optimizer_step=148 learning_rate=0.002 scaler_scale=64.0
[15:44:13] [S1] mini_batch mini_step=29 optimizer_step=148 loss=332.497802734375 top3_accuracy=0.8965517282485962 accumulation_position=1
[15:44:13] [S1] mini_batch mini_step=30 optimizer_step=148 loss=521.5039672851562 top3_accuracy=0.8102409839630127 accumulation_position=2
[15:44:14] [S1] mini_batch mini_step=31 optimizer_step=148 loss=398.1495666503906 top3_accuracy=0.8659793734550476 accumulation_position=3
[15:44:14] [S1] mini_batch mini_step=32 optimizer_step=148 loss=386.7137756347656 top3_accuracy=0.9219653010368347 accumulation_position=4
[15:44:14] [S1] optimizer optimizer_step=149 learning_rate=0.002 scaler_scale=64.0
[15:44:14] [S1] mini_batch mini_step=33 optimizer_step=149 loss=303.4476318359375 top3_accuracy=0.9294871687889099 accumulation_position=1
[15:44:14] [S1] mini_batch mini_step=34 optimizer_step=149 loss=329.01275634765625 top3_accuracy=0.9415384531021118 accumulation_position=2
[15:44:14] [S1] mini_batch mini_step=35 optimizer_step=149 loss=448.8980712890625 top3_accuracy=0.8507462739944458 accumulation_position=3
[15:44:14] [S1] mini_batch mini_step=36 optimizer_step=149 loss=348.14154052734375 top3_accuracy=0.882539689540863 accumulation_position=4
[15:44:14] [S1] optimizer optimizer_step=150 learning_rate=0.002 scaler_scale=64.0
[15:44:15] [S1] mini_batch mini_step=37 optimizer_step=150 loss=387.28662109375 top3_accuracy=0.9115281701087952 accumulation_position=1
[15:44:15] [S1] mini_batch mini_step=38 optimizer_step=150 loss=378.286865234375 top3_accuracy=0.9441747665405273 accumulation_position=2
[15:44:15] [S1] mini_batch mini_step=39 optimizer_step=150 loss=325.95721435546875 top3_accuracy=0.9447852969169617 accumulation_position=3
[15:44:15] [S1] mini_batch mini_step=40 optimizer_step=150 loss=389.4451904296875 top3_accuracy=0.9021739363670349 accumulation_position=4
[15:44:15] [S1] optimizer optimizer_step=151 learning_rate=0.002 scaler_scale=64.0
[15:44:15] [S1] mini_batch mini_step=41 optimizer_step=151 loss=337.74078369140625 top3_accuracy=0.8381742835044861 accumulation_position=1
[15:44:15] [S1] mini_batch mini_step=42 optimizer_step=151 loss=259.58380126953125 top3_accuracy=0.9534050226211548 accumulation_position=2
[15:44:16] [S1] mini_batch mini_step=43 optimizer_step=151 loss=381.0869140625 top3_accuracy=0.8351648449897766 accumulation_position=3
[15:44:16] [S1] mini_batch mini_step=44 optimizer_step=151 loss=266.4350891113281 top3_accuracy=0.951127827167511 accumulation_position=4
[15:44:16] [S1] optimizer optimizer_step=152 learning_rate=0.002 scaler_scale=64.0
[15:44:16] [S1] mini_batch mini_step=45 optimizer_step=152 loss=303.3464050292969 top3_accuracy=0.9285714030265808 accumulation_position=1
[15:44:16] [S1] mini_batch mini_step=46 optimizer_step=152 loss=542.1622314453125 top3_accuracy=0.8753117322921753 accumulation_position=2
[15:44:16] [S1] mini_batch mini_step=47 optimizer_step=152 loss=344.56854248046875 top3_accuracy=0.9342560768127441 accumulation_position=3
[15:44:16] [S1] mini_batch mini_step=48 optimizer_step=152 loss=241.12356567382812 top3_accuracy=0.9357143044471741 accumulation_position=4
[15:44:16] [S1] optimizer optimizer_step=153 learning_rate=0.002 scaler_scale=64.0
[15:44:17] [S1] mini_batch mini_step=49 optimizer_step=153 loss=290.4133605957031 top3_accuracy=0.9067164063453674 accumulation_position=1
[15:44:17] [S1] mini_batch mini_step=50 optimizer_step=153 loss=325.52545166015625 top3_accuracy=0.9068965315818787 accumulation_position=2
[15:44:17] [S1] mini_batch mini_step=51 optimizer_step=153 loss=341.3384704589844 top3_accuracy=0.9432432651519775 accumulation_position=3
[15:44:17] [S1] mini_batch mini_step=52 optimizer_step=153 loss=327.9093017578125 top3_accuracy=0.9237805008888245 accumulation_position=4
[15:44:17] [S1] optimizer optimizer_step=154 learning_rate=0.002 scaler_scale=64.0
[15:44:17] [S1] mini_batch mini_step=53 optimizer_step=154 loss=579.0881958007812 top3_accuracy=0.7970149517059326 accumulation_position=1
[15:44:17] [S1] mini_batch mini_step=54 optimizer_step=154 loss=449.26397705078125 top3_accuracy=0.8831169009208679 accumulation_position=2
[15:44:18] [S1] mini_batch mini_step=55 optimizer_step=154 loss=463.95379638671875 top3_accuracy=0.8328076004981995 accumulation_position=3
[15:44:18] [S1] mini_batch mini_step=56 optimizer_step=154 loss=356.638427734375 top3_accuracy=0.8927444815635681 accumulation_position=4
[15:44:18] [S1] optimizer optimizer_step=155 learning_rate=0.002 scaler_scale=64.0
[15:44:18] [S1] mini_batch mini_step=57 optimizer_step=155 loss=338.3172302246094 top3_accuracy=0.8797250986099243 accumulation_position=1
[15:44:18] [S1] mini_batch mini_step=58 optimizer_step=155 loss=354.36126708984375 top3_accuracy=0.8816794157028198 accumulation_position=2
[15:44:18] [S1] mini_batch mini_step=59 optimizer_step=155 loss=283.02984619140625 top3_accuracy=0.898876428604126 accumulation_position=3
[15:44:18] [S1] mini_batch mini_step=60 optimizer_step=155 loss=373.749755859375 top3_accuracy=0.8960244655609131 accumulation_position=4
[15:44:18] [S1] optimizer optimizer_step=156 learning_rate=0.002 scaler_scale=64.0
[15:44:19] [S1] mini_batch mini_step=61 optimizer_step=156 loss=472.98541259765625 top3_accuracy=0.817241370677948 accumulation_position=1
[15:44:19] [S1] mini_batch mini_step=62 optimizer_step=156 loss=334.5799255371094 top3_accuracy=0.8819188475608826 accumulation_position=2
[15:44:19] [S1] mini_batch mini_step=63 optimizer_step=156 loss=277.7673034667969 top3_accuracy=0.8739495873451233 accumulation_position=3
[15:44:19] [S1] mini_batch mini_step=64 optimizer_step=156 loss=364.622802734375 top3_accuracy=0.9319371581077576 accumulation_position=4
[15:44:19] [S1] optimizer optimizer_step=157 learning_rate=0.002 scaler_scale=64.0
[15:44:19] [S1] mini_batch mini_step=65 optimizer_step=157 loss=348.7460632324219 top3_accuracy=0.9232876896858215 accumulation_position=1
[15:44:19] [S1] mini_batch mini_step=66 optimizer_step=157 loss=352.3831481933594 top3_accuracy=0.9287749528884888 accumulation_position=2
[15:44:20] [S1] mini_batch mini_step=67 optimizer_step=157 loss=423.76385498046875 top3_accuracy=0.8983050584793091 accumulation_position=3
[15:44:20] [S1] mini_batch mini_step=68 optimizer_step=157 loss=344.7728271484375 top3_accuracy=0.8923611044883728 accumulation_position=4
[15:44:20] [S1] optimizer optimizer_step=158 learning_rate=0.002 scaler_scale=64.0
[15:44:20] [S1] mini_batch mini_step=69 optimizer_step=158 loss=306.4449462890625 top3_accuracy=0.949404776096344 accumulation_position=1
[15:44:20] [S1] mini_batch mini_step=70 optimizer_step=158 loss=269.46563720703125 top3_accuracy=0.9480968713760376 accumulation_position=2
[15:44:20] [S1] mini_batch mini_step=71 optimizer_step=158 loss=324.72369384765625 top3_accuracy=0.8727272748947144 accumulation_position=3
[15:44:20] [S1] mini_batch mini_step=72 optimizer_step=158 loss=376.6722106933594 top3_accuracy=0.9271708726882935 accumulation_position=4
[15:44:21] [S1] optimizer optimizer_step=159 learning_rate=0.002 scaler_scale=64.0
[15:44:21] [S1] mini_batch mini_step=73 optimizer_step=159 loss=269.63818359375 top3_accuracy=0.9038461446762085 accumulation_position=1
[15:44:21] [S1] mini_batch mini_step=74 optimizer_step=159 loss=268.72955322265625 top3_accuracy=0.9160305261611938 accumulation_position=2
[15:44:21] [S1] mini_batch mini_step=75 optimizer_step=159 loss=317.91943359375 top3_accuracy=0.856589138507843 accumulation_position=3
[15:44:21] [S1] mini_batch mini_step=76 optimizer_step=159 loss=329.442626953125 top3_accuracy=0.9163879752159119 accumulation_position=4
[15:44:21] [S1] optimizer optimizer_step=160 learning_rate=0.002 scaler_scale=64.0
[15:44:21] [S1] mini_batch mini_step=77 optimizer_step=160 loss=467.2088623046875 top3_accuracy=0.9134615659713745 accumulation_position=1
[15:44:22] [S1] mini_batch mini_step=78 optimizer_step=160 loss=286.92095947265625 top3_accuracy=0.9314641952514648 accumulation_position=2
[15:44:22] [S1] mini_batch mini_step=79 optimizer_step=160 loss=490.89874267578125 top3_accuracy=0.85014408826828 accumulation_position=3
[15:44:22] [S1] mini_batch mini_step=80 optimizer_step=160 loss=293.2255859375 top3_accuracy=0.8780487775802612 accumulation_position=4
[15:44:22] [S1] optimizer optimizer_step=161 learning_rate=0.002 scaler_scale=64.0
[15:44:22] [S1] mini_batch mini_step=81 optimizer_step=161 loss=427.186279296875 top3_accuracy=0.8702702522277832 accumulation_position=1
[15:44:22] [S1] mini_batch mini_step=82 optimizer_step=161 loss=353.5832214355469 top3_accuracy=0.8713235259056091 accumulation_position=2
[15:44:22] [S1] mini_batch mini_step=83 optimizer_step=161 loss=455.3777160644531 top3_accuracy=0.8107143044471741 accumulation_position=3
[15:44:22] [S1] mini_batch mini_step=84 optimizer_step=161 loss=335.11041259765625 top3_accuracy=0.9326145648956299 accumulation_position=4
[15:44:23] [S1] optimizer optimizer_step=162 learning_rate=0.002 scaler_scale=64.0
[15:44:23] [S1] mini_batch mini_step=85 optimizer_step=162 loss=441.1932067871094 top3_accuracy=0.8522012829780579 accumulation_position=1
[15:44:23] [S1] mini_batch mini_step=86 optimizer_step=162 loss=328.8909606933594 top3_accuracy=0.8833333253860474 accumulation_position=2
[15:44:23] [S1] mini_batch mini_step=87 optimizer_step=162 loss=317.7008972167969 top3_accuracy=0.898692786693573 accumulation_position=3
[15:44:23] [S1] mini_batch mini_step=88 optimizer_step=162 loss=265.94830322265625 top3_accuracy=0.8870967626571655 accumulation_position=4
[15:44:23] [S1] optimizer optimizer_step=163 learning_rate=0.002 scaler_scale=64.0
[15:44:23] [S1] mini_batch mini_step=89 optimizer_step=163 loss=380.61114501953125 top3_accuracy=0.8901734352111816 accumulation_position=1
[15:44:24] [S1] mini_batch mini_step=90 optimizer_step=163 loss=373.3270263671875 top3_accuracy=0.9176136255264282 accumulation_position=2
[15:44:24] [S1] mini_batch mini_step=91 optimizer_step=163 loss=263.51483154296875 top3_accuracy=0.9634551405906677 accumulation_position=3
[15:44:24] [S1] mini_batch mini_step=92 optimizer_step=163 loss=417.8941650390625 top3_accuracy=0.9074550271034241 accumulation_position=4
[15:44:24] [S1] optimizer optimizer_step=164 learning_rate=0.002 scaler_scale=64.0
[15:44:24] [S1] mini_batch mini_step=93 optimizer_step=164 loss=270.48773193359375 top3_accuracy=0.9277108311653137 accumulation_position=1
[15:44:24] [S1] mini_batch mini_step=94 optimizer_step=164 loss=531.095947265625 top3_accuracy=0.804804801940918 accumulation_position=2
[15:44:24] [S1] mini_batch mini_step=1 optimizer_step=164 loss=379.607421875 top3_accuracy=0.9061583280563354 accumulation_position=3
[15:44:25] [S1] mini_batch mini_step=2 optimizer_step=164 loss=242.98062133789062 top3_accuracy=0.9440559148788452 accumulation_position=4
[15:44:25] [S1] optimizer optimizer_step=165 learning_rate=0.002 scaler_scale=64.0
[15:44:25] [S1] mini_batch mini_step=3 optimizer_step=165 loss=320.76971435546875 top3_accuracy=0.9182389974594116 accumulation_position=1
[15:44:25] [S1] mini_batch mini_step=4 optimizer_step=165 loss=264.66864013671875 top3_accuracy=0.9641693830490112 accumulation_position=2
[15:44:25] [S1] mini_batch mini_step=5 optimizer_step=165 loss=526.7430419921875 top3_accuracy=0.8707317113876343 accumulation_position=3
[15:44:25] [S1] mini_batch mini_step=6 optimizer_step=165 loss=319.98883056640625 top3_accuracy=0.9447368383407593 accumulation_position=4
[15:44:25] [S1] optimizer optimizer_step=166 learning_rate=0.002 scaler_scale=64.0
[15:44:25] [S1] mini_batch mini_step=7 optimizer_step=166 loss=291.3399353027344 top3_accuracy=0.9290123581886292 accumulation_position=1
[15:44:26] [S1] mini_batch mini_step=8 optimizer_step=166 loss=274.91546630859375 top3_accuracy=0.9324324131011963 accumulation_position=2
[15:44:26] [S1] mini_batch mini_step=9 optimizer_step=166 loss=234.78378295898438 top3_accuracy=0.9522184133529663 accumulation_position=3
[15:44:26] [S1] mini_batch mini_step=10 optimizer_step=166 loss=313.6036071777344 top3_accuracy=0.9246987700462341 accumulation_position=4
[15:44:26] [S1] optimizer optimizer_step=167 learning_rate=0.002 scaler_scale=64.0
[15:44:26] [S1] mini_batch mini_step=11 optimizer_step=167 loss=295.42706298828125 top3_accuracy=0.97050940990448 accumulation_position=1
[15:44:26] [S1] mini_batch mini_step=12 optimizer_step=167 loss=278.16168212890625 top3_accuracy=0.9421221613883972 accumulation_position=2
[15:44:26] [S1] mini_batch mini_step=13 optimizer_step=167 loss=203.19610595703125 top3_accuracy=0.9618644118309021 accumulation_position=3
[15:44:26] [S1] mini_batch mini_step=14 optimizer_step=167 loss=352.0201416015625 top3_accuracy=0.9193548560142517 accumulation_position=4
[15:44:27] [S1] optimizer optimizer_step=168 learning_rate=0.002 scaler_scale=64.0
[15:44:27] [S1] mini_batch mini_step=15 optimizer_step=168 loss=404.5598449707031 top3_accuracy=0.8527607321739197 accumulation_position=1
[15:44:27] [S1] mini_batch mini_step=16 optimizer_step=168 loss=295.71588134765625 top3_accuracy=0.9387096762657166 accumulation_position=2
[15:44:27] [S1] mini_batch mini_step=17 optimizer_step=168 loss=286.51690673828125 top3_accuracy=0.8888888955116272 accumulation_position=3
[15:44:27] [S1] mini_batch mini_step=18 optimizer_step=168 loss=224.6729736328125 top3_accuracy=0.9764705896377563 accumulation_position=4
[15:44:27] [S1] optimizer optimizer_step=169 learning_rate=0.002 scaler_scale=64.0
[15:44:27] [S1] mini_batch mini_step=19 optimizer_step=169 loss=236.94369506835938 top3_accuracy=0.9434629082679749 accumulation_position=1
[15:44:28] [S1] mini_batch mini_step=20 optimizer_step=169 loss=469.7853698730469 top3_accuracy=0.8857868313789368 accumulation_position=2
[15:44:28] [S1] mini_batch mini_step=21 optimizer_step=169 loss=349.49493408203125 top3_accuracy=0.9058823585510254 accumulation_position=3
[15:44:28] [S1] mini_batch mini_step=22 optimizer_step=169 loss=418.51324462890625 top3_accuracy=0.9119318127632141 accumulation_position=4
[15:44:28] [S1] optimizer optimizer_step=170 learning_rate=0.002 scaler_scale=64.0
[15:44:28] [S1] mini_batch mini_step=23 optimizer_step=170 loss=336.84906005859375 top3_accuracy=0.9487804770469666 accumulation_position=1
[15:44:28] [S1] mini_batch mini_step=24 optimizer_step=170 loss=337.336181640625 top3_accuracy=0.8993902206420898 accumulation_position=2
[15:44:28] [S1] mini_batch mini_step=25 optimizer_step=170 loss=349.609130859375 top3_accuracy=0.9373297095298767 accumulation_position=3
[15:44:29] [S1] mini_batch mini_step=26 optimizer_step=170 loss=282.3192443847656 top3_accuracy=0.9747899174690247 accumulation_position=4
[15:44:29] [S1] optimizer optimizer_step=171 learning_rate=0.002 scaler_scale=64.0
[15:44:29] [S1] mini_batch mini_step=27 optimizer_step=171 loss=229.82261657714844 top3_accuracy=0.9651162624359131 accumulation_position=1
[15:44:29] [S1] mini_batch mini_step=28 optimizer_step=171 loss=278.961669921875 top3_accuracy=0.9345794320106506 accumulation_position=2
[15:44:29] [S1] mini_batch mini_step=29 optimizer_step=171 loss=302.9959716796875 top3_accuracy=0.9476743936538696 accumulation_position=3
[15:44:29] [S1] mini_batch mini_step=30 optimizer_step=171 loss=553.2384033203125 top3_accuracy=0.7870370149612427 accumulation_position=4
[15:44:29] [S1] optimizer optimizer_step=172 learning_rate=0.002 scaler_scale=64.0
[15:44:29] [S1] mini_batch mini_step=31 optimizer_step=172 loss=275.7611083984375 top3_accuracy=0.944767415523529 accumulation_position=1
[15:44:30] [S1] mini_batch mini_step=32 optimizer_step=172 loss=300.0552673339844 top3_accuracy=0.9428571462631226 accumulation_position=2
[15:44:30] [S1] mini_batch mini_step=33 optimizer_step=172 loss=276.2388000488281 top3_accuracy=0.946540892124176 accumulation_position=3
[15:44:30] [S1] mini_batch mini_step=34 optimizer_step=172 loss=339.5006103515625 top3_accuracy=0.9365558624267578 accumulation_position=4
[15:44:30] [S1] optimizer optimizer_step=173 learning_rate=0.002 scaler_scale=64.0
[15:44:30] [S1] mini_batch mini_step=35 optimizer_step=173 loss=237.4503631591797 top3_accuracy=0.9395161271095276 accumulation_position=1
[15:44:30] [S1] mini_batch mini_step=36 optimizer_step=173 loss=290.16375732421875 top3_accuracy=0.9375 accumulation_position=2
[15:44:30] [S1] mini_batch mini_step=37 optimizer_step=173 loss=336.545166015625 top3_accuracy=0.9003115296363831 accumulation_position=3
[15:44:31] [S1] mini_batch mini_step=38 optimizer_step=173 loss=336.74139404296875 top3_accuracy=0.9548872113227844 accumulation_position=4
[15:44:31] [S1] optimizer optimizer_step=174 learning_rate=0.002 scaler_scale=64.0
[15:44:31] [S1] mini_batch mini_step=39 optimizer_step=174 loss=282.089599609375 top3_accuracy=0.9117646813392639 accumulation_position=1
[15:44:31] [S1] mini_batch mini_step=40 optimizer_step=174 loss=261.9974060058594 top3_accuracy=0.9252336621284485 accumulation_position=2
[15:44:31] [S1] mini_batch mini_step=41 optimizer_step=174 loss=289.5746154785156 top3_accuracy=0.8707224130630493 accumulation_position=3
[15:44:31] [S1] mini_batch mini_step=42 optimizer_step=174 loss=326.42022705078125 top3_accuracy=0.9240924119949341 accumulation_position=4
[15:44:31] [S1] optimizer optimizer_step=175 learning_rate=0.002 scaler_scale=64.0
[15:44:31] [S1] mini_batch mini_step=43 optimizer_step=175 loss=293.8133239746094 top3_accuracy=0.935153603553772 accumulation_position=1
[15:44:32] [S1] mini_batch mini_step=44 optimizer_step=175 loss=459.2762451171875 top3_accuracy=0.8283132314682007 accumulation_position=2
[15:44:32] [S1] mini_batch mini_step=45 optimizer_step=175 loss=248.21177673339844 top3_accuracy=0.932659924030304 accumulation_position=3
[15:44:32] [S1] mini_batch mini_step=46 optimizer_step=175 loss=309.51348876953125 top3_accuracy=0.9411764740943909 accumulation_position=4
[15:44:32] [S1] optimizer optimizer_step=176 learning_rate=0.002 scaler_scale=64.0
[15:44:32] [S1] mini_batch mini_step=47 optimizer_step=176 loss=219.3133544921875 top3_accuracy=0.9569892287254333 accumulation_position=1
[15:44:32] [S1] mini_batch mini_step=48 optimizer_step=176 loss=233.1747589111328 top3_accuracy=0.9540635943412781 accumulation_position=2
[15:44:32] [S1] mini_batch mini_step=49 optimizer_step=176 loss=259.0675964355469 top3_accuracy=0.9293680191040039 accumulation_position=3
[15:44:33] [S1] mini_batch mini_step=50 optimizer_step=176 loss=190.4824676513672 top3_accuracy=0.9568965435028076 accumulation_position=4
[15:44:33] [S1] optimizer optimizer_step=177 learning_rate=0.002 scaler_scale=64.0
[15:44:33] [S1] mini_batch mini_step=51 optimizer_step=177 loss=303.6241455078125 top3_accuracy=0.929618775844574 accumulation_position=1
[15:44:33] [S1] mini_batch mini_step=52 optimizer_step=177 loss=267.6859130859375 top3_accuracy=0.9647436141967773 accumulation_position=2
[15:44:33] [S1] mini_batch mini_step=53 optimizer_step=177 loss=249.3646240234375 top3_accuracy=0.9510489702224731 accumulation_position=3
[15:44:33] [S1] mini_batch mini_step=54 optimizer_step=177 loss=302.85003662109375 top3_accuracy=0.9178082346916199 accumulation_position=4
[15:44:33] [S1] optimizer optimizer_step=178 learning_rate=0.002 scaler_scale=64.0
[15:44:34] [S1] mini_batch mini_step=55 optimizer_step=178 loss=236.07208251953125 top3_accuracy=0.9831932783126831 accumulation_position=1
[15:44:34] [S1] mini_batch mini_step=56 optimizer_step=178 loss=328.1468811035156 top3_accuracy=0.9244713187217712 accumulation_position=2
[15:44:34] [S1] mini_batch mini_step=57 optimizer_step=178 loss=322.69244384765625 top3_accuracy=0.9109792113304138 accumulation_position=3
[15:44:34] [S1] mini_batch mini_step=58 optimizer_step=178 loss=280.0127868652344 top3_accuracy=0.9668674468994141 accumulation_position=4
[15:44:34] [S1] optimizer optimizer_step=179 learning_rate=0.002 scaler_scale=64.0
[15:44:34] [S1] mini_batch mini_step=59 optimizer_step=179 loss=268.510009765625 top3_accuracy=0.9548022747039795 accumulation_position=1
[15:44:34] [S1] mini_batch mini_step=60 optimizer_step=179 loss=242.2572479248047 top3_accuracy=0.9647696614265442 accumulation_position=2
[15:44:34] [S1] mini_batch mini_step=61 optimizer_step=179 loss=319.7572021484375 top3_accuracy=0.9040247797966003 accumulation_position=3
[15:44:35] [S1] mini_batch mini_step=62 optimizer_step=179 loss=274.1151123046875 top3_accuracy=0.9552715420722961 accumulation_position=4
[15:44:35] [S1] optimizer optimizer_step=180 learning_rate=0.002 scaler_scale=64.0
[15:44:35] [S1] mini_batch mini_step=63 optimizer_step=180 loss=343.6365661621094 top3_accuracy=0.9020771384239197 accumulation_position=1
[15:44:35] [S1] mini_batch mini_step=64 optimizer_step=180 loss=214.26416015625 top3_accuracy=0.9200000166893005 accumulation_position=2
[15:44:35] [S1] mini_batch mini_step=65 optimizer_step=180 loss=275.0560302734375 top3_accuracy=0.9434523582458496 accumulation_position=3
[15:44:35] [S1] mini_batch mini_step=66 optimizer_step=180 loss=236.37196350097656 top3_accuracy=0.9664429426193237 accumulation_position=4
[15:44:35] [S1] optimizer optimizer_step=181 learning_rate=0.002 scaler_scale=64.0
[15:44:35] [S1] mini_batch mini_step=67 optimizer_step=181 loss=221.88848876953125 top3_accuracy=0.9566666483879089 accumulation_position=1
[15:44:36] [S1] mini_batch mini_step=68 optimizer_step=181 loss=289.31829833984375 top3_accuracy=0.931271493434906 accumulation_position=2
[15:44:36] [S1] mini_batch mini_step=69 optimizer_step=181 loss=220.17514038085938 top3_accuracy=0.9689655303955078 accumulation_position=3
[15:44:36] [S1] mini_batch mini_step=70 optimizer_step=181 loss=205.77752685546875 top3_accuracy=0.9314516186714172 accumulation_position=4
[15:44:36] [S1] optimizer optimizer_step=182 learning_rate=0.002 scaler_scale=64.0
[15:44:36] [S1] mini_batch mini_step=71 optimizer_step=182 loss=279.28387451171875 top3_accuracy=0.9290540814399719 accumulation_position=1
[15:44:36] [S1] mini_batch mini_step=72 optimizer_step=182 loss=242.46029663085938 top3_accuracy=0.9801980257034302 accumulation_position=2
[15:44:37] [S1] mini_batch mini_step=73 optimizer_step=182 loss=381.00531005859375 top3_accuracy=0.9242424368858337 accumulation_position=3
[15:44:37] [S1] mini_batch mini_step=74 optimizer_step=182 loss=294.57781982421875 top3_accuracy=0.9488636255264282 accumulation_position=4
[15:44:37] [S1] optimizer optimizer_step=183 learning_rate=0.002 scaler_scale=64.0
[15:44:37] [S1] mini_batch mini_step=75 optimizer_step=183 loss=325.6964416503906 top3_accuracy=0.8710801601409912 accumulation_position=1
[15:44:37] [S1] mini_batch mini_step=76 optimizer_step=183 loss=304.47137451171875 top3_accuracy=0.9329073429107666 accumulation_position=2
[15:44:37] [S1] mini_batch mini_step=77 optimizer_step=183 loss=367.4349365234375 top3_accuracy=0.8690909147262573 accumulation_position=3
[15:44:37] [S1] mini_batch mini_step=78 optimizer_step=183 loss=195.99049377441406 top3_accuracy=0.9610894918441772 accumulation_position=4
[15:44:37] [S1] optimizer optimizer_step=184 learning_rate=0.002 scaler_scale=64.0
[15:44:38] [S1] mini_batch mini_step=79 optimizer_step=184 loss=424.9111633300781 top3_accuracy=0.8888888955116272 accumulation_position=1
[15:44:38] [S1] mini_batch mini_step=80 optimizer_step=184 loss=243.88504028320312 top3_accuracy=0.9470587968826294 accumulation_position=2
[15:44:38] [S1] mini_batch mini_step=81 optimizer_step=184 loss=208.11517333984375 top3_accuracy=0.9419087171554565 accumulation_position=3
[15:44:38] [S1] mini_batch mini_step=82 optimizer_step=184 loss=225.94720458984375 top3_accuracy=0.9683544039726257 accumulation_position=4
[15:44:38] [S1] optimizer optimizer_step=185 learning_rate=0.002 scaler_scale=64.0
[15:44:38] [S1] mini_batch mini_step=83 optimizer_step=185 loss=279.8080139160156 top3_accuracy=0.929411768913269 accumulation_position=1
[15:44:38] [S1] mini_batch mini_step=84 optimizer_step=185 loss=291.8826599121094 top3_accuracy=0.9537274837493896 accumulation_position=2
[15:44:39] [S1] mini_batch mini_step=85 optimizer_step=185 loss=294.0423583984375 top3_accuracy=0.9390243887901306 accumulation_position=3
[15:44:39] [S1] mini_batch mini_step=86 optimizer_step=185 loss=182.2258758544922 top3_accuracy=0.9834983348846436 accumulation_position=4
[15:44:39] [S1] optimizer optimizer_step=186 learning_rate=0.002 scaler_scale=64.0
[15:44:39] [S1] mini_batch mini_step=87 optimizer_step=186 loss=243.17832946777344 top3_accuracy=0.9492063522338867 accumulation_position=1
[15:44:39] [S1] mini_batch mini_step=88 optimizer_step=186 loss=365.79779052734375 top3_accuracy=0.8695651888847351 accumulation_position=2
[15:44:39] [S1] mini_batch mini_step=89 optimizer_step=186 loss=230.15753173828125 top3_accuracy=0.9343629479408264 accumulation_position=3
[15:44:39] [S1] mini_batch mini_step=90 optimizer_step=186 loss=275.3367004394531 top3_accuracy=0.9368420839309692 accumulation_position=4
[15:44:39] [S1] optimizer optimizer_step=187 learning_rate=0.002 scaler_scale=64.0
[15:44:40] [S1] mini_batch mini_step=91 optimizer_step=187 loss=311.2789306640625 top3_accuracy=0.9297752976417542 accumulation_position=1
[15:44:40] [S1] mini_batch mini_step=92 optimizer_step=187 loss=289.95135498046875 top3_accuracy=0.9535518884658813 accumulation_position=2
[15:44:40] [S1] mini_batch mini_step=93 optimizer_step=187 loss=260.7697448730469 top3_accuracy=0.9379084706306458 accumulation_position=3
[15:44:40] [S1] mini_batch mini_step=94 optimizer_step=187 loss=191.6893768310547 top3_accuracy=0.9596773982048035 accumulation_position=4
[15:44:40] [S1] optimizer optimizer_step=188 learning_rate=0.002 scaler_scale=64.0
[15:44:40] [S1] mini_batch mini_step=1 optimizer_step=188 loss=268.80322265625 top3_accuracy=0.9333333373069763 accumulation_position=1
[15:44:40] [S1] mini_batch mini_step=2 optimizer_step=188 loss=179.44766235351562 top3_accuracy=0.9706840515136719 accumulation_position=2
[15:44:41] [S1] mini_batch mini_step=3 optimizer_step=188 loss=320.83843994140625 top3_accuracy=0.9424083828926086 accumulation_position=3
[15:44:41] [S1] mini_batch mini_step=4 optimizer_step=188 loss=185.04501342773438 top3_accuracy=0.9887640476226807 accumulation_position=4
[15:44:41] [S1] optimizer optimizer_step=189 learning_rate=0.002 scaler_scale=64.0
[15:44:41] [S1] mini_batch mini_step=5 optimizer_step=189 loss=216.2498779296875 top3_accuracy=0.956250011920929 accumulation_position=1
[15:44:41] [S1] mini_batch mini_step=6 optimizer_step=189 loss=218.296630859375 top3_accuracy=0.9604316353797913 accumulation_position=2
[15:44:41] [S1] mini_batch mini_step=7 optimizer_step=189 loss=230.10009765625 top3_accuracy=0.9723756909370422 accumulation_position=3
[15:44:41] [S1] mini_batch mini_step=8 optimizer_step=189 loss=520.7196044921875 top3_accuracy=0.8783783912658691 accumulation_position=4
[15:44:41] [S1] optimizer optimizer_step=190 learning_rate=0.002 scaler_scale=64.0
[15:44:42] [S1] mini_batch mini_step=9 optimizer_step=190 loss=195.6661376953125 top3_accuracy=0.9866220951080322 accumulation_position=1
[15:44:42] [S1] mini_batch mini_step=10 optimizer_step=190 loss=392.774169921875 top3_accuracy=0.9012987017631531 accumulation_position=2
[15:44:42] [S1] mini_batch mini_step=11 optimizer_step=190 loss=189.14039611816406 top3_accuracy=0.97265625 accumulation_position=3
[15:44:42] [S1] mini_batch mini_step=12 optimizer_step=190 loss=359.5574035644531 top3_accuracy=0.9200000166893005 accumulation_position=4
[15:44:42] [S1] optimizer optimizer_step=191 learning_rate=0.002 scaler_scale=64.0
[15:44:42] [S1] mini_batch mini_step=13 optimizer_step=191 loss=248.54408264160156 top3_accuracy=0.9518518447875977 accumulation_position=1
[15:44:42] [S1] mini_batch mini_step=14 optimizer_step=191 loss=170.010986328125 top3_accuracy=0.9698113203048706 accumulation_position=2
[15:44:43] [S1] mini_batch mini_step=15 optimizer_step=191 loss=233.7158203125 top3_accuracy=0.9539473652839661 accumulation_position=3
[15:44:43] [S1] mini_batch mini_step=16 optimizer_step=191 loss=144.75039672851562 top3_accuracy=0.9740259647369385 accumulation_position=4
[15:44:43] [S1] optimizer optimizer_step=192 learning_rate=0.002 scaler_scale=64.0
[15:44:43] [S1] mini_batch mini_step=17 optimizer_step=192 loss=351.96710205078125 top3_accuracy=0.9098591804504395 accumulation_position=1
[15:44:43] [S1] mini_batch mini_step=18 optimizer_step=192 loss=287.160400390625 top3_accuracy=0.9197324514389038 accumulation_position=2
[15:44:43] [S1] mini_batch mini_step=19 optimizer_step=192 loss=319.0999755859375 top3_accuracy=0.9219653010368347 accumulation_position=3
[15:44:44] [S1] mini_batch mini_step=20 optimizer_step=192 loss=180.28250122070312 top3_accuracy=0.9641434550285339 accumulation_position=4
[15:44:44] [S1] optimizer optimizer_step=193 learning_rate=0.002 scaler_scale=64.0
[15:44:44] [S1] mini_batch mini_step=21 optimizer_step=193 loss=413.3887939453125 top3_accuracy=0.8796791434288025 accumulation_position=1
[15:44:44] [S1] mini_batch mini_step=22 optimizer_step=193 loss=237.4242401123047 top3_accuracy=0.9435216188430786 accumulation_position=2
[15:44:44] [S1] mini_batch mini_step=23 optimizer_step=193 loss=184.4466552734375 top3_accuracy=0.9776951670646667 accumulation_position=3
[15:44:44] [S1] mini_batch mini_step=24 optimizer_step=193 loss=212.7357177734375 top3_accuracy=0.9848484992980957 accumulation_position=4
[15:44:44] [S1] optimizer optimizer_step=194 learning_rate=0.002 scaler_scale=64.0
[15:44:44] [S1] mini_batch mini_step=25 optimizer_step=194 loss=184.79188537597656 top3_accuracy=0.9721361994743347 accumulation_position=1
[15:44:45] [S1] mini_batch mini_step=26 optimizer_step=194 loss=260.5604248046875 top3_accuracy=0.931034505367279 accumulation_position=2
[15:44:45] [S1] mini_batch mini_step=27 optimizer_step=194 loss=218.28533935546875 top3_accuracy=0.9460580945014954 accumulation_position=3
[15:44:45] [S1] mini_batch mini_step=28 optimizer_step=194 loss=219.3655242919922 top3_accuracy=0.982807993888855 accumulation_position=4
[15:44:45] [S1] optimizer optimizer_step=195 learning_rate=0.002 scaler_scale=64.0
[15:44:45] [S1] mini_batch mini_step=29 optimizer_step=195 loss=197.69110107421875 top3_accuracy=0.9442231059074402 accumulation_position=1
[15:44:45] [S1] mini_batch mini_step=30 optimizer_step=195 loss=174.70889282226562 top3_accuracy=0.9903537034988403 accumulation_position=2
[15:44:45] [S1] mini_batch mini_step=31 optimizer_step=195 loss=349.61480712890625 top3_accuracy=0.9021406769752502 accumulation_position=3
[15:44:46] [S1] mini_batch mini_step=32 optimizer_step=195 loss=164.00833129882812 top3_accuracy=0.9682539701461792 accumulation_position=4
[15:44:46] [S1] optimizer optimizer_step=196 learning_rate=0.002 scaler_scale=64.0
[15:44:46] [S1] mini_batch mini_step=33 optimizer_step=196 loss=289.139892578125 top3_accuracy=0.9752475023269653 accumulation_position=1
[15:44:46] [S1] mini_batch mini_step=34 optimizer_step=196 loss=209.63174438476562 top3_accuracy=0.9766666889190674 accumulation_position=2
[15:44:46] [S1] mini_batch mini_step=35 optimizer_step=196 loss=240.45101928710938 top3_accuracy=0.9389830231666565 accumulation_position=3
[15:44:46] [S1] mini_batch mini_step=36 optimizer_step=196 loss=275.2423095703125 top3_accuracy=0.9545454382896423 accumulation_position=4
[15:44:46] [S1] optimizer optimizer_step=197 learning_rate=0.002 scaler_scale=64.0
[15:44:47] [S1] mini_batch mini_step=37 optimizer_step=197 loss=212.70230102539062 top3_accuracy=0.9617646932601929 accumulation_position=1
[15:44:47] [S1] mini_batch mini_step=38 optimizer_step=197 loss=221.04478454589844 top3_accuracy=0.9418604373931885 accumulation_position=2
[15:44:47] [S1] mini_batch mini_step=39 optimizer_step=197 loss=184.40733337402344 top3_accuracy=0.9847328066825867 accumulation_position=3
[15:44:47] [S1] mini_batch mini_step=40 optimizer_step=197 loss=200.063720703125 top3_accuracy=0.9298245906829834 accumulation_position=4
[15:44:47] [S1] optimizer optimizer_step=198 learning_rate=0.002 scaler_scale=64.0
[15:44:47] [S1] mini_batch mini_step=41 optimizer_step=198 loss=214.05242919921875 top3_accuracy=0.9706840515136719 accumulation_position=1
[15:44:48] [S1] mini_batch mini_step=42 optimizer_step=198 loss=205.47113037109375 top3_accuracy=0.9604316353797913 accumulation_position=2
[15:44:48] [S1] mini_batch mini_step=43 optimizer_step=198 loss=372.35107421875 top3_accuracy=0.9020618796348572 accumulation_position=3
[15:44:48] [S1] mini_batch mini_step=44 optimizer_step=198 loss=195.70608520507812 top3_accuracy=0.9523809552192688 accumulation_position=4
[15:44:48] [S1] optimizer optimizer_step=199 learning_rate=0.002 scaler_scale=64.0
[15:44:48] [S1] mini_batch mini_step=45 optimizer_step=199 loss=199.37106323242188 top3_accuracy=0.9856321811676025 accumulation_position=1
[15:44:48] [S1] mini_batch mini_step=46 optimizer_step=199 loss=214.73687744140625 top3_accuracy=0.965299665927887 accumulation_position=2
[15:44:48] [S1] mini_batch mini_step=47 optimizer_step=199 loss=409.8936462402344 top3_accuracy=0.9079284071922302 accumulation_position=3
[15:44:49] [S1] mini_batch mini_step=48 optimizer_step=199 loss=175.19085693359375 top3_accuracy=0.9813084006309509 accumulation_position=4
[15:44:49] [S1] optimizer optimizer_step=200 learning_rate=0.002 scaler_scale=64.0
[15:44:50] [S1] checkpoint optimizer_step=200 path=D:\AI-Training\voice-clone\voice-pipeline\voice-pipeline\runs\Lucy\training\s1\checkpoints\step-00000200.pt
[15:44:50] [S1] mini_batch mini_step=49 optimizer_step=200 loss=231.90472412109375 top3_accuracy=0.9666666388511658 accumulation_position=1
[15:44:50] [S1] mini_batch mini_step=50 optimizer_step=200 loss=218.90798950195312 top3_accuracy=0.9680511355400085 accumulation_position=2
[15:44:50] [S1] mini_batch mini_step=51 optimizer_step=200 loss=180.68658447265625 top3_accuracy=0.9665551781654358 accumulation_position=3
[15:44:50] [S1] mini_batch mini_step=52 optimizer_step=200 loss=220.351806640625 top3_accuracy=0.9181034564971924 accumulation_position=4
[15:44:50] [S1] optimizer optimizer_step=201 learning_rate=0.002 scaler_scale=64.0
[15:44:50] [S1] mini_batch mini_step=53 optimizer_step=201 loss=183.02345275878906 top3_accuracy=0.95686274766922 accumulation_position=1
[15:44:50] [S1] mini_batch mini_step=54 optimizer_step=201 loss=235.9616241455078 top3_accuracy=0.9732620120048523 accumulation_position=2
[15:44:50] [S1] mini_batch mini_step=55 optimizer_step=201 loss=198.96543884277344 top3_accuracy=0.9730769395828247 accumulation_position=3
[15:44:50] [S1] mini_batch mini_step=56 optimizer_step=201 loss=386.13079833984375 top3_accuracy=0.8818681240081787 accumulation_position=4
[15:44:50] [S1] optimizer optimizer_step=202 learning_rate=0.002 scaler_scale=64.0
[15:44:51] [S1] mini_batch mini_step=57 optimizer_step=202 loss=205.763671875 top3_accuracy=0.9792284965515137 accumulation_position=1
[15:44:51] [S1] mini_batch mini_step=58 optimizer_step=202 loss=223.7539520263672 top3_accuracy=0.946360170841217 accumulation_position=2
[15:44:51] [S1] mini_batch mini_step=59 optimizer_step=202 loss=230.3820037841797 top3_accuracy=0.9466666579246521 accumulation_position=3
[15:44:51] [S1] mini_batch mini_step=60 optimizer_step=202 loss=175.07398986816406 top3_accuracy=0.9865319728851318 accumulation_position=4
[15:44:51] [S1] optimizer optimizer_step=203 learning_rate=0.002 scaler_scale=64.0
[15:44:51] [S1] mini_batch mini_step=61 optimizer_step=203 loss=238.61752319335938 top3_accuracy=0.97826087474823 accumulation_position=1
[15:44:51] [S1] mini_batch mini_step=62 optimizer_step=203 loss=159.49758911132812 top3_accuracy=0.983660101890564 accumulation_position=2
[15:44:51] [S1] mini_batch mini_step=63 optimizer_step=203 loss=285.1150817871094 top3_accuracy=0.9452887773513794 accumulation_position=3
[15:44:51] [S1] mini_batch mini_step=64 optimizer_step=203 loss=356.19622802734375 top3_accuracy=0.9538834691047668 accumulation_position=4
[15:44:51] [S1] optimizer optimizer_step=204 learning_rate=0.002 scaler_scale=64.0
[15:44:51] [S1] mini_batch mini_step=65 optimizer_step=204 loss=236.13314819335938 top3_accuracy=0.9557521939277649 accumulation_position=1
[15:44:51] [S1] mini_batch mini_step=66 optimizer_step=204 loss=304.7530517578125 top3_accuracy=0.9203296899795532 accumulation_position=2
[15:44:51] [S1] mini_batch mini_step=67 optimizer_step=204 loss=212.73614501953125 top3_accuracy=0.951127827167511 accumulation_position=3
[15:44:51] [S1] mini_batch mini_step=68 optimizer_step=204 loss=205.74661254882812 top3_accuracy=0.9853801131248474 accumulation_position=4
[15:44:51] [S1] optimizer optimizer_step=205 learning_rate=0.002 scaler_scale=64.0
[15:44:52] [S1] mini_batch mini_step=69 optimizer_step=205 loss=154.61279296875 top3_accuracy=0.9738805890083313 accumulation_position=1
[15:44:52] [S1] mini_batch mini_step=70 optimizer_step=205 loss=254.11111450195312 top3_accuracy=0.9564102292060852 accumulation_position=2
[15:44:52] [S1] mini_batch mini_step=71 optimizer_step=205 loss=182.28436279296875 top3_accuracy=0.9653846025466919 accumulation_position=3
[15:44:52] [S1] mini_batch mini_step=72 optimizer_step=205 loss=183.60354614257812 top3_accuracy=0.9686411023139954 accumulation_position=4
[15:44:52] [S1] optimizer optimizer_step=206 learning_rate=0.002 scaler_scale=64.0
[15:44:52] [S1] mini_batch mini_step=73 optimizer_step=206 loss=306.15960693359375 top3_accuracy=0.9230769276618958 accumulation_position=1
[15:44:52] [S1] mini_batch mini_step=74 optimizer_step=206 loss=301.9656982421875 top3_accuracy=0.93388432264328 accumulation_position=2
[15:44:52] [S1] mini_batch mini_step=75 optimizer_step=206 loss=252.3635711669922 top3_accuracy=0.9429348111152649 accumulation_position=3
[15:44:52] [S1] mini_batch mini_step=76 optimizer_step=206 loss=215.27792358398438 top3_accuracy=0.9607843160629272 accumulation_position=4
[15:44:52] [S1] optimizer optimizer_step=207 learning_rate=0.002 scaler_scale=64.0
[15:44:52] [S1] mini_batch mini_step=77 optimizer_step=207 loss=136.21087646484375 top3_accuracy=1.0 accumulation_position=1
[15:44:52] [S1] mini_batch mini_step=78 optimizer_step=207 loss=192.052001953125 top3_accuracy=0.9623287916183472 accumulation_position=2
[15:44:52] [S1] mini_batch mini_step=79 optimizer_step=207 loss=436.97637939453125 top3_accuracy=0.8791208863258362 accumulation_position=3
[15:44:52] [S1] mini_batch mini_step=80 optimizer_step=207 loss=211.53457641601562 top3_accuracy=0.9543726444244385 accumulation_position=4
[15:44:52] [S1] optimizer optimizer_step=208 learning_rate=0.002 scaler_scale=64.0
[15:44:52] [S1] mini_batch mini_step=81 optimizer_step=208 loss=233.16207885742188 top3_accuracy=0.9685039520263672 accumulation_position=1
[15:44:53] [S1] mini_batch mini_step=82 optimizer_step=208 loss=213.62655639648438 top3_accuracy=0.9758307933807373 accumulation_position=2
[15:44:53] [S1] mini_batch mini_step=83 optimizer_step=208 loss=198.80685424804688 top3_accuracy=0.9576547145843506 accumulation_position=3
[15:44:53] [S1] mini_batch mini_step=84 optimizer_step=208 loss=323.59722900390625 top3_accuracy=0.8586956262588501 accumulation_position=4
[15:44:53] [S1] optimizer optimizer_step=209 learning_rate=0.002 scaler_scale=64.0
[15:44:53] [S1] mini_batch mini_step=85 optimizer_step=209 loss=227.02903747558594 top3_accuracy=0.9424242377281189 accumulation_position=1
[15:44:53] [S1] mini_batch mini_step=86 optimizer_step=209 loss=222.94802856445312 top3_accuracy=0.9545454382896423 accumulation_position=2
[15:44:53] [S1] mini_batch mini_step=87 optimizer_step=209 loss=174.57467651367188 top3_accuracy=0.9801980257034302 accumulation_position=3
[15:44:53] [S1] mini_batch mini_step=88 optimizer_step=209 loss=337.01953125 top3_accuracy=0.9390243887901306 accumulation_position=4
[15:44:53] [S1] optimizer optimizer_step=210 learning_rate=0.002 scaler_scale=64.0
[15:44:53] [S1] mini_batch mini_step=89 optimizer_step=210 loss=289.0735778808594 top3_accuracy=0.9287925958633423 accumulation_position=1
[15:44:53] [S1] mini_batch mini_step=90 optimizer_step=210 loss=177.24688720703125 top3_accuracy=0.9518072009086609 accumulation_position=2
[15:44:54] [S1] mini_batch mini_step=91 optimizer_step=210 loss=177.67770385742188 top3_accuracy=0.9696969985961914 accumulation_position=3
[15:44:54] [S1] mini_batch mini_step=92 optimizer_step=210 loss=384.4405822753906 top3_accuracy=0.8742856979370117 accumulation_position=4
[15:44:54] [S1] optimizer optimizer_step=211 learning_rate=0.002 scaler_scale=64.0
[15:44:54] [S1] mini_batch mini_step=93 optimizer_step=211 loss=186.4639129638672 top3_accuracy=0.9882698059082031 accumulation_position=1
[15:44:54] [S1] mini_batch mini_step=94 optimizer_step=211 loss=188.40284729003906 top3_accuracy=0.977419376373291 accumulation_position=2
[15:44:54] [S1] mini_batch mini_step=1 optimizer_step=211 loss=220.91427612304688 top3_accuracy=0.9558359384536743 accumulation_position=3
[15:44:54] [S1] mini_batch mini_step=2 optimizer_step=211 loss=239.64402770996094 top3_accuracy=0.9364162087440491 accumulation_position=4
[15:44:54] [S1] optimizer optimizer_step=212 learning_rate=0.002 scaler_scale=64.0
[15:44:55] [S1] mini_batch mini_step=3 optimizer_step=212 loss=230.24951171875 top3_accuracy=0.9633802771568298 accumulation_position=1
[15:44:55] [S1] mini_batch mini_step=4 optimizer_step=212 loss=219.42318725585938 top3_accuracy=0.9690141081809998 accumulation_position=2
[15:44:55] [S1] mini_batch mini_step=5 optimizer_step=212 loss=198.97915649414062 top3_accuracy=0.9553903341293335 accumulation_position=3
[15:44:55] [S1] mini_batch mini_step=6 optimizer_step=212 loss=295.57318115234375 top3_accuracy=0.9659090638160706 accumulation_position=4
[15:44:55] [S1] optimizer optimizer_step=213 learning_rate=0.002 scaler_scale=64.0
[15:44:55] [S1] mini_batch mini_step=7 optimizer_step=213 loss=139.01434326171875 top3_accuracy=0.9927797913551331 accumulation_position=1
[15:44:55] [S1] mini_batch mini_step=8 optimizer_step=213 loss=179.4213409423828 top3_accuracy=0.9279661178588867 accumulation_position=2
[15:44:55] [S1] mini_batch mini_step=9 optimizer_step=213 loss=175.28038024902344 top3_accuracy=0.9800000190734863 accumulation_position=3
[15:44:56] [S1] mini_batch mini_step=10 optimizer_step=213 loss=347.00164794921875 top3_accuracy=0.9474835991859436 accumulation_position=4
[15:44:56] [S1] optimizer optimizer_step=214 learning_rate=0.002 scaler_scale=64.0
[15:44:56] [S1] mini_batch mini_step=11 optimizer_step=214 loss=137.49075317382812 top3_accuracy=0.9736841917037964 accumulation_position=1
[15:44:56] [S1] mini_batch mini_step=12 optimizer_step=214 loss=185.46023559570312 top3_accuracy=0.9743589758872986 accumulation_position=2
[15:44:56] [S1] mini_batch mini_step=13 optimizer_step=214 loss=151.9637451171875 top3_accuracy=0.9727626442909241 accumulation_position=3
[15:44:56] [S1] mini_batch mini_step=14 optimizer_step=214 loss=158.43310546875 top3_accuracy=0.9825783967971802 accumulation_position=4
[15:44:56] [S1] optimizer optimizer_step=215 learning_rate=0.002 scaler_scale=64.0
[15:44:56] [S1] mini_batch mini_step=15 optimizer_step=215 loss=142.04971313476562 top3_accuracy=0.9824561476707458 accumulation_position=1
[15:44:56] [S1] mini_batch mini_step=16 optimizer_step=215 loss=131.81777954101562 top3_accuracy=0.9930555820465088 accumulation_position=2
[15:44:57] [S1] mini_batch mini_step=17 optimizer_step=215 loss=210.10348510742188 top3_accuracy=0.9430605173110962 accumulation_position=3
[15:44:57] [S1] mini_batch mini_step=18 optimizer_step=215 loss=267.5554504394531 top3_accuracy=0.9262820482254028 accumulation_position=4
[15:44:57] [S1] optimizer optimizer_step=216 learning_rate=0.002 scaler_scale=64.0
[15:44:57] [S1] mini_batch mini_step=19 optimizer_step=216 loss=159.93136596679688 top3_accuracy=0.982876718044281 accumulation_position=1
[15:44:57] [S1] mini_batch mini_step=20 optimizer_step=216 loss=176.66790771484375 top3_accuracy=0.9737827777862549 accumulation_position=2
[15:44:57] [S1] mini_batch mini_step=21 optimizer_step=216 loss=109.34342956542969 top3_accuracy=1.0 accumulation_position=3
[15:44:57] [S1] mini_batch mini_step=22 optimizer_step=216 loss=266.9258728027344 top3_accuracy=0.9006849527359009 accumulation_position=4
[15:44:57] [S1] optimizer optimizer_step=217 learning_rate=0.002 scaler_scale=64.0
[15:44:58] [S1] mini_batch mini_step=23 optimizer_step=217 loss=353.5959167480469 top3_accuracy=0.8734939694404602 accumulation_position=1
[15:44:58] [S1] mini_batch mini_step=24 optimizer_step=217 loss=313.37615966796875 top3_accuracy=0.9396135210990906 accumulation_position=2
[15:44:58] [S1] mini_batch mini_step=25 optimizer_step=217 loss=186.41241455078125 top3_accuracy=0.9589040875434875 accumulation_position=3
[15:44:58] [S1] mini_batch mini_step=26 optimizer_step=217 loss=145.09205627441406 top3_accuracy=0.9904458522796631 accumulation_position=4
[15:44:58] [S1] optimizer optimizer_step=218 learning_rate=0.002 scaler_scale=64.0
[15:44:58] [S1] mini_batch mini_step=27 optimizer_step=218 loss=193.52224731445312 top3_accuracy=0.983098566532135 accumulation_position=1
[15:44:58] [S1] mini_batch mini_step=28 optimizer_step=218 loss=161.30601501464844 top3_accuracy=0.9932432174682617 accumulation_position=2
[15:44:59] [S1] mini_batch mini_step=29 optimizer_step=218 loss=194.2330322265625 top3_accuracy=0.9855907559394836 accumulation_position=3
[15:44:59] [S1] mini_batch mini_step=30 optimizer_step=218 loss=180.5819549560547 top3_accuracy=0.9554656147956848 accumulation_position=4
[15:44:59] [S1] optimizer optimizer_step=219 learning_rate=0.002 scaler_scale=64.0
[15:44:59] [S1] mini_batch mini_step=31 optimizer_step=219 loss=209.52450561523438 top3_accuracy=0.9738562107086182 accumulation_position=1
[15:44:59] [S1] mini_batch mini_step=32 optimizer_step=219 loss=150.14901733398438 top3_accuracy=0.9729729890823364 accumulation_position=2
[15:44:59] [S1] mini_batch mini_step=33 optimizer_step=219 loss=261.44879150390625 top3_accuracy=0.9492385983467102 accumulation_position=3
[15:44:59] [S1] mini_batch mini_step=34 optimizer_step=219 loss=139.17080688476562 top3_accuracy=0.9813432693481445 accumulation_position=4
[15:44:59] [S1] optimizer optimizer_step=220 learning_rate=0.002 scaler_scale=64.0
[15:45:00] [S1] mini_batch mini_step=35 optimizer_step=220 loss=188.83673095703125 top3_accuracy=0.9853372573852539 accumulation_position=1
[15:45:00] [S1] mini_batch mini_step=36 optimizer_step=220 loss=174.92701721191406 top3_accuracy=0.9844720363616943 accumulation_position=2
[15:45:00] [S1] mini_batch mini_step=37 optimizer_step=220 loss=223.297607421875 top3_accuracy=0.9901960492134094 accumulation_position=3
[15:45:00] [S1] mini_batch mini_step=38 optimizer_step=220 loss=191.8150634765625 top3_accuracy=0.9695945978164673 accumulation_position=4
[15:45:00] [S1] optimizer optimizer_step=221 learning_rate=0.002 scaler_scale=64.0
[15:45:00] [S1] mini_batch mini_step=39 optimizer_step=221 loss=217.87530517578125 top3_accuracy=0.9519519805908203 accumulation_position=1
[15:45:00] [S1] mini_batch mini_step=40 optimizer_step=221 loss=184.60357666015625 top3_accuracy=0.9619377255439758 accumulation_position=2
[15:45:00] [S1] mini_batch mini_step=41 optimizer_step=221 loss=180.13381958007812 top3_accuracy=0.9741100072860718 accumulation_position=3
[15:45:01] [S1] mini_batch mini_step=42 optimizer_step=221 loss=281.309326171875 top3_accuracy=0.950138509273529 accumulation_position=4
[15:45:01] [S1] optimizer optimizer_step=222 learning_rate=0.002 scaler_scale=64.0
[15:45:01] [S1] mini_batch mini_step=43 optimizer_step=222 loss=238.50408935546875 top3_accuracy=0.9459459185600281 accumulation_position=1
[15:45:01] [S1] mini_batch mini_step=44 optimizer_step=222 loss=151.24429321289062 top3_accuracy=0.9813084006309509 accumulation_position=2
[15:45:01] [S1] mini_batch mini_step=45 optimizer_step=222 loss=216.3976287841797 top3_accuracy=0.9545454382896423 accumulation_position=3
[15:45:01] [S1] mini_batch mini_step=46 optimizer_step=222 loss=202.25537109375 top3_accuracy=0.9810126423835754 accumulation_position=4
[15:45:01] [S1] optimizer optimizer_step=223 learning_rate=0.002 scaler_scale=64.0
[15:45:01] [S1] mini_batch mini_step=47 optimizer_step=223 loss=156.99703979492188 top3_accuracy=0.9850746393203735 accumulation_position=1
[15:45:02] [S1] mini_batch mini_step=48 optimizer_step=223 loss=392.0708923339844 top3_accuracy=0.8635014891624451 accumulation_position=2
[15:45:02] [S1] mini_batch mini_step=49 optimizer_step=223 loss=129.87576293945312 top3_accuracy=0.9747899174690247 accumulation_position=3
[15:45:02] [S1] mini_batch mini_step=50 optimizer_step=223 loss=147.9147491455078 top3_accuracy=0.9839743375778198 accumulation_position=4
[15:45:02] [S1] optimizer optimizer_step=224 learning_rate=0.002 scaler_scale=64.0
[15:45:02] [S1] mini_batch mini_step=51 optimizer_step=224 loss=210.83349609375 top3_accuracy=0.9465875625610352 accumulation_position=1
[15:45:02] [S1] mini_batch mini_step=52 optimizer_step=224 loss=248.74000549316406 top3_accuracy=0.9703503847122192 accumulation_position=2
[15:45:02] [S1] mini_batch mini_step=53 optimizer_step=224 loss=285.91455078125 top3_accuracy=0.9279279112815857 accumulation_position=3
[15:45:02] [S1] mini_batch mini_step=54 optimizer_step=224 loss=407.2542724609375 top3_accuracy=0.8275862336158752 accumulation_position=4
[15:45:03] [S1] optimizer optimizer_step=225 learning_rate=0.002 scaler_scale=64.0
[15:45:03] [S1] mini_batch mini_step=55 optimizer_step=225 loss=197.77395629882812 top3_accuracy=0.9741935729980469 accumulation_position=1
[15:45:03] [S1] mini_batch mini_step=56 optimizer_step=225 loss=259.56268310546875 top3_accuracy=0.9722222089767456 accumulation_position=2
[15:45:03] [S1] mini_batch mini_step=57 optimizer_step=225 loss=157.22943115234375 top3_accuracy=0.990963876247406 accumulation_position=3
[15:45:03] [S1] mini_batch mini_step=58 optimizer_step=225 loss=211.01197814941406 top3_accuracy=0.9719887971878052 accumulation_position=4
[15:45:03] [S1] optimizer optimizer_step=226 learning_rate=0.002 scaler_scale=64.0
[15:45:03] [S1] mini_batch mini_step=59 optimizer_step=226 loss=135.68443298339844 top3_accuracy=0.9885495901107788 accumulation_position=1
[15:45:03] [S1] mini_batch mini_step=60 optimizer_step=226 loss=170.87557983398438 top3_accuracy=0.9808306694030762 accumulation_position=2
[15:45:04] [S1] mini_batch mini_step=61 optimizer_step=226 loss=116.27680969238281 top3_accuracy=0.9880478382110596 accumulation_position=3
[15:45:04] [S1] mini_batch mini_step=62 optimizer_step=226 loss=164.7421875 top3_accuracy=0.9816849827766418 accumulation_position=4
[15:45:04] [S1] optimizer optimizer_step=227 learning_rate=0.002 scaler_scale=64.0
[15:45:04] [S1] mini_batch mini_step=63 optimizer_step=227 loss=267.578125 top3_accuracy=0.9353846311569214 accumulation_position=1
[15:45:04] [S1] mini_batch mini_step=64 optimizer_step=227 loss=213.01641845703125 top3_accuracy=0.9501557350158691 accumulation_position=2
[15:45:04] [S1] mini_batch mini_step=65 optimizer_step=227 loss=162.55117797851562 top3_accuracy=0.9800000190734863 accumulation_position=3
[15:45:04] [S1] mini_batch mini_step=66 optimizer_step=227 loss=188.84542846679688 top3_accuracy=0.9886040091514587 accumulation_position=4
[15:45:04] [S1] optimizer optimizer_step=228 learning_rate=0.002 scaler_scale=64.0
[15:45:05] [S1] mini_batch mini_step=67 optimizer_step=228 loss=289.3174133300781 top3_accuracy=0.9031339287757874 accumulation_position=1
[15:45:05] [S1] mini_batch mini_step=68 optimizer_step=228 loss=159.57962036132812 top3_accuracy=0.982876718044281 accumulation_position=2
[15:45:05] [S1] mini_batch mini_step=69 optimizer_step=228 loss=215.81057739257812 top3_accuracy=0.9726027250289917 accumulation_position=3
[15:45:05] [S1] mini_batch mini_step=70 optimizer_step=228 loss=194.27809143066406 top3_accuracy=0.9696969985961914 accumulation_position=4
[15:45:05] [S1] optimizer optimizer_step=229 learning_rate=0.002 scaler_scale=64.0
[15:45:05] [S1] mini_batch mini_step=71 optimizer_step=229 loss=176.99945068359375 top3_accuracy=0.9618320465087891 accumulation_position=1
[15:45:05] [S1] mini_batch mini_step=72 optimizer_step=229 loss=165.50741577148438 top3_accuracy=0.9652777910232544 accumulation_position=2
[15:45:05] [S1] mini_batch mini_step=73 optimizer_step=229 loss=136.3870849609375 top3_accuracy=0.9881423115730286 accumulation_position=3
[15:45:06] [S1] mini_batch mini_step=74 optimizer_step=229 loss=188.59381103515625 top3_accuracy=0.9810810685157776 accumulation_position=4
[15:45:06] [S1] optimizer optimizer_step=230 learning_rate=0.002 scaler_scale=64.0
[15:45:06] [S1] mini_batch mini_step=75 optimizer_step=230 loss=197.2842254638672 top3_accuracy=0.9626436829566956 accumulation_position=1
[15:45:06] [S1] mini_batch mini_step=76 optimizer_step=230 loss=283.48516845703125 top3_accuracy=0.9142012000083923 accumulation_position=2
[15:45:06] [S1] mini_batch mini_step=77 optimizer_step=230 loss=162.04893493652344 top3_accuracy=0.9767441749572754 accumulation_position=3
[15:45:06] [S1] mini_batch mini_step=78 optimizer_step=230 loss=148.2745819091797 top3_accuracy=0.96138995885849 accumulation_position=4
[15:45:06] [S1] optimizer optimizer_step=231 learning_rate=0.002 scaler_scale=64.0
[15:45:07] [S1] mini_batch mini_step=79 optimizer_step=231 loss=164.26101684570312 top3_accuracy=0.9641790986061096 accumulation_position=1
[15:45:07] [S1] mini_batch mini_step=80 optimizer_step=231 loss=135.7422637939453 top3_accuracy=0.9901639223098755 accumulation_position=2
[15:45:07] [S1] mini_batch mini_step=81 optimizer_step=231 loss=182.19461059570312 top3_accuracy=0.9750000238418579 accumulation_position=3
[15:45:07] [S1] mini_batch mini_step=82 optimizer_step=231 loss=161.53201293945312 top3_accuracy=0.9781022071838379 accumulation_position=4
[15:45:07] [S1] optimizer optimizer_step=232 learning_rate=0.002 scaler_scale=64.0
[15:45:07] [S1] mini_batch mini_step=83 optimizer_step=232 loss=225.9867401123047 top3_accuracy=0.9653333425521851 accumulation_position=1
[15:45:07] [S1] mini_batch mini_step=84 optimizer_step=232 loss=172.26425170898438 top3_accuracy=0.991525411605835 accumulation_position=2
[15:45:07] [S1] mini_batch mini_step=85 optimizer_step=232 loss=179.24990844726562 top3_accuracy=0.9346153736114502 accumulation_position=3
[15:45:08] [S1] mini_batch mini_step=86 optimizer_step=232 loss=121.06623840332031 top3_accuracy=0.9963898658752441 accumulation_position=4
[15:45:08] [S1] optimizer optimizer_step=233 learning_rate=0.002 scaler_scale=64.0
[15:45:08] [S1] mini_batch mini_step=87 optimizer_step=233 loss=326.945556640625 top3_accuracy=0.9144384860992432 accumulation_position=1
[15:45:08] [S1] mini_batch mini_step=88 optimizer_step=233 loss=128.0694122314453 top3_accuracy=0.9898648858070374 accumulation_position=2
[15:45:08] [S1] mini_batch mini_step=89 optimizer_step=233 loss=342.53643798828125 top3_accuracy=0.8945869207382202 accumulation_position=3
[15:45:08] [S1] mini_batch mini_step=90 optimizer_step=233 loss=185.54319763183594 top3_accuracy=0.9832402467727661 accumulation_position=4
[15:45:08] [S1] optimizer optimizer_step=234 learning_rate=0.002 scaler_scale=64.0
[15:45:08] [S1] mini_batch mini_step=91 optimizer_step=234 loss=161.32635498046875 top3_accuracy=0.9837662577629089 accumulation_position=1
[15:45:09] [S1] mini_batch mini_step=92 optimizer_step=234 loss=259.388671875 top3_accuracy=0.9630541801452637 accumulation_position=2
[15:45:09] [S1] mini_batch mini_step=93 optimizer_step=234 loss=96.54379272460938 top3_accuracy=0.9883268475532532 accumulation_position=3
[15:45:09] [S1] mini_batch mini_step=94 optimizer_step=234 loss=152.64427185058594 top3_accuracy=0.9861111044883728 accumulation_position=4
[15:45:09] [S1] optimizer optimizer_step=235 learning_rate=0.002 scaler_scale=64.0
[15:45:09] [S1] mini_batch mini_step=1 optimizer_step=235 loss=209.1206512451172 top3_accuracy=0.9790576100349426 accumulation_position=1
[15:45:09] [S1] mini_batch mini_step=2 optimizer_step=235 loss=135.9909210205078 top3_accuracy=0.9938461780548096 accumulation_position=2
[15:45:09] [S1] mini_batch mini_step=3 optimizer_step=235 loss=126.7398910522461 top3_accuracy=0.970370352268219 accumulation_position=3
[15:45:10] [S1] mini_batch mini_step=4 optimizer_step=235 loss=140.1221466064453 top3_accuracy=0.993630588054657 accumulation_position=4
[15:45:10] [S1] optimizer optimizer_step=236 learning_rate=0.002 scaler_scale=64.0
[15:45:10] [S1] mini_batch mini_step=5 optimizer_step=236 loss=99.89482116699219 top3_accuracy=0.9961832165718079 accumulation_position=1
[15:45:10] [S1] mini_batch mini_step=6 optimizer_step=236 loss=98.95672607421875 top3_accuracy=0.9959349632263184 accumulation_position=2
[15:45:10] [S1] mini_batch mini_step=7 optimizer_step=236 loss=155.1919708251953 top3_accuracy=0.9901315569877625 accumulation_position=3
[15:45:10] [S1] mini_batch mini_step=8 optimizer_step=236 loss=146.19154357910156 top3_accuracy=0.99071204662323 accumulation_position=4
[15:45:10] [S1] optimizer optimizer_step=237 learning_rate=0.002 scaler_scale=64.0
[15:45:10] [S1] mini_batch mini_step=9 optimizer_step=237 loss=193.55844116210938 top3_accuracy=0.970588207244873 accumulation_position=1
[15:45:10] [S1] mini_batch mini_step=10 optimizer_step=237 loss=173.59353637695312 top3_accuracy=0.9951456189155579 accumulation_position=2
[15:45:11] [S1] mini_batch mini_step=11 optimizer_step=237 loss=100.96830749511719 top3_accuracy=0.9927272796630859 accumulation_position=3
[15:45:11] [S1] mini_batch mini_step=12 optimizer_step=237 loss=149.5701446533203 top3_accuracy=0.9789789915084839 accumulation_position=4
[15:45:11] [S1] optimizer optimizer_step=238 learning_rate=0.002 scaler_scale=64.0
[15:45:11] [S1] mini_batch mini_step=13 optimizer_step=238 loss=131.7782440185547 top3_accuracy=0.9734219312667847 accumulation_position=1
[15:45:11] [S1] mini_batch mini_step=14 optimizer_step=238 loss=282.0947265625 top3_accuracy=0.9416058659553528 accumulation_position=2
[15:45:11] [S1] mini_batch mini_step=15 optimizer_step=238 loss=165.58673095703125 top3_accuracy=0.9918032884597778 accumulation_position=3
[15:45:11] [S1] mini_batch mini_step=16 optimizer_step=238 loss=217.31088256835938 top3_accuracy=0.9340277910232544 accumulation_position=4
[15:45:11] [S1] optimizer optimizer_step=239 learning_rate=0.002 scaler_scale=64.0
[15:45:12] [S1] mini_batch mini_step=17 optimizer_step=239 loss=142.8824462890625 top3_accuracy=0.9861496090888977 accumulation_position=1
[15:45:12] [S1] mini_batch mini_step=18 optimizer_step=239 loss=105.2160415649414 top3_accuracy=0.9957627058029175 accumulation_position=2
[15:45:12] [S1] mini_batch mini_step=19 optimizer_step=239 loss=113.22328186035156 top3_accuracy=0.9886363744735718 accumulation_position=3
[15:45:12] [S1] mini_batch mini_step=20 optimizer_step=239 loss=163.87835693359375 top3_accuracy=0.9941860437393188 accumulation_position=4
[15:45:12] [S1] optimizer optimizer_step=240 learning_rate=0.002 scaler_scale=64.0
[15:45:12] [S1] mini_batch mini_step=21 optimizer_step=240 loss=97.33177185058594 top3_accuracy=0.9878048896789551 accumulation_position=1
[15:45:12] [S1] mini_batch mini_step=22 optimizer_step=240 loss=151.8856964111328 top3_accuracy=0.9845678806304932 accumulation_position=2
[15:45:13] [S1] mini_batch mini_step=23 optimizer_step=240 loss=124.92155456542969 top3_accuracy=0.9883268475532532 accumulation_position=3
[15:45:13] [S1] mini_batch mini_step=24 optimizer_step=240 loss=171.8904571533203 top3_accuracy=0.9886040091514587 accumulation_position=4
[15:45:13] [S1] optimizer optimizer_step=241 learning_rate=0.002 scaler_scale=64.0
[15:45:13] [S1] mini_batch mini_step=25 optimizer_step=241 loss=214.67788696289062 top3_accuracy=0.9579579830169678 accumulation_position=1
[15:45:13] [S1] mini_batch mini_step=26 optimizer_step=241 loss=371.5910949707031 top3_accuracy=0.9191176295280457 accumulation_position=2
[15:45:13] [S1] mini_batch mini_step=27 optimizer_step=241 loss=135.56178283691406 top3_accuracy=0.9941176176071167 accumulation_position=3
[15:45:13] [S1] mini_batch mini_step=28 optimizer_step=241 loss=136.6532745361328 top3_accuracy=0.9834024906158447 accumulation_position=4
[15:45:13] [S1] optimizer optimizer_step=242 learning_rate=0.002 scaler_scale=64.0
[15:45:14] [S1] mini_batch mini_step=29 optimizer_step=242 loss=143.82763671875 top3_accuracy=0.9844357967376709 accumulation_position=1
[15:45:14] [S1] mini_batch mini_step=30 optimizer_step=242 loss=110.1926498413086 top3_accuracy=1.0 accumulation_position=2
[15:45:14] [S1] mini_batch mini_step=31 optimizer_step=242 loss=115.34323120117188 top3_accuracy=1.0 accumulation_position=3
[15:45:14] [S1] mini_batch mini_step=32 optimizer_step=242 loss=327.9432678222656 top3_accuracy=0.9032257795333862 accumulation_position=4
[15:45:14] [S1] optimizer optimizer_step=243 learning_rate=0.002 scaler_scale=64.0
[15:45:14] [S1] mini_batch mini_step=33 optimizer_step=243 loss=165.0848388671875 top3_accuracy=0.9595141410827637 accumulation_position=1
[15:45:14] [S1] mini_batch mini_step=34 optimizer_step=243 loss=148.3925323486328 top3_accuracy=0.9683098793029785 accumulation_position=2
[15:45:14] [S1] mini_batch mini_step=35 optimizer_step=243 loss=155.69192504882812 top3_accuracy=0.9764705896377563 accumulation_position=3
[15:45:15] [S1] mini_batch mini_step=36 optimizer_step=243 loss=173.6856689453125 top3_accuracy=0.9652777910232544 accumulation_position=4
[15:45:15] [S1] optimizer optimizer_step=244 learning_rate=0.002 scaler_scale=64.0
[15:45:15] [S1] mini_batch mini_step=37 optimizer_step=244 loss=119.74557495117188 top3_accuracy=0.9784172773361206 accumulation_position=1
[15:45:15] [S1] mini_batch mini_step=38 optimizer_step=244 loss=139.25942993164062 top3_accuracy=0.9922879338264465 accumulation_position=2
[15:45:15] [S1] mini_batch mini_step=39 optimizer_step=244 loss=132.29409790039062 top3_accuracy=0.9965277910232544 accumulation_position=3
[15:45:15] [S1] mini_batch mini_step=40 optimizer_step=244 loss=174.52041625976562 top3_accuracy=0.995121955871582 accumulation_position=4
[15:45:15] [S1] optimizer optimizer_step=245 learning_rate=0.002 scaler_scale=64.0
[15:45:15] [S1] mini_batch mini_step=41 optimizer_step=245 loss=131.9994354248047 top3_accuracy=0.9783393740653992 accumulation_position=1
[15:45:15] [S1] mini_batch mini_step=42 optimizer_step=245 loss=304.88275146484375 top3_accuracy=0.9245741963386536 accumulation_position=2
[15:45:16] [S1] mini_batch mini_step=43 optimizer_step=245 loss=156.3526611328125 top3_accuracy=0.970588207244873 accumulation_position=3
[15:45:16] [S1] mini_batch mini_step=44 optimizer_step=245 loss=149.30636596679688 top3_accuracy=0.9513274431228638 accumulation_position=4
[15:45:16] [S1] optimizer optimizer_step=246 learning_rate=0.002 scaler_scale=64.0
[15:45:16] [S1] mini_batch mini_step=45 optimizer_step=246 loss=96.66546630859375 top3_accuracy=0.9959016442298889 accumulation_position=1
[15:45:16] [S1] mini_batch mini_step=46 optimizer_step=246 loss=217.96041870117188 top3_accuracy=0.942176878452301 accumulation_position=2
[15:45:16] [S1] mini_batch mini_step=47 optimizer_step=246 loss=143.56338500976562 top3_accuracy=0.991150438785553 accumulation_position=3
[15:45:16] [S1] mini_batch mini_step=48 optimizer_step=246 loss=198.2039794921875 top3_accuracy=0.9948849081993103 accumulation_position=4
[15:45:16] [S1] optimizer optimizer_step=247 learning_rate=0.002 scaler_scale=64.0
[15:45:17] [S1] mini_batch mini_step=49 optimizer_step=247 loss=106.15908813476562 top3_accuracy=0.9927272796630859 accumulation_position=1
[15:45:17] [S1] mini_batch mini_step=50 optimizer_step=247 loss=138.79608154296875 top3_accuracy=0.9842519760131836 accumulation_position=2
[15:45:17] [S1] mini_batch mini_step=51 optimizer_step=247 loss=164.97433471679688 top3_accuracy=0.9852941036224365 accumulation_position=3
[15:45:17] [S1] mini_batch mini_step=52 optimizer_step=247 loss=206.62228393554688 top3_accuracy=0.9758307933807373 accumulation_position=4
[15:45:17] [S1] optimizer optimizer_step=248 learning_rate=0.002 scaler_scale=64.0
[15:45:17] [S1] mini_batch mini_step=53 optimizer_step=248 loss=93.66217803955078 top3_accuracy=0.9923664331436157 accumulation_position=1
[15:45:17] [S1] mini_batch mini_step=54 optimizer_step=248 loss=137.03268432617188 top3_accuracy=0.9847095012664795 accumulation_position=2
[15:45:17] [S1] mini_batch mini_step=55 optimizer_step=248 loss=127.26569366455078 top3_accuracy=0.9887217879295349 accumulation_position=3
[15:45:18] [S1] mini_batch mini_step=56 optimizer_step=248 loss=186.077880859375 top3_accuracy=0.9864864945411682 accumulation_position=4
[15:45:18] [S1] optimizer optimizer_step=249 learning_rate=0.002 scaler_scale=64.0
[15:45:18] [S1] mini_batch mini_step=57 optimizer_step=249 loss=153.87457275390625 top3_accuracy=0.9876161217689514 accumulation_position=1
[15:45:18] [S1] mini_batch mini_step=58 optimizer_step=249 loss=91.39875793457031 top3_accuracy=0.989130437374115 accumulation_position=2
[15:45:18] [S1] mini_batch mini_step=59 optimizer_step=249 loss=227.6344451904297 top3_accuracy=0.932721734046936 accumulation_position=3
[15:45:18] [S1] mini_batch mini_step=60 optimizer_step=249 loss=148.30023193359375 top3_accuracy=0.9833887219429016 accumulation_position=4
[15:45:18] [S1] optimizer optimizer_step=250 learning_rate=0.002 scaler_scale=64.0
[15:45:18] [S1] mini_batch mini_step=61 optimizer_step=250 loss=204.25778198242188 top3_accuracy=0.9743589758872986 accumulation_position=1
[15:45:19] [S1] mini_batch mini_step=62 optimizer_step=250 loss=114.22920989990234 top3_accuracy=0.9911242723464966 accumulation_position=2
[15:45:19] [S1] mini_batch mini_step=63 optimizer_step=250 loss=125.26688385009766 top3_accuracy=0.9882352948188782 accumulation_position=3
[15:45:19] [S1] mini_batch mini_step=64 optimizer_step=250 loss=199.9852294921875 top3_accuracy=0.9772727489471436 accumulation_position=4
[15:45:19] [S1] optimizer optimizer_step=251 learning_rate=0.002 scaler_scale=64.0
[15:45:19] [S1] mini_batch mini_step=65 optimizer_step=251 loss=134.3080596923828 top3_accuracy=0.9841269850730896 accumulation_position=1
[15:45:19] [S1] mini_batch mini_step=66 optimizer_step=251 loss=158.73300170898438 top3_accuracy=0.970108687877655 accumulation_position=2
[15:45:19] [S1] mini_batch mini_step=67 optimizer_step=251 loss=130.89096069335938 top3_accuracy=0.9940119981765747 accumulation_position=3
[15:45:19] [S1] mini_batch mini_step=68 optimizer_step=251 loss=128.4217529296875 top3_accuracy=0.9814126491546631 accumulation_position=4
[15:45:19] [S1] optimizer optimizer_step=252 learning_rate=0.002 scaler_scale=64.0
[15:45:20] [S1] mini_batch mini_step=69 optimizer_step=252 loss=113.02507019042969 top3_accuracy=0.9841772317886353 accumulation_position=1
[15:45:20] [S1] mini_batch mini_step=70 optimizer_step=252 loss=105.91806030273438 top3_accuracy=0.9897611141204834 accumulation_position=2
[15:45:20] [S1] mini_batch mini_step=71 optimizer_step=252 loss=381.4625244140625 top3_accuracy=0.9042820930480957 accumulation_position=3
[15:45:20] [S1] mini_batch mini_step=72 optimizer_step=252 loss=157.95938110351562 top3_accuracy=0.983098566532135 accumulation_position=4
[15:45:20] [S1] optimizer optimizer_step=253 learning_rate=0.002 scaler_scale=64.0
[15:45:20] [S1] mini_batch mini_step=73 optimizer_step=253 loss=168.4788818359375 top3_accuracy=0.9612902998924255 accumulation_position=1
[15:45:20] [S1] mini_batch mini_step=74 optimizer_step=253 loss=104.0348892211914 top3_accuracy=0.9936507940292358 accumulation_position=2
[15:45:20] [S1] mini_batch mini_step=75 optimizer_step=253 loss=89.63772583007812 top3_accuracy=0.991769552230835 accumulation_position=3
[15:45:21] [S1] mini_batch mini_step=76 optimizer_step=253 loss=144.70620727539062 top3_accuracy=0.9841772317886353 accumulation_position=4
[15:45:21] [S1] optimizer optimizer_step=254 learning_rate=0.002 scaler_scale=64.0
[15:45:21] [S1] mini_batch mini_step=77 optimizer_step=254 loss=135.68490600585938 top3_accuracy=0.9889196753501892 accumulation_position=1
[15:45:21] [S1] mini_batch mini_step=78 optimizer_step=254 loss=195.67684936523438 top3_accuracy=0.9589905142784119 accumulation_position=2
[15:45:21] [S1] mini_batch mini_step=79 optimizer_step=254 loss=110.86984252929688 top3_accuracy=0.9936102032661438 accumulation_position=3
[15:45:21] [S1] mini_batch mini_step=80 optimizer_step=254 loss=124.79226684570312 top3_accuracy=0.9844236969947815 accumulation_position=4
[15:45:21] [S1] optimizer optimizer_step=255 learning_rate=0.002 scaler_scale=64.0
[15:45:21] [S1] mini_batch mini_step=81 optimizer_step=255 loss=102.99933624267578 top3_accuracy=0.9967532753944397 accumulation_position=1
[15:45:22] [S1] mini_batch mini_step=82 optimizer_step=255 loss=150.19406127929688 top3_accuracy=0.982758641242981 accumulation_position=2
[15:45:22] [S1] mini_batch mini_step=83 optimizer_step=255 loss=214.3446044921875 top3_accuracy=0.9410187602043152 accumulation_position=3
[15:45:22] [S1] mini_batch mini_step=84 optimizer_step=255 loss=118.2585220336914 top3_accuracy=0.9967637658119202 accumulation_position=4
[15:45:22] [S1] optimizer optimizer_step=256 learning_rate=0.002 scaler_scale=64.0
[15:45:22] [S1] mini_batch mini_step=85 optimizer_step=256 loss=113.6042251586914 top3_accuracy=0.9969696998596191 accumulation_position=1
[15:45:22] [S1] mini_batch mini_step=86 optimizer_step=256 loss=263.30230712890625 top3_accuracy=0.9173789024353027 accumulation_position=2
[15:45:22] [S1] mini_batch mini_step=87 optimizer_step=256 loss=95.1583023071289 top3_accuracy=0.9965870380401611 accumulation_position=3
[15:45:22] [S1] mini_batch mini_step=88 optimizer_step=256 loss=130.748291015625 top3_accuracy=0.9833887219429016 accumulation_position=4
[15:45:23] [S1] optimizer optimizer_step=257 learning_rate=0.002 scaler_scale=64.0
[15:45:23] [S1] mini_batch mini_step=89 optimizer_step=257 loss=115.13822174072266 top3_accuracy=0.9863013625144958 accumulation_position=1
[15:45:23] [S1] mini_batch mini_step=90 optimizer_step=257 loss=137.918701171875 top3_accuracy=0.9863481521606445 accumulation_position=2
[15:45:23] [S1] mini_batch mini_step=91 optimizer_step=257 loss=96.27244567871094 top3_accuracy=0.99622642993927 accumulation_position=3
[15:45:23] [S1] mini_batch mini_step=92 optimizer_step=257 loss=119.52119445800781 top3_accuracy=0.9962546825408936 accumulation_position=4
[15:45:23] [S1] optimizer optimizer_step=258 learning_rate=0.002 scaler_scale=64.0
[15:45:23] [S1] mini_batch mini_step=93 optimizer_step=258 loss=177.70742797851562 top3_accuracy=0.9642857313156128 accumulation_position=1
[15:45:23] [S1] mini_batch mini_step=94 optimizer_step=258 loss=130.94970703125 top3_accuracy=0.9828431606292725 accumulation_position=2
[15:45:24] [S1] mini_batch mini_step=1 optimizer_step=258 loss=126.81198120117188 top3_accuracy=0.9906832575798035 accumulation_position=3
[15:45:24] [S1] mini_batch mini_step=2 optimizer_step=258 loss=118.66201782226562 top3_accuracy=0.9969230890274048 accumulation_position=4
[15:45:24] [S1] optimizer optimizer_step=259 learning_rate=0.002 scaler_scale=64.0
[15:45:24] [S1] mini_batch mini_step=3 optimizer_step=259 loss=87.51954650878906 top3_accuracy=0.9923076629638672 accumulation_position=1
[15:45:24] [S1] mini_batch mini_step=4 optimizer_step=259 loss=124.1910400390625 top3_accuracy=0.9970238208770752 accumulation_position=2
[15:45:24] [S1] mini_batch mini_step=5 optimizer_step=259 loss=225.19215393066406 top3_accuracy=0.9398496150970459 accumulation_position=3
[15:45:24] [S1] mini_batch mini_step=6 optimizer_step=259 loss=91.4166488647461 top3_accuracy=0.9962546825408936 accumulation_position=4
[15:45:24] [S1] optimizer optimizer_step=260 learning_rate=0.002 scaler_scale=64.0
[15:45:24] [S1] mini_batch mini_step=7 optimizer_step=260 loss=158.6412811279297 top3_accuracy=0.9847908616065979 accumulation_position=1
[15:45:25] [S1] mini_batch mini_step=8 optimizer_step=260 loss=95.95816040039062 top3_accuracy=1.0 accumulation_position=2
[15:45:25] [S1] mini_batch mini_step=9 optimizer_step=260 loss=156.50950622558594 top3_accuracy=0.9896640777587891 accumulation_position=3
[15:45:25] [S1] mini_batch mini_step=10 optimizer_step=260 loss=109.96336364746094 top3_accuracy=0.9819494485855103 accumulation_position=4
[15:45:25] [S1] optimizer optimizer_step=261 learning_rate=0.002 scaler_scale=64.0
[15:45:25] [S1] mini_batch mini_step=11 optimizer_step=261 loss=74.95235443115234 top3_accuracy=0.9890909194946289 accumulation_position=1
[15:45:25] [S1] mini_batch mini_step=12 optimizer_step=261 loss=75.80709838867188 top3_accuracy=0.9931972622871399 accumulation_position=2
[15:45:25] [S1] mini_batch mini_step=13 optimizer_step=261 loss=227.39993286132812 top3_accuracy=0.941717803478241 accumulation_position=3
[15:45:25] [S1] mini_batch mini_step=14 optimizer_step=261 loss=110.87088012695312 top3_accuracy=0.988095223903656 accumulation_position=4
[15:45:26] [S1] optimizer optimizer_step=262 learning_rate=0.002 scaler_scale=64.0
[15:45:26] [S1] mini_batch mini_step=15 optimizer_step=262 loss=103.00027465820312 top3_accuracy=0.9927007555961609 accumulation_position=1
[15:45:26] [S1] mini_batch mini_step=16 optimizer_step=262 loss=98.27249145507812 top3_accuracy=0.993220329284668 accumulation_position=2
[15:45:26] [S1] mini_batch mini_step=17 optimizer_step=262 loss=121.36541748046875 top3_accuracy=0.9903537034988403 accumulation_position=3
[15:45:26] [S1] mini_batch mini_step=18 optimizer_step=262 loss=190.22244262695312 top3_accuracy=0.9648241400718689 accumulation_position=4
[15:45:26] [S1] optimizer optimizer_step=263 learning_rate=0.002 scaler_scale=64.0
[15:45:26] [S1] mini_batch mini_step=19 optimizer_step=263 loss=109.76290893554688 top3_accuracy=0.9903225898742676 accumulation_position=1
[15:45:26] [S1] mini_batch mini_step=20 optimizer_step=263 loss=132.2613525390625 top3_accuracy=0.9867021441459656 accumulation_position=2
[15:45:27] [S1] mini_batch mini_step=21 optimizer_step=263 loss=162.5416259765625 top3_accuracy=0.977011501789093 accumulation_position=3
[15:45:27] [S1] mini_batch mini_step=22 optimizer_step=263 loss=180.1900634765625 top3_accuracy=0.9411764740943909 accumulation_position=4
[15:45:27] [S1] optimizer optimizer_step=264 learning_rate=0.002 scaler_scale=64.0
[15:45:27] [S1] mini_batch mini_step=23 optimizer_step=264 loss=94.4061279296875 top3_accuracy=0.9937304258346558 accumulation_position=1
[15:45:27] [S1] mini_batch mini_step=24 optimizer_step=264 loss=104.4937744140625 top3_accuracy=0.9893617033958435 accumulation_position=2
[15:45:27] [S1] mini_batch mini_step=25 optimizer_step=264 loss=79.6645278930664 top3_accuracy=0.9926470518112183 accumulation_position=3
[15:45:27] [S1] mini_batch mini_step=26 optimizer_step=264 loss=171.7823486328125 top3_accuracy=0.9642857313156128 accumulation_position=4
[15:45:27] [S1] optimizer optimizer_step=265 learning_rate=0.002 scaler_scale=64.0
[15:45:27] [S1] mini_batch mini_step=27 optimizer_step=265 loss=116.47835540771484 top3_accuracy=0.97444087266922 accumulation_position=1
[15:45:28] [S1] mini_batch mini_step=28 optimizer_step=265 loss=94.51457977294922 top3_accuracy=1.0 accumulation_position=2
[15:45:28] [S1] mini_batch mini_step=29 optimizer_step=265 loss=120.52054595947266 top3_accuracy=0.9901315569877625 accumulation_position=3
[15:45:28] [S1] mini_batch mini_step=30 optimizer_step=265 loss=121.66775512695312 top3_accuracy=0.9850746393203735 accumulation_position=4
[15:45:28] [S1] optimizer optimizer_step=266 learning_rate=0.002 scaler_scale=64.0
[15:45:28] [S1] mini_batch mini_step=31 optimizer_step=266 loss=120.3812255859375 top3_accuracy=0.9914529919624329 accumulation_position=1
[15:45:28] [S1] mini_batch mini_step=32 optimizer_step=266 loss=101.74271392822266 top3_accuracy=0.9921259880065918 accumulation_position=2
[15:45:28] [S1] mini_batch mini_step=33 optimizer_step=266 loss=156.0557861328125 top3_accuracy=0.9672619104385376 accumulation_position=3
[15:45:28] [S1] mini_batch mini_step=34 optimizer_step=266 loss=95.07685852050781 top3_accuracy=0.994350254535675 accumulation_position=4
[15:45:29] [S1] optimizer optimizer_step=267 learning_rate=0.002 scaler_scale=64.0
[15:45:29] [S1] mini_batch mini_step=35 optimizer_step=267 loss=111.94252014160156 top3_accuracy=0.9895104765892029 accumulation_position=1
[15:45:29] [S1] mini_batch mini_step=36 optimizer_step=267 loss=102.44023132324219 top3_accuracy=0.9962546825408936 accumulation_position=2
[15:45:29] [S1] mini_batch mini_step=37 optimizer_step=267 loss=183.69850158691406 top3_accuracy=0.9586777091026306 accumulation_position=3
[15:45:29] [S1] mini_batch mini_step=38 optimizer_step=267 loss=84.88611602783203 top3_accuracy=0.99609375 accumulation_position=4
[15:45:29] [S1] optimizer optimizer_step=268 learning_rate=0.002 scaler_scale=64.0
[15:45:29] [S1] mini_batch mini_step=39 optimizer_step=268 loss=193.11563110351562 top3_accuracy=0.9830028414726257 accumulation_position=1
[15:45:29] [S1] mini_batch mini_step=40 optimizer_step=268 loss=101.32431030273438 top3_accuracy=0.9901960492134094 accumulation_position=2
[15:45:30] [S1] mini_batch mini_step=41 optimizer_step=268 loss=103.73747253417969 top3_accuracy=0.9934210777282715 accumulation_position=3
[15:45:30] [S1] mini_batch mini_step=42 optimizer_step=268 loss=98.89209747314453 top3_accuracy=0.9938650131225586 accumulation_position=4
[15:45:30] [S1] optimizer optimizer_step=269 learning_rate=0.002 scaler_scale=64.0
[15:45:30] [S1] mini_batch mini_step=43 optimizer_step=269 loss=99.61575317382812 top3_accuracy=0.9819494485855103 accumulation_position=1
[15:45:30] [S1] mini_batch mini_step=44 optimizer_step=269 loss=89.06744384765625 top3_accuracy=0.9873015880584717 accumulation_position=2
[15:45:30] [S1] mini_batch mini_step=45 optimizer_step=269 loss=88.42404174804688 top3_accuracy=0.9964788556098938 accumulation_position=3
[15:45:30] [S1] mini_batch mini_step=46 optimizer_step=269 loss=125.04782104492188 top3_accuracy=0.9920634627342224 accumulation_position=4
[15:45:30] [S1] optimizer optimizer_step=270 learning_rate=0.002 scaler_scale=64.0
[15:45:30] [S1] mini_batch mini_step=47 optimizer_step=270 loss=76.74124908447266 top3_accuracy=1.0 accumulation_position=1
[15:45:31] [S1] mini_batch mini_step=48 optimizer_step=270 loss=76.49353790283203 top3_accuracy=0.9958677887916565 accumulation_position=2
[15:45:31] [S1] mini_batch mini_step=49 optimizer_step=270 loss=138.29202270507812 top3_accuracy=0.9917582273483276 accumulation_position=3
[15:45:31] [S1] mini_batch mini_step=50 optimizer_step=270 loss=97.1899185180664 top3_accuracy=0.9927272796630859 accumulation_position=4
[15:45:31] [S1] optimizer optimizer_step=271 learning_rate=0.002 scaler_scale=64.0
[15:45:31] [S1] mini_batch mini_step=51 optimizer_step=271 loss=113.43956756591797 top3_accuracy=0.9780564308166504 accumulation_position=1
[15:45:31] [S1] mini_batch mini_step=52 optimizer_step=271 loss=168.75111389160156 top3_accuracy=0.9655172228813171 accumulation_position=2
[15:45:31] [S1] mini_batch mini_step=53 optimizer_step=271 loss=198.2201690673828 top3_accuracy=0.9573333263397217 accumulation_position=3
[15:45:31] [S1] mini_batch mini_step=54 optimizer_step=271 loss=80.37471008300781 top3_accuracy=0.996874988079071 accumulation_position=4
[15:45:32] [S1] optimizer optimizer_step=272 learning_rate=0.002 scaler_scale=64.0
[15:45:32] [S1] mini_batch mini_step=55 optimizer_step=272 loss=93.41438293457031 top3_accuracy=0.993127167224884 accumulation_position=1
[15:45:32] [S1] mini_batch mini_step=56 optimizer_step=272 loss=84.73992919921875 top3_accuracy=0.9960159659385681 accumulation_position=2
[15:45:32] [S1] mini_batch mini_step=57 optimizer_step=272 loss=157.30844116210938 top3_accuracy=0.9795396327972412 accumulation_position=3
[15:45:32] [S1] mini_batch mini_step=58 optimizer_step=272 loss=156.7362518310547 top3_accuracy=0.9841269850730896 accumulation_position=4
[15:45:32] [S1] optimizer optimizer_step=273 learning_rate=0.002 scaler_scale=64.0
[15:45:32] [S1] mini_batch mini_step=59 optimizer_step=273 loss=85.49952697753906 top3_accuracy=0.9887217879295349 accumulation_position=1
[15:45:32] [S1] mini_batch mini_step=60 optimizer_step=273 loss=154.99380493164062 top3_accuracy=0.9861496090888977 accumulation_position=2
[15:45:33] [S1] mini_batch mini_step=61 optimizer_step=273 loss=108.00770568847656 top3_accuracy=0.9899328947067261 accumulation_position=3
[15:45:33] [S1] mini_batch mini_step=62 optimizer_step=273 loss=173.29885864257812 top3_accuracy=0.9614148139953613 accumulation_position=4
[15:45:33] [S1] optimizer optimizer_step=274 learning_rate=0.002 scaler_scale=64.0
[15:45:33] [S1] mini_batch mini_step=63 optimizer_step=274 loss=113.23519897460938 top3_accuracy=0.9912280440330505 accumulation_position=1
[15:45:33] [S1] mini_batch mini_step=64 optimizer_step=274 loss=103.00665283203125 top3_accuracy=0.9895833134651184 accumulation_position=2
[15:45:33] [S1] mini_batch mini_step=65 optimizer_step=274 loss=185.82882690429688 top3_accuracy=0.9426523447036743 accumulation_position=3
[15:45:33] [S1] mini_batch mini_step=66 optimizer_step=274 loss=84.57398986816406 top3_accuracy=0.9965397715568542 accumulation_position=4
[15:45:33] [S1] optimizer optimizer_step=275 learning_rate=0.002 scaler_scale=64.0
[15:45:33] [S1] mini_batch mini_step=67 optimizer_step=275 loss=236.07200622558594 top3_accuracy=0.9411764740943909 accumulation_position=1
[15:45:34] [S1] mini_batch mini_step=68 optimizer_step=275 loss=99.9736328125 top3_accuracy=0.9969230890274048 accumulation_position=2
[15:45:34] [S1] mini_batch mini_step=69 optimizer_step=275 loss=98.6805419921875 top3_accuracy=0.9849397540092468 accumulation_position=3
[15:45:34] [S1] mini_batch mini_step=70 optimizer_step=275 loss=193.40472412109375 top3_accuracy=0.9834123253822327 accumulation_position=4
[15:45:34] [S1] optimizer optimizer_step=276 learning_rate=0.002 scaler_scale=64.0
[15:45:34] [S1] mini_batch mini_step=71 optimizer_step=276 loss=123.08334350585938 top3_accuracy=0.9912280440330505 accumulation_position=1
[15:45:34] [S1] mini_batch mini_step=72 optimizer_step=276 loss=68.0181655883789 top3_accuracy=0.9962546825408936 accumulation_position=2
[15:45:34] [S1] mini_batch mini_step=73 optimizer_step=276 loss=137.14456176757812 top3_accuracy=0.97826087474823 accumulation_position=3
[15:45:34] [S1] mini_batch mini_step=74 optimizer_step=276 loss=100.67904663085938 top3_accuracy=0.9857650995254517 accumulation_position=4
[15:45:35] [S1] optimizer optimizer_step=277 learning_rate=0.002 scaler_scale=64.0
[15:45:35] [S1] mini_batch mini_step=75 optimizer_step=277 loss=91.42582702636719 top3_accuracy=0.9903846383094788 accumulation_position=1
[15:45:35] [S1] mini_batch mini_step=76 optimizer_step=277 loss=127.64070892333984 top3_accuracy=0.9902597665786743 accumulation_position=2
[15:45:35] [S1] mini_batch mini_step=77 optimizer_step=277 loss=82.3074951171875 top3_accuracy=0.9921875 accumulation_position=3
[15:45:35] [S1] mini_batch mini_step=78 optimizer_step=277 loss=258.9752197265625 top3_accuracy=0.9684466123580933 accumulation_position=4
[15:45:35] [S1] optimizer optimizer_step=278 learning_rate=0.002 scaler_scale=64.0
[15:45:35] [S1] mini_batch mini_step=79 optimizer_step=278 loss=83.70541381835938 top3_accuracy=0.9896193742752075 accumulation_position=1
[15:45:35] [S1] mini_batch mini_step=80 optimizer_step=278 loss=112.07991027832031 top3_accuracy=0.9921466112136841 accumulation_position=2
[15:45:36] [S1] mini_batch mini_step=81 optimizer_step=278 loss=102.90813446044922 top3_accuracy=0.9883720874786377 accumulation_position=3
[15:45:36] [S1] mini_batch mini_step=82 optimizer_step=278 loss=99.76780700683594 top3_accuracy=0.9925093650817871 accumulation_position=4
[15:45:36] [S1] optimizer optimizer_step=279 learning_rate=0.002 scaler_scale=64.0
[15:45:36] [S1] mini_batch mini_step=83 optimizer_step=279 loss=88.7286376953125 top3_accuracy=0.9965277910232544 accumulation_position=1
[15:45:36] [S1] mini_batch mini_step=84 optimizer_step=279 loss=143.68698120117188 top3_accuracy=0.9818840622901917 accumulation_position=2
[15:45:36] [S1] mini_batch mini_step=85 optimizer_step=279 loss=117.65509033203125 top3_accuracy=0.9903225898742676 accumulation_position=3
[15:45:36] [S1] mini_batch mini_step=86 optimizer_step=279 loss=112.51067352294922 top3_accuracy=0.9969419240951538 accumulation_position=4
[15:45:36] [S1] optimizer optimizer_step=280 learning_rate=0.002 scaler_scale=64.0
[15:45:37] [S1] mini_batch mini_step=87 optimizer_step=280 loss=103.02508544921875 top3_accuracy=0.9924812316894531 accumulation_position=1
[15:45:37] [S1] mini_batch mini_step=88 optimizer_step=280 loss=198.43099975585938 top3_accuracy=0.9489489197731018 accumulation_position=2
[15:45:37] [S1] mini_batch mini_step=89 optimizer_step=280 loss=91.23333740234375 top3_accuracy=0.996835470199585 accumulation_position=3
[15:45:37] [S1] mini_batch mini_step=90 optimizer_step=280 loss=160.18106079101562 top3_accuracy=0.9948849081993103 accumulation_position=4
[15:45:37] [S1] optimizer optimizer_step=281 learning_rate=0.002 scaler_scale=64.0
[15:45:37] [S1] mini_batch mini_step=91 optimizer_step=281 loss=294.6311950683594 top3_accuracy=0.9028213024139404 accumulation_position=1
[15:45:37] [S1] mini_batch mini_step=92 optimizer_step=281 loss=83.35128784179688 top3_accuracy=0.9900000095367432 accumulation_position=2
[15:45:37] [S1] mini_batch mini_step=93 optimizer_step=281 loss=169.81280517578125 top3_accuracy=0.9884393215179443 accumulation_position=3
[15:45:38] [S1] mini_batch mini_step=94 optimizer_step=281 loss=117.06078338623047 top3_accuracy=0.994301974773407 accumulation_position=4
[15:45:38] [S1] optimizer optimizer_step=282 learning_rate=0.002 scaler_scale=64.0
[15:45:38] [S1] mini_batch mini_step=1 optimizer_step=282 loss=87.74446868896484 top3_accuracy=0.9901960492134094 accumulation_position=1
[15:45:38] [S1] mini_batch mini_step=2 optimizer_step=282 loss=109.61608123779297 top3_accuracy=0.9941520690917969 accumulation_position=2
[15:45:38] [S1] mini_batch mini_step=3 optimizer_step=282 loss=249.23390197753906 top3_accuracy=0.909937858581543 accumulation_position=3
[15:45:38] [S1] mini_batch mini_step=4 optimizer_step=282 loss=84.42715454101562 top3_accuracy=0.9937106966972351 accumulation_position=4
[15:45:38] [S1] optimizer optimizer_step=283 learning_rate=0.002 scaler_scale=64.0
[15:45:38] [S1] mini_batch mini_step=5 optimizer_step=283 loss=92.96652221679688 top3_accuracy=0.9914772510528564 accumulation_position=1
[15:45:38] [S1] mini_batch mini_step=6 optimizer_step=283 loss=105.94052124023438 top3_accuracy=0.9831649661064148 accumulation_position=2
[15:45:39] [S1] mini_batch mini_step=7 optimizer_step=283 loss=127.81597900390625 top3_accuracy=0.9876543283462524 accumulation_position=3
[15:45:39] [S1] mini_batch mini_step=8 optimizer_step=283 loss=262.4496154785156 top3_accuracy=0.9566265344619751 accumulation_position=4
[15:45:39] [S1] optimizer optimizer_step=284 learning_rate=0.002 scaler_scale=64.0
[15:45:39] [S1] mini_batch mini_step=9 optimizer_step=284 loss=85.80962371826172 top3_accuracy=0.9948320388793945 accumulation_position=1
[15:45:39] [S1] mini_batch mini_step=10 optimizer_step=284 loss=94.51057434082031 top3_accuracy=0.9933554530143738 accumulation_position=2
[15:45:39] [S1] mini_batch mini_step=11 optimizer_step=284 loss=128.2751922607422 top3_accuracy=0.9801324605941772 accumulation_position=3
[15:45:39] [S1] mini_batch mini_step=12 optimizer_step=284 loss=96.49097442626953 top3_accuracy=0.9921466112136841 accumulation_position=4
[15:45:39] [S1] optimizer optimizer_step=285 learning_rate=0.002 scaler_scale=64.0
[15:45:40] [S1] mini_batch mini_step=13 optimizer_step=285 loss=136.776123046875 top3_accuracy=0.9753845930099487 accumulation_position=1
[15:45:40] [S1] mini_batch mini_step=14 optimizer_step=285 loss=211.05947875976562 top3_accuracy=0.9541062712669373 accumulation_position=2
[15:45:40] [S1] mini_batch mini_step=15 optimizer_step=285 loss=280.99273681640625 top3_accuracy=0.9009901285171509 accumulation_position=3
[15:45:40] [S1] mini_batch mini_step=16 optimizer_step=285 loss=133.72312927246094 top3_accuracy=0.9833887219429016 accumulation_position=4
[15:45:40] [S1] optimizer optimizer_step=286 learning_rate=0.002 scaler_scale=64.0
[15:45:40] [S1] mini_batch mini_step=17 optimizer_step=286 loss=120.47434997558594 top3_accuracy=0.9943661689758301 accumulation_position=1
[15:45:40] [S1] mini_batch mini_step=18 optimizer_step=286 loss=132.36065673828125 top3_accuracy=0.989847719669342 accumulation_position=2
[15:45:40] [S1] mini_batch mini_step=19 optimizer_step=286 loss=147.93106079101562 top3_accuracy=0.9947229623794556 accumulation_position=3
[15:45:41] [S1] mini_batch mini_step=20 optimizer_step=286 loss=76.54463195800781 top3_accuracy=0.9962406158447266 accumulation_position=4
[15:45:41] [S1] optimizer optimizer_step=287 learning_rate=0.002 scaler_scale=64.0
[15:45:41] [S1] mini_batch mini_step=21 optimizer_step=287 loss=62.280548095703125 top3_accuracy=0.9962825179100037 accumulation_position=1
[15:45:41] [S1] mini_batch mini_step=22 optimizer_step=287 loss=72.3839111328125 top3_accuracy=0.9963369965553284 accumulation_position=2
[15:45:41] [S1] mini_batch mini_step=23 optimizer_step=287 loss=101.44181823730469 top3_accuracy=0.9808306694030762 accumulation_position=3
[15:45:41] [S1] mini_batch mini_step=24 optimizer_step=287 loss=191.52755737304688 top3_accuracy=0.9750000238418579 accumulation_position=4
[15:45:41] [S1] optimizer optimizer_step=288 learning_rate=0.002 scaler_scale=64.0
[15:45:41] [S1] mini_batch mini_step=25 optimizer_step=288 loss=98.84565734863281 top3_accuracy=0.9972527623176575 accumulation_position=1
[15:45:41] [S1] mini_batch mini_step=26 optimizer_step=288 loss=108.07868957519531 top3_accuracy=0.9883720874786377 accumulation_position=2
[15:45:42] [S1] mini_batch mini_step=27 optimizer_step=288 loss=143.48899841308594 top3_accuracy=0.97444087266922 accumulation_position=3
[15:45:42] [S1] mini_batch mini_step=28 optimizer_step=288 loss=90.62904357910156 top3_accuracy=0.9899665713310242 accumulation_position=4
[15:45:42] [S1] optimizer optimizer_step=289 learning_rate=0.002 scaler_scale=64.0
[15:45:42] [S1] mini_batch mini_step=29 optimizer_step=289 loss=114.92713928222656 top3_accuracy=0.9728915691375732 accumulation_position=1
[15:45:42] [S1] mini_batch mini_step=30 optimizer_step=289 loss=78.00651550292969 top3_accuracy=0.9938650131225586 accumulation_position=2
[15:45:42] [S1] mini_batch mini_step=31 optimizer_step=289 loss=81.57046508789062 top3_accuracy=1.0 accumulation_position=3
[15:45:42] [S1] mini_batch mini_step=32 optimizer_step=289 loss=101.65624237060547 top3_accuracy=0.9933775067329407 accumulation_position=4
[15:45:42] [S1] optimizer optimizer_step=290 learning_rate=0.002 scaler_scale=64.0
[15:45:43] [S1] mini_batch mini_step=33 optimizer_step=290 loss=72.38105010986328 top3_accuracy=0.9966216087341309 accumulation_position=1
[15:45:43] [S1] mini_batch mini_step=34 optimizer_step=290 loss=75.0770263671875 top3_accuracy=1.0 accumulation_position=2
[15:45:43] [S1] mini_batch mini_step=35 optimizer_step=290 loss=86.25340270996094 top3_accuracy=0.9962546825408936 accumulation_position=3
[15:45:43] [S1] mini_batch mini_step=36 optimizer_step=290 loss=136.60211181640625 top3_accuracy=0.9916434288024902 accumulation_position=4
[15:45:43] [S1] optimizer optimizer_step=291 learning_rate=0.002 scaler_scale=64.0
[15:45:43] [S1] mini_batch mini_step=37 optimizer_step=291 loss=91.84607696533203 top3_accuracy=0.9929078221321106 accumulation_position=1
[15:45:43] [S1] mini_batch mini_step=38 optimizer_step=291 loss=87.4359359741211 top3_accuracy=0.9878787994384766 accumulation_position=2
[15:45:43] [S1] mini_batch mini_step=39 optimizer_step=291 loss=123.0491943359375 top3_accuracy=0.9851190447807312 accumulation_position=3
[15:45:44] [S1] mini_batch mini_step=40 optimizer_step=291 loss=181.11216735839844 top3_accuracy=0.9885386824607849 accumulation_position=4
[15:45:44] [S1] optimizer optimizer_step=292 learning_rate=0.002 scaler_scale=64.0
[15:45:44] [S1] mini_batch mini_step=41 optimizer_step=292 loss=146.01535034179688 top3_accuracy=0.9808743000030518 accumulation_position=1
[15:45:44] [S1] mini_batch mini_step=42 optimizer_step=292 loss=97.65868377685547 top3_accuracy=0.9970059990882874 accumulation_position=2
[15:45:44] [S1] mini_batch mini_step=43 optimizer_step=292 loss=100.09186553955078 top3_accuracy=0.993630588054657 accumulation_position=3
[15:45:44] [S1] mini_batch mini_step=44 optimizer_step=292 loss=192.73660278320312 top3_accuracy=0.940119743347168 accumulation_position=4
[15:45:44] [S1] optimizer optimizer_step=293 learning_rate=0.002 scaler_scale=64.0
[15:45:44] [S1] mini_batch mini_step=45 optimizer_step=293 loss=126.26934814453125 top3_accuracy=0.9908257126808167 accumulation_position=1
[15:45:44] [S1] mini_batch mini_step=46 optimizer_step=293 loss=184.04811096191406 top3_accuracy=0.9666666388511658 accumulation_position=2
[15:45:45] [S1] mini_batch mini_step=47 optimizer_step=293 loss=100.1898193359375 top3_accuracy=0.9968553185462952 accumulation_position=3
[15:45:45] [S1] mini_batch mini_step=48 optimizer_step=293 loss=166.44097900390625 top3_accuracy=0.9747633934020996 accumulation_position=4
[15:45:45] [S1] optimizer optimizer_step=294 learning_rate=0.002 scaler_scale=64.0
[15:45:45] [S1] mini_batch mini_step=49 optimizer_step=294 loss=82.23777770996094 top3_accuracy=0.9966443181037903 accumulation_position=1
[15:45:45] [S1] mini_batch mini_step=50 optimizer_step=294 loss=118.24420166015625 top3_accuracy=0.9896103739738464 accumulation_position=2
[15:45:45] [S1] mini_batch mini_step=51 optimizer_step=294 loss=90.20709991455078 top3_accuracy=0.9838056564331055 accumulation_position=3
[15:45:45] [S1] mini_batch mini_step=52 optimizer_step=294 loss=94.26177978515625 top3_accuracy=0.9914772510528564 accumulation_position=4
[15:45:45] [S1] optimizer optimizer_step=295 learning_rate=0.002 scaler_scale=64.0
[15:45:46] [S1] mini_batch mini_step=53 optimizer_step=295 loss=74.81446838378906 top3_accuracy=0.9898989796638489 accumulation_position=1
[15:45:46] [S1] mini_batch mini_step=54 optimizer_step=295 loss=91.89484405517578 top3_accuracy=0.9938461780548096 accumulation_position=2
[15:45:46] [S1] mini_batch mini_step=55 optimizer_step=295 loss=137.05307006835938 top3_accuracy=0.9786585569381714 accumulation_position=3
[15:45:46] [S1] mini_batch mini_step=56 optimizer_step=295 loss=191.6056365966797 top3_accuracy=0.9252873659133911 accumulation_position=4
[15:45:46] [S1] optimizer optimizer_step=296 learning_rate=0.002 scaler_scale=64.0
[15:45:46] [S1] mini_batch mini_step=57 optimizer_step=296 loss=78.7071533203125 top3_accuracy=0.9921875 accumulation_position=1
[15:45:46] [S1] mini_batch mini_step=58 optimizer_step=296 loss=67.58340454101562 top3_accuracy=0.99609375 accumulation_position=2
[15:45:46] [S1] mini_batch mini_step=59 optimizer_step=296 loss=88.86273956298828 top3_accuracy=0.9963369965553284 accumulation_position=3
[15:45:47] [S1] mini_batch mini_step=60 optimizer_step=296 loss=81.60356140136719 top3_accuracy=1.0 accumulation_position=4
[15:45:47] [S1] optimizer optimizer_step=297 learning_rate=0.002 scaler_scale=64.0
[15:45:47] [S1] mini_batch mini_step=61 optimizer_step=297 loss=93.17131042480469 top3_accuracy=0.9905956387519836 accumulation_position=1
[15:45:47] [S1] mini_batch mini_step=62 optimizer_step=297 loss=93.50138854980469 top3_accuracy=0.9847715497016907 accumulation_position=2
[15:45:47] [S1] mini_batch mini_step=63 optimizer_step=297 loss=102.69009399414062 top3_accuracy=0.9838709831237793 accumulation_position=3
[15:45:47] [S1] mini_batch mini_step=64 optimizer_step=297 loss=65.01542663574219 top3_accuracy=0.9966443181037903 accumulation_position=4
[15:45:47] [S1] optimizer optimizer_step=298 learning_rate=0.002 scaler_scale=64.0
[15:45:47] [S1] mini_batch mini_step=65 optimizer_step=298 loss=87.73188018798828 top3_accuracy=1.0 accumulation_position=1
[15:45:47] [S1] mini_batch mini_step=66 optimizer_step=298 loss=87.56592559814453 top3_accuracy=0.991525411605835 accumulation_position=2
[15:45:48] [S1] mini_batch mini_step=67 optimizer_step=298 loss=74.71336364746094 top3_accuracy=0.9968553185462952 accumulation_position=3
[15:45:48] [S1] mini_batch mini_step=68 optimizer_step=298 loss=76.76078033447266 top3_accuracy=0.9965397715568542 accumulation_position=4
[15:45:48] [S1] optimizer optimizer_step=299 learning_rate=0.002 scaler_scale=64.0
[15:45:48] [S1] mini_batch mini_step=69 optimizer_step=299 loss=69.9268569946289 top3_accuracy=0.9963898658752441 accumulation_position=1
[15:45:48] [S1] mini_batch mini_step=70 optimizer_step=299 loss=91.42044830322266 top3_accuracy=0.9940476417541504 accumulation_position=2
[15:45:48] [S1] mini_batch mini_step=71 optimizer_step=299 loss=88.52344512939453 top3_accuracy=1.0 accumulation_position=3
[15:45:48] [S1] mini_batch mini_step=72 optimizer_step=299 loss=72.73789978027344 top3_accuracy=0.9963503479957581 accumulation_position=4
[15:45:48] [S1] optimizer optimizer_step=300 learning_rate=0.002 scaler_scale=64.0
[15:45:50] [S1] checkpoint optimizer_step=300 path=D:\AI-Training\voice-clone\voice-pipeline\voice-pipeline\runs\Lucy\training\s1\checkpoints\step-00000300.pt
[15:45:50] [S1] mini_batch mini_step=73 optimizer_step=300 loss=93.63182830810547 top3_accuracy=0.9972299337387085 accumulation_position=1
[15:45:50] [S1] mini_batch mini_step=74 optimizer_step=300 loss=78.7401351928711 top3_accuracy=0.9871794581413269 accumulation_position=2
[15:45:51] [S1] mini_batch mini_step=75 optimizer_step=300 loss=85.19070434570312 top3_accuracy=0.9929577708244324 accumulation_position=3
[15:45:51] [S1] mini_batch mini_step=76 optimizer_step=300 loss=96.875244140625 top3_accuracy=0.9934640526771545 accumulation_position=4
[15:45:51] [S1] optimizer optimizer_step=301 learning_rate=0.002 scaler_scale=64.0
[15:45:51] [S1] mini_batch mini_step=77 optimizer_step=301 loss=88.70443725585938 top3_accuracy=0.99245285987854 accumulation_position=1
[15:45:51] [S1] mini_batch mini_step=78 optimizer_step=301 loss=105.94515991210938 top3_accuracy=0.9931740760803223 accumulation_position=2
[15:45:51] [S1] mini_batch mini_step=79 optimizer_step=301 loss=72.2867202758789 top3_accuracy=0.9959839582443237 accumulation_position=3
[15:45:51] [S1] mini_batch mini_step=80 optimizer_step=301 loss=115.83575439453125 top3_accuracy=0.9860334992408752 accumulation_position=4
[15:45:51] [S1] optimizer optimizer_step=302 learning_rate=0.002 scaler_scale=64.0
[15:45:52] [S1] mini_batch mini_step=81 optimizer_step=302 loss=59.27473449707031 top3_accuracy=1.0 accumulation_position=1
[15:45:52] [S1] mini_batch mini_step=82 optimizer_step=302 loss=90.62324523925781 top3_accuracy=0.9945054650306702 accumulation_position=2
[15:45:52] [S1] mini_batch mini_step=83 optimizer_step=302 loss=133.4530792236328 top3_accuracy=0.9975062608718872 accumulation_position=3
[15:45:52] [S1] mini_batch mini_step=84 optimizer_step=302 loss=92.06232452392578 top3_accuracy=0.9909365773200989 accumulation_position=4
[15:45:52] [S1] optimizer optimizer_step=303 learning_rate=0.002 scaler_scale=64.0
[15:45:52] [S1] mini_batch mini_step=85 optimizer_step=303 loss=57.469852447509766 top3_accuracy=0.996363639831543 accumulation_position=1
[15:45:52] [S1] mini_batch mini_step=86 optimizer_step=303 loss=87.75589752197266 top3_accuracy=0.996666669845581 accumulation_position=2
[15:45:52] [S1] mini_batch mini_step=87 optimizer_step=303 loss=90.38966369628906 top3_accuracy=0.9969696998596191 accumulation_position=3
[15:45:53] [S1] mini_batch mini_step=88 optimizer_step=303 loss=66.58499145507812 top3_accuracy=0.9963768124580383 accumulation_position=4
[15:45:53] [S1] optimizer optimizer_step=304 learning_rate=0.002 scaler_scale=64.0
[15:45:53] [S1] mini_batch mini_step=89 optimizer_step=304 loss=77.11790466308594 top3_accuracy=0.9938271641731262 accumulation_position=1
[15:45:53] [S1] mini_batch mini_step=90 optimizer_step=304 loss=113.02845764160156 top3_accuracy=1.0 accumulation_position=2
[15:45:53] [S1] mini_batch mini_step=91 optimizer_step=304 loss=47.54548645019531 top3_accuracy=0.9959349632263184 accumulation_position=3
[15:45:53] [S1] mini_batch mini_step=92 optimizer_step=304 loss=49.292076110839844 top3_accuracy=0.9959839582443237 accumulation_position=4
[15:45:53] [S1] optimizer optimizer_step=305 learning_rate=0.002 scaler_scale=64.0
[15:45:53] [S1] mini_batch mini_step=93 optimizer_step=305 loss=63.6234130859375 top3_accuracy=0.9967319965362549 accumulation_position=1
[15:45:54] [S1] mini_batch mini_step=94 optimizer_step=305 loss=85.42019653320312 top3_accuracy=0.9878048896789551 accumulation_position=2
[15:45:54] [S1] mini_batch mini_step=1 optimizer_step=305 loss=97.86474609375 top3_accuracy=0.9975786805152893 accumulation_position=3
[15:45:54] [S1] mini_batch mini_step=2 optimizer_step=305 loss=73.4084243774414 top3_accuracy=0.9939758777618408 accumulation_position=4
[15:45:54] [S1] optimizer optimizer_step=306 learning_rate=0.002 scaler_scale=64.0
[15:45:54] [S1] mini_batch mini_step=3 optimizer_step=306 loss=66.66400146484375 top3_accuracy=1.0 accumulation_position=1
[15:45:54] [S1] mini_batch mini_step=4 optimizer_step=306 loss=69.4873046875 top3_accuracy=0.9889298677444458 accumulation_position=2
[15:45:54] [S1] mini_batch mini_step=5 optimizer_step=306 loss=167.91757202148438 top3_accuracy=0.9473684430122375 accumulation_position=3
[15:45:54] [S1] mini_batch mini_step=6 optimizer_step=306 loss=136.7513885498047 top3_accuracy=0.9797688126564026 accumulation_position=4
[15:45:55] [S1] optimizer optimizer_step=307 learning_rate=0.002 scaler_scale=64.0
[15:45:55] [S1] mini_batch mini_step=7 optimizer_step=307 loss=114.90995788574219 top3_accuracy=0.9789473414421082 accumulation_position=1
[15:45:55] [S1] mini_batch mini_step=8 optimizer_step=307 loss=120.49024963378906 top3_accuracy=0.9887955188751221 accumulation_position=2
[15:45:55] [S1] mini_batch mini_step=9 optimizer_step=307 loss=101.61708068847656 top3_accuracy=0.994301974773407 accumulation_position=3
[15:45:55] [S1] mini_batch mini_step=10 optimizer_step=307 loss=273.75048828125 top3_accuracy=0.9093655347824097 accumulation_position=4
[15:45:55] [S1] optimizer optimizer_step=308 learning_rate=0.002 scaler_scale=64.0
[15:45:55] [S1] mini_batch mini_step=11 optimizer_step=308 loss=107.90682983398438 top3_accuracy=0.9855595827102661 accumulation_position=1
[15:45:55] [S1] mini_batch mini_step=12 optimizer_step=308 loss=176.76300048828125 top3_accuracy=0.980169951915741 accumulation_position=2
[15:45:56] [S1] mini_batch mini_step=13 optimizer_step=308 loss=127.4433364868164 top3_accuracy=0.9923076629638672 accumulation_position=3
[15:45:56] [S1] mini_batch mini_step=14 optimizer_step=308 loss=173.81488037109375 top3_accuracy=0.9473684430122375 accumulation_position=4
[15:45:56] [S1] optimizer optimizer_step=309 learning_rate=0.002 scaler_scale=64.0
[15:45:56] [S1] mini_batch mini_step=15 optimizer_step=309 loss=86.99627685546875 top3_accuracy=0.9935275316238403 accumulation_position=1
[15:45:56] [S1] mini_batch mini_step=16 optimizer_step=309 loss=130.27581787109375 top3_accuracy=0.9896551966667175 accumulation_position=2
[15:45:56] [S1] mini_batch mini_step=17 optimizer_step=309 loss=79.68125915527344 top3_accuracy=0.9933333396911621 accumulation_position=3
[15:45:56] [S1] mini_batch mini_step=18 optimizer_step=309 loss=90.76092529296875 top3_accuracy=0.9933775067329407 accumulation_position=4
[15:45:56] [S1] optimizer optimizer_step=310 learning_rate=0.002 scaler_scale=64.0
[15:45:56] [S1] mini_batch mini_step=19 optimizer_step=310 loss=69.88594055175781 top3_accuracy=1.0 accumulation_position=1
[15:45:57] [S1] mini_batch mini_step=20 optimizer_step=310 loss=88.33695220947266 top3_accuracy=0.9933554530143738 accumulation_position=2
[15:45:57] [S1] mini_batch mini_step=21 optimizer_step=310 loss=64.14545440673828 top3_accuracy=0.9959349632263184 accumulation_position=3
[15:45:57] [S1] mini_batch mini_step=22 optimizer_step=310 loss=124.6579818725586 top3_accuracy=0.9940476417541504 accumulation_position=4
[15:45:57] [S1] optimizer optimizer_step=311 learning_rate=0.002 scaler_scale=64.0
[15:45:57] [S1] mini_batch mini_step=23 optimizer_step=311 loss=232.6632080078125 top3_accuracy=0.9364640712738037 accumulation_position=1
[15:45:57] [S1] mini_batch mini_step=24 optimizer_step=311 loss=97.60086059570312 top3_accuracy=0.9939758777618408 accumulation_position=2
[15:45:57] [S1] mini_batch mini_step=25 optimizer_step=311 loss=77.68909454345703 top3_accuracy=0.9938650131225586 accumulation_position=3
[15:45:57] [S1] mini_batch mini_step=26 optimizer_step=311 loss=103.90078735351562 top3_accuracy=0.9943181872367859 accumulation_position=4
[15:45:58] [S1] optimizer optimizer_step=312 learning_rate=0.002 scaler_scale=64.0
[15:45:58] [S1] mini_batch mini_step=27 optimizer_step=312 loss=62.40817642211914 top3_accuracy=0.9923664331436157 accumulation_position=1
[15:45:58] [S1] mini_batch mini_step=28 optimizer_step=312 loss=59.302452087402344 top3_accuracy=0.9968253970146179 accumulation_position=2
[15:45:58] [S1] mini_batch mini_step=29 optimizer_step=312 loss=70.84893035888672 top3_accuracy=0.9939576983451843 accumulation_position=3
[15:45:58] [S1] mini_batch mini_step=30 optimizer_step=312 loss=54.97434997558594 top3_accuracy=0.9967845678329468 accumulation_position=4
[15:45:58] [S1] optimizer optimizer_step=313 learning_rate=0.002 scaler_scale=64.0
[15:45:58] [S1] mini_batch mini_step=31 optimizer_step=313 loss=80.07495880126953 top3_accuracy=0.9963898658752441 accumulation_position=1
[15:45:58] [S1] mini_batch mini_step=32 optimizer_step=313 loss=46.46638488769531 top3_accuracy=1.0 accumulation_position=2
[15:45:59] [S1] mini_batch mini_step=33 optimizer_step=313 loss=47.54094696044922 top3_accuracy=0.9958847761154175 accumulation_position=3
[15:45:59] [S1] mini_batch mini_step=34 optimizer_step=313 loss=62.1798095703125 top3_accuracy=0.9964912533760071 accumulation_position=4
[15:45:59] [S1] optimizer optimizer_step=314 learning_rate=0.002 scaler_scale=64.0
[15:45:59] [S1] mini_batch mini_step=35 optimizer_step=314 loss=52.123985290527344 top3_accuracy=0.9963768124580383 accumulation_position=1
[15:45:59] [S1] mini_batch mini_step=36 optimizer_step=314 loss=52.958160400390625 top3_accuracy=1.0 accumulation_position=2
[15:45:59] [S1] mini_batch mini_step=37 optimizer_step=314 loss=48.28738021850586 top3_accuracy=1.0 accumulation_position=3
[15:45:59] [S1] mini_batch mini_step=38 optimizer_step=314 loss=156.7913055419922 top3_accuracy=0.9758453965187073 accumulation_position=4
[15:45:59] [S1] optimizer optimizer_step=315 learning_rate=0.002 scaler_scale=64.0
[15:45:59] [S1] mini_batch mini_step=39 optimizer_step=315 loss=56.11865234375 top3_accuracy=0.9964538812637329 accumulation_position=1
[15:46:00] [S1] mini_batch mini_step=40 optimizer_step=315 loss=135.28062438964844 top3_accuracy=0.9796748161315918 accumulation_position=2
[15:46:00] [S1] mini_batch mini_step=41 optimizer_step=315 loss=127.184814453125 top3_accuracy=0.9704301357269287 accumulation_position=3
[15:46:00] [S1] mini_batch mini_step=42 optimizer_step=315 loss=73.3064193725586 top3_accuracy=0.9967637658119202 accumulation_position=4
[15:46:00] [S1] optimizer optimizer_step=316 learning_rate=0.002 scaler_scale=64.0
[15:46:00] [S1] mini_batch mini_step=43 optimizer_step=316 loss=58.21165084838867 top3_accuracy=1.0 accumulation_position=1
[15:46:00] [S1] mini_batch mini_step=44 optimizer_step=316 loss=64.41788482666016 top3_accuracy=0.996666669845581 accumulation_position=2
[15:46:00] [S1] mini_batch mini_step=45 optimizer_step=316 loss=120.18000793457031 top3_accuracy=0.9807692170143127 accumulation_position=3
[15:46:00] [S1] mini_batch mini_step=46 optimizer_step=316 loss=66.33535766601562 top3_accuracy=0.9965397715568542 accumulation_position=4
[15:46:01] [S1] optimizer optimizer_step=317 learning_rate=0.002 scaler_scale=64.0
[15:46:01] [S1] mini_batch mini_step=47 optimizer_step=317 loss=85.25607299804688 top3_accuracy=0.9854651093482971 accumulation_position=1
[15:46:01] [S1] mini_batch mini_step=48 optimizer_step=317 loss=110.78852844238281 top3_accuracy=0.9851301312446594 accumulation_position=2
[15:46:01] [S1] mini_batch mini_step=49 optimizer_step=317 loss=130.87672424316406 top3_accuracy=0.9636363387107849 accumulation_position=3
[15:46:01] [S1] mini_batch mini_step=50 optimizer_step=317 loss=64.3568115234375 top3_accuracy=0.9968652129173279 accumulation_position=4
[15:46:01] [S1] optimizer optimizer_step=318 learning_rate=0.002 scaler_scale=64.0
[15:46:01] [S1] mini_batch mini_step=51 optimizer_step=318 loss=63.84345245361328 top3_accuracy=0.9879999756813049 accumulation_position=1
[15:46:01] [S1] mini_batch mini_step=52 optimizer_step=318 loss=73.16168212890625 top3_accuracy=0.9896907210350037 accumulation_position=2
[15:46:02] [S1] mini_batch mini_step=53 optimizer_step=318 loss=77.1201171875 top3_accuracy=0.9964538812637329 accumulation_position=3
[15:46:02] [S1] mini_batch mini_step=54 optimizer_step=318 loss=58.855567932128906 top3_accuracy=1.0 accumulation_position=4
[15:46:02] [S1] optimizer optimizer_step=319 learning_rate=0.002 scaler_scale=64.0
[15:46:02] [S1] mini_batch mini_step=55 optimizer_step=319 loss=167.6938934326172 top3_accuracy=0.9922480583190918 accumulation_position=1
[15:46:02] [S1] mini_batch mini_step=56 optimizer_step=319 loss=84.00137329101562 top3_accuracy=0.9940828680992126 accumulation_position=2
[15:46:02] [S1] mini_batch mini_step=57 optimizer_step=319 loss=89.14141845703125 top3_accuracy=0.991150438785553 accumulation_position=3
[15:46:02] [S1] mini_batch mini_step=58 optimizer_step=319 loss=90.65161895751953 top3_accuracy=0.9972066879272461 accumulation_position=4
[15:46:02] [S1] optimizer optimizer_step=320 learning_rate=0.002 scaler_scale=64.0
[15:46:02] [S1] mini_batch mini_step=59 optimizer_step=320 loss=175.95252990722656 top3_accuracy=0.9485714435577393 accumulation_position=1
[15:46:03] [S1] mini_batch mini_step=60 optimizer_step=320 loss=139.36585998535156 top3_accuracy=0.9802631735801697 accumulation_position=2
[15:46:03] [S1] mini_batch mini_step=61 optimizer_step=320 loss=64.78205871582031 top3_accuracy=0.9969040155410767 accumulation_position=3
[15:46:03] [S1] mini_batch mini_step=62 optimizer_step=320 loss=76.74830627441406 top3_accuracy=0.9937499761581421 accumulation_position=4
[15:46:03] [S1] optimizer optimizer_step=321 learning_rate=0.002 scaler_scale=64.0
[15:46:03] [S1] mini_batch mini_step=63 optimizer_step=321 loss=71.72852325439453 top3_accuracy=0.996515691280365 accumulation_position=1
[15:46:03] [S1] mini_batch mini_step=64 optimizer_step=321 loss=75.67848205566406 top3_accuracy=0.9943661689758301 accumulation_position=2
[15:46:03] [S1] mini_batch mini_step=65 optimizer_step=321 loss=50.86237335205078 top3_accuracy=1.0 accumulation_position=3
[15:46:04] [S1] mini_batch mini_step=66 optimizer_step=321 loss=69.9682388305664 top3_accuracy=0.989130437374115 accumulation_position=4
[15:46:04] [S1] optimizer optimizer_step=322 learning_rate=0.002 scaler_scale=64.0
[15:46:04] [S1] mini_batch mini_step=67 optimizer_step=322 loss=87.07756042480469 top3_accuracy=0.9933554530143738 accumulation_position=1
[15:46:04] [S1] mini_batch mini_step=68 optimizer_step=322 loss=72.12486267089844 top3_accuracy=1.0 accumulation_position=2
[15:46:04] [S1] mini_batch mini_step=69 optimizer_step=322 loss=298.21795654296875 top3_accuracy=0.8908554315567017 accumulation_position=3
[15:46:04] [S1] mini_batch mini_step=70 optimizer_step=322 loss=117.47645568847656 top3_accuracy=0.9862068891525269 accumulation_position=4
[15:46:04] [S1] optimizer optimizer_step=323 learning_rate=0.002 scaler_scale=64.0
[15:46:04] [S1] mini_batch mini_step=71 optimizer_step=323 loss=89.34098815917969 top3_accuracy=0.9895833134651184 accumulation_position=1
[15:46:04] [S1] mini_batch mini_step=72 optimizer_step=323 loss=117.45634460449219 top3_accuracy=0.9790419340133667 accumulation_position=2
[15:46:05] [S1] mini_batch mini_step=73 optimizer_step=323 loss=80.98359680175781 top3_accuracy=0.9838709831237793 accumulation_position=3
[15:46:05] [S1] mini_batch mini_step=74 optimizer_step=323 loss=67.97895812988281 top3_accuracy=0.9923076629638672 accumulation_position=4
[15:46:05] [S1] optimizer optimizer_step=324 learning_rate=0.002 scaler_scale=64.0
[15:46:05] [S1] mini_batch mini_step=75 optimizer_step=324 loss=85.75553131103516 top3_accuracy=0.9968652129173279 accumulation_position=1
[15:46:05] [S1] mini_batch mini_step=76 optimizer_step=324 loss=167.14535522460938 top3_accuracy=0.9540983438491821 accumulation_position=2
[15:46:05] [S1] mini_batch mini_step=77 optimizer_step=324 loss=80.68209075927734 top3_accuracy=0.9936102032661438 accumulation_position=3
[15:46:05] [S1] mini_batch mini_step=78 optimizer_step=324 loss=46.98799133300781 top3_accuracy=1.0 accumulation_position=4
[15:46:05] [S1] optimizer optimizer_step=325 learning_rate=0.002 scaler_scale=64.0
[15:46:06] [S1] mini_batch mini_step=79 optimizer_step=325 loss=130.77842712402344 top3_accuracy=0.9974358677864075 accumulation_position=1
[15:46:06] [S1] mini_batch mini_step=80 optimizer_step=325 loss=109.14301300048828 top3_accuracy=0.9841688871383667 accumulation_position=2
[15:46:06] [S1] mini_batch mini_step=81 optimizer_step=325 loss=81.79209899902344 top3_accuracy=0.9918699264526367 accumulation_position=3
[15:46:06] [S1] mini_batch mini_step=82 optimizer_step=325 loss=78.93115234375 top3_accuracy=0.9923664331436157 accumulation_position=4
[15:46:06] [S1] optimizer optimizer_step=326 learning_rate=0.002 scaler_scale=64.0
[15:46:06] [S1] mini_batch mini_step=83 optimizer_step=326 loss=66.0646743774414 top3_accuracy=1.0 accumulation_position=1
[15:46:06] [S1] mini_batch mini_step=84 optimizer_step=326 loss=179.75698852539062 top3_accuracy=0.9816933870315552 accumulation_position=2
[15:46:06] [S1] mini_batch mini_step=85 optimizer_step=326 loss=84.17696380615234 top3_accuracy=0.996960461139679 accumulation_position=3
[15:46:07] [S1] mini_batch mini_step=86 optimizer_step=326 loss=78.49169921875 top3_accuracy=1.0 accumulation_position=4
[15:46:07] [S1] optimizer optimizer_step=327 learning_rate=0.002 scaler_scale=64.0
[15:46:07] [S1] mini_batch mini_step=87 optimizer_step=327 loss=101.51280212402344 top3_accuracy=0.9946808218955994 accumulation_position=1
[15:46:07] [S1] mini_batch mini_step=88 optimizer_step=327 loss=48.022403717041016 top3_accuracy=1.0 accumulation_position=2
[15:46:07] [S1] mini_batch mini_step=89 optimizer_step=327 loss=37.269004821777344 top3_accuracy=0.9964664578437805 accumulation_position=3
[15:46:07] [S1] mini_batch mini_step=90 optimizer_step=327 loss=165.34518432617188 top3_accuracy=0.9572649598121643 accumulation_position=4
[15:46:07] [S1] optimizer optimizer_step=328 learning_rate=0.002 scaler_scale=64.0
[15:46:07] [S1] mini_batch mini_step=91 optimizer_step=328 loss=65.41542053222656 top3_accuracy=0.9971590638160706 accumulation_position=1
[15:46:07] [S1] mini_batch mini_step=92 optimizer_step=328 loss=64.35506439208984 top3_accuracy=0.9963099360466003 accumulation_position=2
[15:46:08] [S1] mini_batch mini_step=93 optimizer_step=328 loss=47.137306213378906 top3_accuracy=1.0 accumulation_position=3
[15:46:08] [S1] mini_batch mini_step=94 optimizer_step=328 loss=110.53175354003906 top3_accuracy=0.9804878234863281 accumulation_position=4
[15:46:08] [S1] optimizer optimizer_step=329 learning_rate=0.002 scaler_scale=64.0
[15:46:08] [S1] mini_batch mini_step=1 optimizer_step=329 loss=62.7061882019043 top3_accuracy=0.9971346855163574 accumulation_position=1
[15:46:08] [S1] mini_batch mini_step=2 optimizer_step=329 loss=110.54388427734375 top3_accuracy=0.9976133704185486 accumulation_position=2
[15:46:08] [S1] mini_batch mini_step=3 optimizer_step=329 loss=48.35054397583008 top3_accuracy=1.0 accumulation_position=3
[15:46:08] [S1] mini_batch mini_step=4 optimizer_step=329 loss=75.62110900878906 top3_accuracy=1.0 accumulation_position=4
[15:46:08] [S1] optimizer optimizer_step=330 learning_rate=0.002 scaler_scale=64.0
[15:46:09] [S1] mini_batch mini_step=5 optimizer_step=330 loss=75.80604553222656 top3_accuracy=1.0 accumulation_position=1
[15:46:09] [S1] mini_batch mini_step=6 optimizer_step=330 loss=73.82908630371094 top3_accuracy=0.9937694668769836 accumulation_position=2
[15:46:09] [S1] mini_batch mini_step=7 optimizer_step=330 loss=41.75214385986328 top3_accuracy=1.0 accumulation_position=3
[15:46:09] [S1] mini_batch mini_step=8 optimizer_step=330 loss=89.63145446777344 top3_accuracy=0.9936908483505249 accumulation_position=4
[15:46:09] [S1] optimizer optimizer_step=331 learning_rate=0.002 scaler_scale=64.0
[15:46:09] [S1] mini_batch mini_step=9 optimizer_step=331 loss=95.11911010742188 top3_accuracy=0.988095223903656 accumulation_position=1
[15:46:09] [S1] mini_batch mini_step=10 optimizer_step=331 loss=73.62730407714844 top3_accuracy=1.0 accumulation_position=2
[15:46:09] [S1] mini_batch mini_step=11 optimizer_step=331 loss=47.35770797729492 top3_accuracy=0.9961389899253845 accumulation_position=3
[15:46:10] [S1] mini_batch mini_step=12 optimizer_step=331 loss=51.46025466918945 top3_accuracy=0.9961240291595459 accumulation_position=4
[15:46:10] [S1] optimizer optimizer_step=332 learning_rate=0.002 scaler_scale=64.0
[15:46:10] [S1] mini_batch mini_step=13 optimizer_step=332 loss=177.46084594726562 top3_accuracy=0.9425287246704102 accumulation_position=1
[15:46:10] [S1] mini_batch mini_step=14 optimizer_step=332 loss=85.6596450805664 top3_accuracy=1.0 accumulation_position=2
[15:46:10] [S1] mini_batch mini_step=15 optimizer_step=332 loss=91.97610473632812 top3_accuracy=0.9911764860153198 accumulation_position=3
[15:46:10] [S1] mini_batch mini_step=16 optimizer_step=332 loss=74.82290649414062 top3_accuracy=0.989051103591919 accumulation_position=4
[15:46:10] [S1] optimizer optimizer_step=333 learning_rate=0.002 scaler_scale=64.0
[15:46:10] [S1] mini_batch mini_step=17 optimizer_step=333 loss=166.340087890625 top3_accuracy=0.9492537379264832 accumulation_position=1
[15:46:10] [S1] mini_batch mini_step=18 optimizer_step=333 loss=52.063209533691406 top3_accuracy=0.9963235259056091 accumulation_position=2
[15:46:11] [S1] mini_batch mini_step=19 optimizer_step=333 loss=140.84129333496094 top3_accuracy=0.9623188376426697 accumulation_position=3
[15:46:11] [S1] mini_batch mini_step=20 optimizer_step=333 loss=62.02908706665039 top3_accuracy=0.9898989796638489 accumulation_position=4
[15:46:11] [S1] optimizer optimizer_step=334 learning_rate=0.002 scaler_scale=64.0
[15:46:11] [S1] mini_batch mini_step=21 optimizer_step=334 loss=76.50532531738281 top3_accuracy=1.0 accumulation_position=1
[15:46:11] [S1] mini_batch mini_step=22 optimizer_step=334 loss=59.68893051147461 top3_accuracy=0.9932659864425659 accumulation_position=2
[15:46:11] [S1] mini_batch mini_step=23 optimizer_step=334 loss=63.111385345458984 top3_accuracy=0.9895104765892029 accumulation_position=3
[15:46:11] [S1] mini_batch mini_step=24 optimizer_step=334 loss=87.30017852783203 top3_accuracy=1.0 accumulation_position=4
[15:46:11] [S1] optimizer optimizer_step=335 learning_rate=0.002 scaler_scale=64.0
[15:46:12] [S1] mini_batch mini_step=25 optimizer_step=335 loss=38.70633316040039 top3_accuracy=1.0 accumulation_position=1
[15:46:12] [S1] mini_batch mini_step=26 optimizer_step=335 loss=320.1960754394531 top3_accuracy=0.9144254326820374 accumulation_position=2
[15:46:12] [S1] mini_batch mini_step=27 optimizer_step=335 loss=74.94609069824219 top3_accuracy=1.0 accumulation_position=3
[15:46:12] [S1] mini_batch mini_step=28 optimizer_step=335 loss=49.302207946777344 top3_accuracy=0.9962121248245239 accumulation_position=4
[15:46:12] [S1] optimizer optimizer_step=336 learning_rate=0.002 scaler_scale=64.0
[15:46:12] [S1] mini_batch mini_step=29 optimizer_step=336 loss=82.03736877441406 top3_accuracy=0.9878419637680054 accumulation_position=1
[15:46:12] [S1] mini_batch mini_step=30 optimizer_step=336 loss=73.36641693115234 top3_accuracy=0.9963768124580383 accumulation_position=2
[15:46:12] [S1] mini_batch mini_step=31 optimizer_step=336 loss=50.386375427246094 top3_accuracy=0.9967319965362549 accumulation_position=3
[15:46:13] [S1] mini_batch mini_step=32 optimizer_step=336 loss=57.026268005371094 top3_accuracy=0.9969512224197388 accumulation_position=4
[15:46:13] [S1] optimizer optimizer_step=337 learning_rate=0.002 scaler_scale=64.0
[15:46:13] [S1] mini_batch mini_step=33 optimizer_step=337 loss=59.667755126953125 top3_accuracy=1.0 accumulation_position=1
[15:46:13] [S1] mini_batch mini_step=34 optimizer_step=337 loss=198.15330505371094 top3_accuracy=0.9413489699363708 accumulation_position=2
[15:46:13] [S1] mini_batch mini_step=35 optimizer_step=337 loss=40.64346694946289 top3_accuracy=1.0 accumulation_position=3
[15:46:13] [S1] mini_batch mini_step=36 optimizer_step=337 loss=73.27142333984375 top3_accuracy=0.9968152642250061 accumulation_position=4
[15:46:13] [S1] optimizer optimizer_step=338 learning_rate=0.002 scaler_scale=64.0
[15:46:13] [S1] mini_batch mini_step=37 optimizer_step=338 loss=46.88885498046875 top3_accuracy=0.9965870380401611 accumulation_position=1
[15:46:14] [S1] mini_batch mini_step=38 optimizer_step=338 loss=141.89816284179688 top3_accuracy=0.9927710890769958 accumulation_position=2
[15:46:14] [S1] mini_batch mini_step=39 optimizer_step=338 loss=114.85497283935547 top3_accuracy=0.9811912178993225 accumulation_position=3
[15:46:14] [S1] mini_batch mini_step=40 optimizer_step=338 loss=52.52330017089844 top3_accuracy=1.0 accumulation_position=4
[15:46:14] [S1] optimizer optimizer_step=339 learning_rate=0.002 scaler_scale=64.0
[15:46:14] [S1] mini_batch mini_step=41 optimizer_step=339 loss=204.64456176757812 top3_accuracy=0.9626436829566956 accumulation_position=1
[15:46:14] [S1] mini_batch mini_step=42 optimizer_step=339 loss=41.15782928466797 top3_accuracy=1.0 accumulation_position=2
[15:46:14] [S1] mini_batch mini_step=43 optimizer_step=339 loss=134.65350341796875 top3_accuracy=0.9798488616943359 accumulation_position=3
[15:46:14] [S1] mini_batch mini_step=44 optimizer_step=339 loss=75.98078918457031 top3_accuracy=0.9870129823684692 accumulation_position=4
[15:46:14] [S1] optimizer optimizer_step=340 learning_rate=0.002 scaler_scale=64.0
[15:46:15] [S1] mini_batch mini_step=45 optimizer_step=340 loss=51.39468002319336 top3_accuracy=1.0 accumulation_position=1
[15:46:15] [S1] mini_batch mini_step=46 optimizer_step=340 loss=80.17034912109375 top3_accuracy=0.99210524559021 accumulation_position=2
[15:46:15] [S1] mini_batch mini_step=47 optimizer_step=340 loss=65.64128875732422 top3_accuracy=0.9883720874786377 accumulation_position=3
[15:46:15] [S1] mini_batch mini_step=48 optimizer_step=340 loss=79.12944030761719 top3_accuracy=1.0 accumulation_position=4
[15:46:15] [S1] optimizer optimizer_step=341 learning_rate=0.002 scaler_scale=64.0
[15:46:15] [S1] mini_batch mini_step=49 optimizer_step=341 loss=92.41609191894531 top3_accuracy=0.9910714030265808 accumulation_position=1
[15:46:15] [S1] mini_batch mini_step=50 optimizer_step=341 loss=92.60620880126953 top3_accuracy=0.9744245409965515 accumulation_position=2
[15:46:15] [S1] mini_batch mini_step=51 optimizer_step=341 loss=44.227481842041016 top3_accuracy=0.9956331849098206 accumulation_position=3
[15:46:16] [S1] mini_batch mini_step=52 optimizer_step=341 loss=142.46873474121094 top3_accuracy=0.9504373073577881 accumulation_position=4
[15:46:16] [S1] optimizer optimizer_step=342 learning_rate=0.002 scaler_scale=64.0
[15:46:16] [S1] mini_batch mini_step=53 optimizer_step=342 loss=113.56814575195312 top3_accuracy=0.9754098653793335 accumulation_position=1
[15:46:16] [S1] mini_batch mini_step=54 optimizer_step=342 loss=59.50625991821289 top3_accuracy=1.0 accumulation_position=2
[15:46:16] [S1] mini_batch mini_step=55 optimizer_step=342 loss=63.31730270385742 top3_accuracy=0.9928315281867981 accumulation_position=3
[15:46:16] [S1] mini_batch mini_step=56 optimizer_step=342 loss=68.2779541015625 top3_accuracy=1.0 accumulation_position=4
[15:46:16] [S1] optimizer optimizer_step=343 learning_rate=0.002 scaler_scale=64.0
[15:46:16] [S1] mini_batch mini_step=57 optimizer_step=343 loss=74.32817077636719 top3_accuracy=0.9964413046836853 accumulation_position=1
[15:46:17] [S1] mini_batch mini_step=58 optimizer_step=343 loss=126.46189880371094 top3_accuracy=0.9833794832229614 accumulation_position=2
[15:46:17] [S1] mini_batch mini_step=59 optimizer_step=343 loss=63.42877197265625 top3_accuracy=0.9940476417541504 accumulation_position=3
[15:46:17] [S1] mini_batch mini_step=60 optimizer_step=343 loss=66.0910873413086 top3_accuracy=0.9933333396911621 accumulation_position=4
[15:46:17] [S1] optimizer optimizer_step=344 learning_rate=0.002 scaler_scale=64.0
[15:46:17] [S1] mini_batch mini_step=61 optimizer_step=344 loss=43.95600891113281 top3_accuracy=0.9957627058029175 accumulation_position=1
[15:46:17] [S1] mini_batch mini_step=62 optimizer_step=344 loss=66.74015045166016 top3_accuracy=1.0 accumulation_position=2
[15:46:17] [S1] mini_batch mini_step=63 optimizer_step=344 loss=76.6439208984375 top3_accuracy=0.9874607920646667 accumulation_position=3
[15:46:17] [S1] mini_batch mini_step=64 optimizer_step=344 loss=42.44664764404297 top3_accuracy=1.0 accumulation_position=4
[15:46:17] [S1] optimizer optimizer_step=345 learning_rate=0.002 scaler_scale=64.0
[15:46:18] [S1] mini_batch mini_step=65 optimizer_step=345 loss=62.81344223022461 top3_accuracy=0.9921466112136841 accumulation_position=1
[15:46:18] [S1] mini_batch mini_step=66 optimizer_step=345 loss=154.44717407226562 top3_accuracy=0.9571428298950195 accumulation_position=2
[15:46:18] [S1] mini_batch mini_step=67 optimizer_step=345 loss=61.80424118041992 top3_accuracy=0.9963503479957581 accumulation_position=3
[15:46:18] [S1] mini_batch mini_step=68 optimizer_step=345 loss=116.93131256103516 top3_accuracy=0.9859550595283508 accumulation_position=4
[15:46:18] [S1] optimizer optimizer_step=346 learning_rate=0.002 scaler_scale=64.0
[15:46:18] [S1] mini_batch mini_step=69 optimizer_step=346 loss=42.84942626953125 top3_accuracy=0.9967213273048401 accumulation_position=1
[15:46:18] [S1] mini_batch mini_step=70 optimizer_step=346 loss=80.01631164550781 top3_accuracy=1.0 accumulation_position=2
[15:46:18] [S1] mini_batch mini_step=71 optimizer_step=346 loss=76.72026062011719 top3_accuracy=0.9908257126808167 accumulation_position=3
[15:46:19] [S1] mini_batch mini_step=72 optimizer_step=346 loss=57.91370391845703 top3_accuracy=1.0 accumulation_position=4
[15:46:19] [S1] optimizer optimizer_step=347 learning_rate=0.002 scaler_scale=64.0
[15:46:19] [S1] mini_batch mini_step=73 optimizer_step=347 loss=42.25884246826172 top3_accuracy=0.992094874382019 accumulation_position=1
[15:46:19] [S1] mini_batch mini_step=74 optimizer_step=347 loss=87.32795715332031 top3_accuracy=0.996503472328186 accumulation_position=2
[15:46:19] [S1] mini_batch mini_step=75 optimizer_step=347 loss=95.26164245605469 top3_accuracy=0.9936102032661438 accumulation_position=3
[15:46:19] [S1] mini_batch mini_step=76 optimizer_step=347 loss=91.87263488769531 top3_accuracy=0.9828571677207947 accumulation_position=4
[15:46:19] [S1] optimizer optimizer_step=348 learning_rate=0.002 scaler_scale=64.0
[15:46:19] [S1] mini_batch mini_step=77 optimizer_step=348 loss=92.67807006835938 top3_accuracy=0.9970588088035583 accumulation_position=1
[15:46:20] [S1] mini_batch mini_step=78 optimizer_step=348 loss=124.1553726196289 top3_accuracy=0.9924050569534302 accumulation_position=2
[15:46:20] [S1] mini_batch mini_step=79 optimizer_step=348 loss=61.410606384277344 top3_accuracy=0.9938837885856628 accumulation_position=3
[15:46:20] [S1] mini_batch mini_step=80 optimizer_step=348 loss=63.27362823486328 top3_accuracy=0.9939576983451843 accumulation_position=4
[15:46:20] [S1] optimizer optimizer_step=349 learning_rate=0.002 scaler_scale=64.0
[15:46:20] [S1] mini_batch mini_step=81 optimizer_step=349 loss=46.502716064453125 top3_accuracy=1.0 accumulation_position=1
[15:46:20] [S1] mini_batch mini_step=82 optimizer_step=349 loss=45.54179382324219 top3_accuracy=0.9960629940032959 accumulation_position=2
[15:46:20] [S1] mini_batch mini_step=83 optimizer_step=349 loss=64.35592651367188 top3_accuracy=0.9971510171890259 accumulation_position=3
[15:46:20] [S1] mini_batch mini_step=84 optimizer_step=349 loss=69.87849426269531 top3_accuracy=0.9926739931106567 accumulation_position=4
[15:46:20] [S1] optimizer optimizer_step=350 learning_rate=0.002 scaler_scale=64.0
[15:46:21] [S1] mini_batch mini_step=85 optimizer_step=350 loss=67.68061065673828 top3_accuracy=0.9961389899253845 accumulation_position=1
[15:46:21] [S1] mini_batch mini_step=86 optimizer_step=350 loss=52.9444694519043 top3_accuracy=0.9964664578437805 accumulation_position=2
[15:46:21] [S1] mini_batch mini_step=87 optimizer_step=350 loss=51.82438278198242 top3_accuracy=1.0 accumulation_position=3
[15:46:21] [S1] mini_batch mini_step=88 optimizer_step=350 loss=73.08969116210938 top3_accuracy=0.9892473220825195 accumulation_position=4
[15:46:21] [S1] optimizer optimizer_step=351 learning_rate=0.002 scaler_scale=64.0
[15:46:21] [S1] mini_batch mini_step=89 optimizer_step=351 loss=49.137245178222656 top3_accuracy=0.9969879388809204 accumulation_position=1
[15:46:21] [S1] mini_batch mini_step=90 optimizer_step=351 loss=35.90922927856445 top3_accuracy=1.0 accumulation_position=2
[15:46:22] [S1] mini_batch mini_step=91 optimizer_step=351 loss=89.79788208007812 top3_accuracy=0.9818840622901917 accumulation_position=3
[15:46:22] [S1] mini_batch mini_step=92 optimizer_step=351 loss=54.02858352661133 top3_accuracy=0.9966555237770081 accumulation_position=4
[15:46:22] [S1] optimizer optimizer_step=352 learning_rate=0.002 scaler_scale=64.0
[15:46:22] [S1] mini_batch mini_step=93 optimizer_step=352 loss=72.60736083984375 top3_accuracy=0.9972899556159973 accumulation_position=1
[15:46:22] [S1] mini_batch mini_step=94 optimizer_step=352 loss=86.24505615234375 top3_accuracy=0.9936102032661438 accumulation_position=2
[15:46:22] [S1] mini_batch mini_step=1 optimizer_step=352 loss=88.64884948730469 top3_accuracy=0.9913793206214905 accumulation_position=3
[15:46:22] [S1] mini_batch mini_step=2 optimizer_step=352 loss=79.08699035644531 top3_accuracy=0.9848024249076843 accumulation_position=4
[15:46:22] [S1] optimizer optimizer_step=353 learning_rate=0.002 scaler_scale=64.0
[15:46:22] [S1] mini_batch mini_step=3 optimizer_step=353 loss=61.005348205566406 top3_accuracy=1.0 accumulation_position=1
[15:46:23] [S1] mini_batch mini_step=4 optimizer_step=353 loss=127.73881530761719 top3_accuracy=0.9893617033958435 accumulation_position=2
[15:46:23] [S1] mini_batch mini_step=5 optimizer_step=353 loss=138.2125244140625 top3_accuracy=0.9728915691375732 accumulation_position=3
[15:46:23] [S1] mini_batch mini_step=6 optimizer_step=353 loss=31.54030990600586 top3_accuracy=1.0 accumulation_position=4
[15:46:23] [S1] optimizer optimizer_step=354 learning_rate=0.002 scaler_scale=64.0
[15:46:23] [S1] mini_batch mini_step=7 optimizer_step=354 loss=59.8349494934082 top3_accuracy=0.9962825179100037 accumulation_position=1
[15:46:23] [S1] mini_batch mini_step=8 optimizer_step=354 loss=73.75201416015625 top3_accuracy=0.99071204662323 accumulation_position=2
[15:46:23] [S1] mini_batch mini_step=9 optimizer_step=354 loss=64.07099151611328 top3_accuracy=1.0 accumulation_position=3
[15:46:23] [S1] mini_batch mini_step=10 optimizer_step=354 loss=64.94883728027344 top3_accuracy=0.9966216087341309 accumulation_position=4
[15:46:24] [S1] optimizer optimizer_step=355 learning_rate=0.002 scaler_scale=64.0
[15:46:24] [S1] mini_batch mini_step=11 optimizer_step=355 loss=155.05569458007812 top3_accuracy=0.9878048896789551 accumulation_position=1
[15:46:24] [S1] mini_batch mini_step=12 optimizer_step=355 loss=68.680419921875 top3_accuracy=0.9933993220329285 accumulation_position=2
[15:46:24] [S1] mini_batch mini_step=13 optimizer_step=355 loss=118.32948303222656 top3_accuracy=0.9638554453849792 accumulation_position=3
[15:46:24] [S1] mini_batch mini_step=14 optimizer_step=355 loss=79.28871154785156 top3_accuracy=0.99622642993927 accumulation_position=4
[15:46:24] [S1] optimizer optimizer_step=356 learning_rate=0.002 scaler_scale=64.0
[15:46:24] [S1] mini_batch mini_step=15 optimizer_step=356 loss=48.43986511230469 top3_accuracy=0.9932659864425659 accumulation_position=1
[15:46:24] [S1] mini_batch mini_step=16 optimizer_step=356 loss=53.35877227783203 top3_accuracy=0.9967845678329468 accumulation_position=2
[15:46:25] [S1] mini_batch mini_step=17 optimizer_step=356 loss=55.47120666503906 top3_accuracy=1.0 accumulation_position=3
[15:46:25] [S1] mini_batch mini_step=18 optimizer_step=356 loss=54.72570037841797 top3_accuracy=0.9937304258346558 accumulation_position=4
[15:46:25] [S1] optimizer optimizer_step=357 learning_rate=0.002 scaler_scale=64.0
[15:46:25] [S1] mini_batch mini_step=19 optimizer_step=357 loss=249.69183349609375 top3_accuracy=0.9139465689659119 accumulation_position=1
[15:46:25] [S1] mini_batch mini_step=20 optimizer_step=357 loss=38.88066864013672 top3_accuracy=0.9965870380401611 accumulation_position=2
[15:46:25] [S1] mini_batch mini_step=21 optimizer_step=357 loss=50.425880432128906 top3_accuracy=0.9963768124580383 accumulation_position=3
[15:46:25] [S1] mini_batch mini_step=22 optimizer_step=357 loss=50.59330749511719 top3_accuracy=0.9964664578437805 accumulation_position=4
[15:46:25] [S1] optimizer optimizer_step=358 learning_rate=0.002 scaler_scale=64.0
[15:46:25] [S1] mini_batch mini_step=23 optimizer_step=358 loss=41.19586181640625 top3_accuracy=1.0 accumulation_position=1
[15:46:26] [S1] mini_batch mini_step=24 optimizer_step=358 loss=65.89923095703125 top3_accuracy=1.0 accumulation_position=2
[15:46:26] [S1] mini_batch mini_step=25 optimizer_step=358 loss=136.80679321289062 top3_accuracy=0.9714285731315613 accumulation_position=3
[15:46:26] [S1] mini_batch mini_step=26 optimizer_step=358 loss=54.06531524658203 top3_accuracy=0.9959183931350708 accumulation_position=4
[15:46:26] [S1] optimizer optimizer_step=359 learning_rate=0.002 scaler_scale=64.0
[15:46:26] [S1] mini_batch mini_step=27 optimizer_step=359 loss=71.025634765625 top3_accuracy=0.9905063509941101 accumulation_position=1
[15:46:26] [S1] mini_batch mini_step=28 optimizer_step=359 loss=53.293888092041016 top3_accuracy=0.9971988797187805 accumulation_position=2
[15:46:26] [S1] mini_batch mini_step=29 optimizer_step=359 loss=78.82435607910156 top3_accuracy=1.0 accumulation_position=3
[15:46:26] [S1] mini_batch mini_step=30 optimizer_step=359 loss=53.32603454589844 top3_accuracy=1.0 accumulation_position=4
[15:46:27] [S1] optimizer optimizer_step=360 learning_rate=0.002 scaler_scale=64.0
[15:46:27] [S1] mini_batch mini_step=31 optimizer_step=360 loss=80.26234436035156 top3_accuracy=0.9973683953285217 accumulation_position=1
[15:46:27] [S1] mini_batch mini_step=32 optimizer_step=360 loss=38.6591682434082 top3_accuracy=0.9964413046836853 accumulation_position=2
[15:46:27] [S1] mini_batch mini_step=33 optimizer_step=360 loss=34.232181549072266 top3_accuracy=1.0 accumulation_position=3
[15:46:27] [S1] mini_batch mini_step=34 optimizer_step=360 loss=49.725852966308594 top3_accuracy=0.9935275316238403 accumulation_position=4
[15:46:27] [S1] optimizer optimizer_step=361 learning_rate=0.002 scaler_scale=64.0
[15:46:27] [S1] mini_batch mini_step=35 optimizer_step=361 loss=46.771724700927734 top3_accuracy=1.0 accumulation_position=1
[15:46:27] [S1] mini_batch mini_step=36 optimizer_step=361 loss=55.08342361450195 top3_accuracy=0.997032642364502 accumulation_position=2
[15:46:28] [S1] mini_batch mini_step=37 optimizer_step=361 loss=70.01626586914062 top3_accuracy=0.9971428513526917 accumulation_position=3
[15:46:28] [S1] mini_batch mini_step=38 optimizer_step=361 loss=47.69574737548828 top3_accuracy=1.0 accumulation_position=4
[15:46:28] [S1] optimizer optimizer_step=362 learning_rate=0.002 scaler_scale=64.0
[15:46:28] [S1] mini_batch mini_step=39 optimizer_step=362 loss=143.14218139648438 top3_accuracy=0.9726368188858032 accumulation_position=1
[15:46:28] [S1] mini_batch mini_step=40 optimizer_step=362 loss=77.87152099609375 top3_accuracy=0.9959677457809448 accumulation_position=2
[15:46:28] [S1] mini_batch mini_step=41 optimizer_step=362 loss=50.5277099609375 top3_accuracy=0.9967948794364929 accumulation_position=3
[15:46:28] [S1] mini_batch mini_step=42 optimizer_step=362 loss=102.2443618774414 top3_accuracy=0.9946091771125793 accumulation_position=4
[15:46:28] [S1] optimizer optimizer_step=363 learning_rate=0.002 scaler_scale=64.0
[15:46:28] [S1] mini_batch mini_step=43 optimizer_step=363 loss=37.47636032104492 top3_accuracy=0.9965397715568542 accumulation_position=1
[15:46:29] [S1] mini_batch mini_step=44 optimizer_step=363 loss=62.701107025146484 top3_accuracy=0.9936708807945251 accumulation_position=2
[15:46:29] [S1] mini_batch mini_step=45 optimizer_step=363 loss=33.20786666870117 top3_accuracy=1.0 accumulation_position=3
[15:46:29] [S1] mini_batch mini_step=46 optimizer_step=363 loss=56.33758544921875 top3_accuracy=0.9965870380401611 accumulation_position=4
[15:46:29] [S1] optimizer optimizer_step=364 learning_rate=0.002 scaler_scale=64.0
[15:46:29] [S1] mini_batch mini_step=47 optimizer_step=364 loss=55.59185791015625 top3_accuracy=0.9938080310821533 accumulation_position=1
[15:46:29] [S1] mini_batch mini_step=48 optimizer_step=364 loss=44.42146301269531 top3_accuracy=1.0 accumulation_position=2
[15:46:29] [S1] mini_batch mini_step=49 optimizer_step=364 loss=44.46506881713867 top3_accuracy=0.996363639831543 accumulation_position=3
[15:46:30] [S1] mini_batch mini_step=50 optimizer_step=364 loss=68.2202377319336 top3_accuracy=0.9895012974739075 accumulation_position=4
[15:46:30] [S1] optimizer optimizer_step=365 learning_rate=0.002 scaler_scale=64.0
[15:46:30] [S1] mini_batch mini_step=51 optimizer_step=365 loss=93.41464233398438 top3_accuracy=0.9789789915084839 accumulation_position=1
[15:46:30] [S1] mini_batch mini_step=52 optimizer_step=365 loss=58.70608901977539 top3_accuracy=1.0 accumulation_position=2
[15:46:30] [S1] mini_batch mini_step=53 optimizer_step=365 loss=120.39967346191406 top3_accuracy=0.9897698163986206 accumulation_position=3
[15:46:30] [S1] mini_batch mini_step=54 optimizer_step=365 loss=37.027000427246094 top3_accuracy=0.9964664578437805 accumulation_position=4
[15:46:30] [S1] optimizer optimizer_step=366 learning_rate=0.002 scaler_scale=64.0
[15:46:30] [S1] mini_batch mini_step=55 optimizer_step=366 loss=68.16322326660156 top3_accuracy=0.9967532753944397 accumulation_position=1
[15:46:30] [S1] mini_batch mini_step=56 optimizer_step=366 loss=65.73613739013672 top3_accuracy=0.9938837885856628 accumulation_position=2
[15:46:31] [S1] mini_batch mini_step=57 optimizer_step=366 loss=61.049171447753906 top3_accuracy=0.9965277910232544 accumulation_position=3
[15:46:31] [S1] mini_batch mini_step=58 optimizer_step=366 loss=49.474117279052734 top3_accuracy=1.0 accumulation_position=4
[15:46:31] [S1] optimizer optimizer_step=367 learning_rate=0.002 scaler_scale=64.0
[15:46:31] [S1] mini_batch mini_step=59 optimizer_step=367 loss=45.70002746582031 top3_accuracy=0.9967741966247559 accumulation_position=1
[15:46:31] [S1] mini_batch mini_step=60 optimizer_step=367 loss=37.210182189941406 top3_accuracy=0.9961977005004883 accumulation_position=2
[15:46:31] [S1] mini_batch mini_step=61 optimizer_step=367 loss=63.457191467285156 top3_accuracy=0.9969040155410767 accumulation_position=3
[15:46:31] [S1] mini_batch mini_step=62 optimizer_step=367 loss=48.740047454833984 top3_accuracy=0.9935064911842346 accumulation_position=4
[15:46:31] [S1] optimizer optimizer_step=368 learning_rate=0.002 scaler_scale=64.0
[15:46:32] [S1] mini_batch mini_step=63 optimizer_step=368 loss=83.78004455566406 top3_accuracy=0.9756097793579102 accumulation_position=1
[15:46:32] [S1] mini_batch mini_step=64 optimizer_step=368 loss=43.9752082824707 top3_accuracy=1.0 accumulation_position=2
[15:46:32] [S1] mini_batch mini_step=65 optimizer_step=368 loss=146.86334228515625 top3_accuracy=0.9520766735076904 accumulation_position=3
[15:46:32] [S1] mini_batch mini_step=66 optimizer_step=368 loss=30.70972442626953 top3_accuracy=0.9961832165718079 accumulation_position=4
[15:46:32] [S1] optimizer optimizer_step=369 learning_rate=0.002 scaler_scale=64.0
[15:46:32] [S1] mini_batch mini_step=67 optimizer_step=369 loss=46.936561584472656 top3_accuracy=1.0 accumulation_position=1
[15:46:32] [S1] mini_batch mini_step=68 optimizer_step=369 loss=300.9674072265625 top3_accuracy=0.9047619104385376 accumulation_position=2
[15:46:32] [S1] mini_batch mini_step=69 optimizer_step=369 loss=55.7061653137207 top3_accuracy=0.987730085849762 accumulation_position=3
[15:46:33] [S1] mini_batch mini_step=70 optimizer_step=369 loss=33.29353332519531 top3_accuracy=0.9965517520904541 accumulation_position=4
[15:46:33] [S1] optimizer optimizer_step=370 learning_rate=0.002 scaler_scale=64.0
[15:46:33] [S1] mini_batch mini_step=71 optimizer_step=370 loss=55.960906982421875 top3_accuracy=0.9906250238418579 accumulation_position=1
[15:46:33] [S1] mini_batch mini_step=72 optimizer_step=370 loss=48.789329528808594 top3_accuracy=1.0 accumulation_position=2
[15:46:33] [S1] mini_batch mini_step=73 optimizer_step=370 loss=98.97453308105469 top3_accuracy=0.996610164642334 accumulation_position=3
[15:46:33] [S1] mini_batch mini_step=74 optimizer_step=370 loss=35.96051788330078 top3_accuracy=1.0 accumulation_position=4
[15:46:33] [S1] optimizer optimizer_step=371 learning_rate=0.002 scaler_scale=64.0
[15:46:33] [S1] mini_batch mini_step=75 optimizer_step=371 loss=72.94752502441406 top3_accuracy=0.9960629940032959 accumulation_position=1
[15:46:34] [S1] mini_batch mini_step=76 optimizer_step=371 loss=102.32020568847656 top3_accuracy=0.9974424839019775 accumulation_position=2
[15:46:34] [S1] mini_batch mini_step=77 optimizer_step=371 loss=107.0745620727539 top3_accuracy=1.0 accumulation_position=3
[15:46:34] [S1] mini_batch mini_step=78 optimizer_step=371 loss=231.02279663085938 top3_accuracy=0.9378109574317932 accumulation_position=4
[15:46:34] [S1] optimizer optimizer_step=372 learning_rate=0.002 scaler_scale=64.0
[15:46:34] [S1] mini_batch mini_step=79 optimizer_step=372 loss=72.38655853271484 top3_accuracy=0.996503472328186 accumulation_position=1
[15:46:34] [S1] mini_batch mini_step=80 optimizer_step=372 loss=83.21502685546875 top3_accuracy=0.9973753094673157 accumulation_position=2
[15:46:34] [S1] mini_batch mini_step=81 optimizer_step=372 loss=32.15473175048828 top3_accuracy=1.0 accumulation_position=3
[15:46:34] [S1] mini_batch mini_step=82 optimizer_step=372 loss=46.484771728515625 top3_accuracy=0.9963898658752441 accumulation_position=4
[15:46:34] [S1] optimizer optimizer_step=373 learning_rate=0.002 scaler_scale=64.0
[15:46:35] [S1] mini_batch mini_step=83 optimizer_step=373 loss=164.42721557617188 top3_accuracy=0.9575757384300232 accumulation_position=1
[15:46:35] [S1] mini_batch mini_step=84 optimizer_step=373 loss=88.556396484375 top3_accuracy=0.994490385055542 accumulation_position=2
[15:46:35] [S1] mini_batch mini_step=85 optimizer_step=373 loss=52.85317611694336 top3_accuracy=0.9939209818840027 accumulation_position=3
[15:46:35] [S1] mini_batch mini_step=86 optimizer_step=373 loss=101.3590087890625 top3_accuracy=0.9972066879272461 accumulation_position=4
[15:46:35] [S1] optimizer optimizer_step=374 learning_rate=0.002 scaler_scale=64.0
[15:46:35] [S1] mini_batch mini_step=87 optimizer_step=374 loss=51.65224075317383 top3_accuracy=0.9963235259056091 accumulation_position=1
[15:46:35] [S1] mini_batch mini_step=88 optimizer_step=374 loss=61.012325286865234 top3_accuracy=0.9966443181037903 accumulation_position=2
[15:46:35] [S1] mini_batch mini_step=89 optimizer_step=374 loss=53.293617248535156 top3_accuracy=0.9940298795700073 accumulation_position=3
[15:46:36] [S1] mini_batch mini_step=90 optimizer_step=374 loss=65.98661041259766 top3_accuracy=0.9936102032661438 accumulation_position=4
[15:46:36] [S1] optimizer optimizer_step=375 learning_rate=0.002 scaler_scale=64.0
[15:46:36] [S1] mini_batch mini_step=91 optimizer_step=375 loss=61.59223556518555 top3_accuracy=0.9909909963607788 accumulation_position=1
[15:46:36] [S1] mini_batch mini_step=92 optimizer_step=375 loss=44.67027282714844 top3_accuracy=1.0 accumulation_position=2
[15:46:36] [S1] mini_batch mini_step=93 optimizer_step=375 loss=46.2919807434082 top3_accuracy=0.9964664578437805 accumulation_position=3
[15:46:36] [S1] mini_batch mini_step=94 optimizer_step=375 loss=53.34125900268555 top3_accuracy=1.0 accumulation_position=4
[15:46:36] [S1] optimizer optimizer_step=376 learning_rate=0.002 scaler_scale=64.0
[15:46:36] [S1] mini_batch mini_step=1 optimizer_step=376 loss=34.06310272216797 top3_accuracy=1.0 accumulation_position=1
[15:46:37] [S1] mini_batch mini_step=2 optimizer_step=376 loss=41.752899169921875 top3_accuracy=1.0 accumulation_position=2
[15:46:37] [S1] mini_batch mini_step=3 optimizer_step=376 loss=29.19810676574707 top3_accuracy=1.0 accumulation_position=3
[15:46:37] [S1] mini_batch mini_step=4 optimizer_step=376 loss=53.795562744140625 top3_accuracy=1.0 accumulation_position=4
[15:46:37] [S1] optimizer optimizer_step=377 learning_rate=0.002 scaler_scale=64.0
[15:46:37] [S1] mini_batch mini_step=5 optimizer_step=377 loss=39.03437423706055 top3_accuracy=1.0 accumulation_position=1
[15:46:37] [S1] mini_batch mini_step=6 optimizer_step=377 loss=47.34796905517578 top3_accuracy=0.9966555237770081 accumulation_position=2
[15:46:37] [S1] mini_batch mini_step=7 optimizer_step=377 loss=41.77174758911133 top3_accuracy=1.0 accumulation_position=3
[15:46:37] [S1] mini_batch mini_step=8 optimizer_step=377 loss=53.29725646972656 top3_accuracy=1.0 accumulation_position=4
[15:46:37] [S1] optimizer optimizer_step=378 learning_rate=0.002 scaler_scale=64.0
[15:46:38] [S1] mini_batch mini_step=9 optimizer_step=378 loss=109.50032806396484 top3_accuracy=0.9746478796005249 accumulation_position=1
[15:46:38] [S1] mini_batch mini_step=10 optimizer_step=378 loss=43.97651672363281 top3_accuracy=1.0 accumulation_position=2
[15:46:38] [S1] mini_batch mini_step=11 optimizer_step=378 loss=54.788875579833984 top3_accuracy=0.9960784316062927 accumulation_position=3
[15:46:38] [S1] mini_batch mini_step=12 optimizer_step=378 loss=113.47883605957031 top3_accuracy=0.982807993888855 accumulation_position=4
[15:46:38] [S1] optimizer optimizer_step=379 learning_rate=0.002 scaler_scale=64.0
[15:46:38] [S1] mini_batch mini_step=13 optimizer_step=379 loss=106.28974914550781 top3_accuracy=0.9895287752151489 accumulation_position=1
[15:46:38] [S1] mini_batch mini_step=14 optimizer_step=379 loss=51.033992767333984 top3_accuracy=0.9960629940032959 accumulation_position=2
[15:46:38] [S1] mini_batch mini_step=15 optimizer_step=379 loss=36.86088562011719 top3_accuracy=0.9966996908187866 accumulation_position=3
[15:46:39] [S1] mini_batch mini_step=16 optimizer_step=379 loss=158.7438201904297 top3_accuracy=0.9369369149208069 accumulation_position=4
[15:46:39] [S1] optimizer optimizer_step=380 learning_rate=0.002 scaler_scale=64.0
[15:46:39] [S1] mini_batch mini_step=17 optimizer_step=380 loss=53.63654708862305 top3_accuracy=1.0 accumulation_position=1
[15:46:39] [S1] mini_batch mini_step=18 optimizer_step=380 loss=47.59693145751953 top3_accuracy=1.0 accumulation_position=2
[15:46:39] [S1] mini_batch mini_step=19 optimizer_step=380 loss=47.21712875366211 top3_accuracy=0.9967845678329468 accumulation_position=3
[15:46:39] [S1] mini_batch mini_step=20 optimizer_step=380 loss=47.44720458984375 top3_accuracy=0.9961832165718079 accumulation_position=4
[15:46:39] [S1] optimizer optimizer_step=381 learning_rate=0.002 scaler_scale=64.0
[15:46:39] [S1] mini_batch mini_step=21 optimizer_step=381 loss=88.71699523925781 top3_accuracy=0.9946666955947876 accumulation_position=1
[15:46:40] [S1] mini_batch mini_step=22 optimizer_step=381 loss=59.899314880371094 top3_accuracy=0.9941349029541016 accumulation_position=2
[15:46:40] [S1] mini_batch mini_step=23 optimizer_step=381 loss=106.52117919921875 top3_accuracy=0.9922077655792236 accumulation_position=3
[15:46:40] [S1] mini_batch mini_step=24 optimizer_step=381 loss=65.16434478759766 top3_accuracy=1.0 accumulation_position=4
[15:46:40] [S1] optimizer optimizer_step=382 learning_rate=0.002 scaler_scale=64.0
[15:46:40] [S1] mini_batch mini_step=25 optimizer_step=382 loss=66.21282958984375 top3_accuracy=1.0 accumulation_position=1
[15:46:40] [S1] mini_batch mini_step=26 optimizer_step=382 loss=52.874305725097656 top3_accuracy=0.9970588088035583 accumulation_position=2
[15:46:40] [S1] mini_batch mini_step=27 optimizer_step=382 loss=57.444828033447266 top3_accuracy=0.987730085849762 accumulation_position=3
[15:46:40] [S1] mini_batch mini_step=28 optimizer_step=382 loss=67.746826171875 top3_accuracy=0.9933333396911621 accumulation_position=4
[15:46:41] [S1] optimizer optimizer_step=383 learning_rate=0.002 scaler_scale=64.0
[15:46:41] [S1] mini_batch mini_step=29 optimizer_step=383 loss=35.118072509765625 top3_accuracy=1.0 accumulation_position=1
[15:46:41] [S1] mini_batch mini_step=30 optimizer_step=383 loss=51.72599411010742 top3_accuracy=1.0 accumulation_position=2
[15:46:41] [S1] mini_batch mini_step=31 optimizer_step=383 loss=35.34437942504883 top3_accuracy=1.0 accumulation_position=3
[15:46:41] [S1] mini_batch mini_step=32 optimizer_step=383 loss=44.694358825683594 top3_accuracy=1.0 accumulation_position=4
[15:46:41] [S1] optimizer optimizer_step=384 learning_rate=0.002 scaler_scale=64.0
[15:46:41] [S1] mini_batch mini_step=33 optimizer_step=384 loss=68.13703155517578 top3_accuracy=1.0 accumulation_position=1
[15:46:41] [S1] mini_batch mini_step=34 optimizer_step=384 loss=31.848230361938477 top3_accuracy=0.9969135522842407 accumulation_position=2
[15:46:42] [S1] mini_batch mini_step=35 optimizer_step=384 loss=89.01847839355469 top3_accuracy=0.9950000047683716 accumulation_position=3
[15:46:42] [S1] mini_batch mini_step=36 optimizer_step=384 loss=53.26966094970703 top3_accuracy=0.997560977935791 accumulation_position=4
[15:46:42] [S1] optimizer optimizer_step=385 learning_rate=0.002 scaler_scale=64.0
[15:46:42] [S1] mini_batch mini_step=37 optimizer_step=385 loss=31.260089874267578 top3_accuracy=1.0 accumulation_position=1
[15:46:42] [S1] mini_batch mini_step=38 optimizer_step=385 loss=63.503753662109375 top3_accuracy=0.9884393215179443 accumulation_position=2
[15:46:42] [S1] mini_batch mini_step=39 optimizer_step=385 loss=48.86351013183594 top3_accuracy=1.0 accumulation_position=3
[15:46:42] [S1] mini_batch mini_step=40 optimizer_step=385 loss=56.98754119873047 top3_accuracy=1.0 accumulation_position=4
[15:46:42] [S1] optimizer optimizer_step=386 learning_rate=0.002 scaler_scale=64.0
[15:46:42] [S1] mini_batch mini_step=41 optimizer_step=386 loss=67.20217895507812 top3_accuracy=0.9970674514770508 accumulation_position=1
[15:46:43] [S1] mini_batch mini_step=42 optimizer_step=386 loss=58.42950439453125 top3_accuracy=0.9870550036430359 accumulation_position=2
[15:46:43] [S1] mini_batch mini_step=43 optimizer_step=386 loss=53.671142578125 top3_accuracy=0.9930555820465088 accumulation_position=3
[15:46:43] [S1] mini_batch mini_step=44 optimizer_step=386 loss=39.72174835205078 top3_accuracy=1.0 accumulation_position=4
[15:46:43] [S1] optimizer optimizer_step=387 learning_rate=0.002 scaler_scale=64.0
[15:46:43] [S1] mini_batch mini_step=45 optimizer_step=387 loss=68.48162078857422 top3_accuracy=0.9919354915618896 accumulation_position=1
[15:46:43] [S1] mini_batch mini_step=46 optimizer_step=387 loss=74.50277709960938 top3_accuracy=0.9907975196838379 accumulation_position=2
[15:46:43] [S1] mini_batch mini_step=47 optimizer_step=387 loss=65.53810119628906 top3_accuracy=0.9961089491844177 accumulation_position=3
[15:46:43] [S1] mini_batch mini_step=48 optimizer_step=387 loss=20.200273513793945 top3_accuracy=1.0 accumulation_position=4
[15:46:44] [S1] optimizer optimizer_step=388 learning_rate=0.002 scaler_scale=64.0
[15:46:44] [S1] mini_batch mini_step=49 optimizer_step=388 loss=44.405723571777344 top3_accuracy=1.0 accumulation_position=1
[15:46:44] [S1] mini_batch mini_step=50 optimizer_step=388 loss=27.901077270507812 top3_accuracy=1.0 accumulation_position=2
[15:46:44] [S1] mini_batch mini_step=51 optimizer_step=388 loss=40.35261535644531 top3_accuracy=0.9971098303794861 accumulation_position=3
[15:46:44] [S1] mini_batch mini_step=52 optimizer_step=388 loss=44.76873779296875 top3_accuracy=0.9959677457809448 accumulation_position=4
[15:46:44] [S1] optimizer optimizer_step=389 learning_rate=0.002 scaler_scale=64.0
[15:46:44] [S1] mini_batch mini_step=53 optimizer_step=389 loss=55.906898498535156 top3_accuracy=0.9969788789749146 accumulation_position=1
[15:46:44] [S1] mini_batch mini_step=54 optimizer_step=389 loss=67.2718505859375 top3_accuracy=1.0 accumulation_position=2
[15:46:45] [S1] mini_batch mini_step=55 optimizer_step=389 loss=36.365455627441406 top3_accuracy=1.0 accumulation_position=3
[15:46:45] [S1] mini_batch mini_step=56 optimizer_step=389 loss=102.3154296875 top3_accuracy=0.9876922965049744 accumulation_position=4
[15:46:45] [S1] optimizer optimizer_step=390 learning_rate=0.002 scaler_scale=64.0
[15:46:45] [S1] mini_batch mini_step=57 optimizer_step=390 loss=43.18111801147461 top3_accuracy=1.0 accumulation_position=1
[15:46:45] [S1] mini_batch mini_step=58 optimizer_step=390 loss=62.92058563232422 top3_accuracy=0.9935897588729858 accumulation_position=2
[15:46:45] [S1] mini_batch mini_step=59 optimizer_step=390 loss=45.6904296875 top3_accuracy=0.9966443181037903 accumulation_position=3
[15:46:45] [S1] mini_batch mini_step=60 optimizer_step=390 loss=63.6859130859375 top3_accuracy=0.9968944191932678 accumulation_position=4
[15:46:45] [S1] optimizer optimizer_step=391 learning_rate=0.002 scaler_scale=64.0
[15:46:45] [S1] mini_batch mini_step=61 optimizer_step=391 loss=47.250892639160156 top3_accuracy=0.9961538314819336 accumulation_position=1
[15:46:46] [S1] mini_batch mini_step=62 optimizer_step=391 loss=38.298091888427734 top3_accuracy=0.996503472328186 accumulation_position=2
[15:46:46] [S1] mini_batch mini_step=63 optimizer_step=391 loss=71.45289611816406 top3_accuracy=0.9857549667358398 accumulation_position=3
[15:46:46] [S1] mini_batch mini_step=64 optimizer_step=391 loss=43.728981018066406 top3_accuracy=1.0 accumulation_position=4
[15:46:46] [S1] optimizer optimizer_step=392 learning_rate=0.002 scaler_scale=64.0
[15:46:46] [S1] mini_batch mini_step=65 optimizer_step=392 loss=114.97941589355469 top3_accuracy=0.9820972084999084 accumulation_position=1
[15:46:46] [S1] mini_batch mini_step=66 optimizer_step=392 loss=44.864707946777344 top3_accuracy=0.9968652129173279 accumulation_position=2
[15:46:46] [S1] mini_batch mini_step=67 optimizer_step=392 loss=288.47601318359375 top3_accuracy=0.9002770185470581 accumulation_position=3
[15:46:46] [S1] mini_batch mini_step=68 optimizer_step=392 loss=136.26126098632812 top3_accuracy=0.9978308081626892 accumulation_position=4
[15:46:47] [S1] optimizer optimizer_step=393 learning_rate=0.002 scaler_scale=64.0
[15:46:47] [S1] mini_batch mini_step=69 optimizer_step=393 loss=71.0391616821289 top3_accuracy=0.996632993221283 accumulation_position=1
[15:46:47] [S1] mini_batch mini_step=70 optimizer_step=393 loss=33.93653869628906 top3_accuracy=1.0 accumulation_position=2
[15:46:47] [S1] mini_batch mini_step=71 optimizer_step=393 loss=40.322593688964844 top3_accuracy=1.0 accumulation_position=3
[15:46:47] [S1] mini_batch mini_step=72 optimizer_step=393 loss=56.067108154296875 top3_accuracy=0.9929078221321106 accumulation_position=4
[15:46:47] [S1] optimizer optimizer_step=394 learning_rate=0.002 scaler_scale=64.0
[15:46:47] [S1] mini_batch mini_step=73 optimizer_step=394 loss=49.17443084716797 top3_accuracy=1.0 accumulation_position=1
[15:46:47] [S1] mini_batch mini_step=74 optimizer_step=394 loss=81.10301208496094 top3_accuracy=0.9922879338264465 accumulation_position=2
[15:46:48] [S1] mini_batch mini_step=75 optimizer_step=394 loss=26.43303108215332 top3_accuracy=0.9959183931350708 accumulation_position=3
[15:46:48] [S1] mini_batch mini_step=76 optimizer_step=394 loss=42.7796630859375 top3_accuracy=0.9970760345458984 accumulation_position=4
[15:46:48] [S1] optimizer optimizer_step=395 learning_rate=0.002 scaler_scale=64.0
[15:46:48] [S1] mini_batch mini_step=77 optimizer_step=395 loss=31.727489471435547 top3_accuracy=1.0 accumulation_position=1
[15:46:48] [S1] mini_batch mini_step=78 optimizer_step=395 loss=24.229290008544922 top3_accuracy=0.9958506226539612 accumulation_position=2
[15:46:48] [S1] mini_batch mini_step=79 optimizer_step=395 loss=37.12478256225586 top3_accuracy=1.0 accumulation_position=3
[15:46:48] [S1] mini_batch mini_step=80 optimizer_step=395 loss=56.304603576660156 top3_accuracy=1.0 accumulation_position=4
[15:46:48] [S1] optimizer optimizer_step=396 learning_rate=0.002 scaler_scale=64.0
[15:46:49] [S1] mini_batch mini_step=81 optimizer_step=396 loss=70.50177001953125 top3_accuracy=0.9947780966758728 accumulation_position=1
[15:46:49] [S1] mini_batch mini_step=82 optimizer_step=396 loss=64.26837158203125 top3_accuracy=0.9884393215179443 accumulation_position=2
[15:46:49] [S1] mini_batch mini_step=83 optimizer_step=396 loss=42.081077575683594 top3_accuracy=1.0 accumulation_position=3
[15:46:49] [S1] mini_batch mini_step=84 optimizer_step=396 loss=58.38785934448242 top3_accuracy=0.997032642364502 accumulation_position=4
[15:46:49] [S1] optimizer optimizer_step=397 learning_rate=0.002 scaler_scale=64.0
[15:46:49] [S1] mini_batch mini_step=85 optimizer_step=397 loss=105.44159698486328 top3_accuracy=0.9902676343917847 accumulation_position=1
[15:46:49] [S1] mini_batch mini_step=86 optimizer_step=397 loss=56.48930358886719 top3_accuracy=0.996874988079071 accumulation_position=2
[15:46:49] [S1] mini_batch mini_step=87 optimizer_step=397 loss=62.28406524658203 top3_accuracy=0.9969969987869263 accumulation_position=3
[15:46:50] [S1] mini_batch mini_step=88 optimizer_step=397 loss=26.920944213867188 top3_accuracy=1.0 accumulation_position=4
[15:46:50] [S1] optimizer optimizer_step=398 learning_rate=0.002 scaler_scale=64.0
[15:46:50] [S1] mini_batch mini_step=89 optimizer_step=398 loss=59.169742584228516 top3_accuracy=0.9928315281867981 accumulation_position=1
[15:46:50] [S1] mini_batch mini_step=90 optimizer_step=398 loss=201.8857879638672 top3_accuracy=0.9503722190856934 accumulation_position=2
[15:46:50] [S1] mini_batch mini_step=91 optimizer_step=398 loss=33.43811798095703 top3_accuracy=1.0 accumulation_position=3
[15:46:50] [S1] mini_batch mini_step=92 optimizer_step=398 loss=33.89682388305664 top3_accuracy=1.0 accumulation_position=4
[15:46:50] [S1] optimizer optimizer_step=399 learning_rate=0.002 scaler_scale=64.0
[15:46:50] [S1] mini_batch mini_step=93 optimizer_step=399 loss=45.247093200683594 top3_accuracy=0.9935275316238403 accumulation_position=1
[15:46:50] [S1] mini_batch mini_step=94 optimizer_step=399 loss=34.5395393371582 top3_accuracy=0.9963768124580383 accumulation_position=2
[15:46:51] [S1] mini_batch mini_step=1 optimizer_step=399 loss=42.83927917480469 top3_accuracy=0.9967637658119202 accumulation_position=3
[15:46:51] [S1] mini_batch mini_step=2 optimizer_step=399 loss=38.41598892211914 top3_accuracy=0.9968152642250061 accumulation_position=4
[15:46:51] [S1] optimizer optimizer_step=400 learning_rate=0.002 scaler_scale=64.0
[15:46:52] [S1] checkpoint optimizer_step=400 path=D:\AI-Training\voice-clone\voice-pipeline\voice-pipeline\runs\Lucy\training\s1\checkpoints\step-00000400.pt
[15:46:53] [S1] mini_batch mini_step=3 optimizer_step=400 loss=40.35053634643555 top3_accuracy=1.0 accumulation_position=1
[15:46:53] [S1] mini_batch mini_step=4 optimizer_step=400 loss=38.415042877197266 top3_accuracy=0.9963099360466003 accumulation_position=2
[15:46:53] [S1] mini_batch mini_step=5 optimizer_step=400 loss=20.425949096679688 top3_accuracy=1.0 accumulation_position=3
[15:46:53] [S1] mini_batch mini_step=6 optimizer_step=400 loss=68.27916717529297 top3_accuracy=0.9937304258346558 accumulation_position=4
[15:46:53] [S1] optimizer optimizer_step=401 learning_rate=0.002 scaler_scale=64.0
[15:46:53] [S1] mini_batch mini_step=7 optimizer_step=401 loss=61.99755096435547 top3_accuracy=0.989130437374115 accumulation_position=1
[15:46:53] [S1] mini_batch mini_step=8 optimizer_step=401 loss=36.997257232666016 top3_accuracy=1.0 accumulation_position=2
[15:46:53] [S1] mini_batch mini_step=9 optimizer_step=401 loss=58.1546630859375 top3_accuracy=0.9962825179100037 accumulation_position=3
[15:46:54] [S1] mini_batch mini_step=10 optimizer_step=401 loss=159.07891845703125 top3_accuracy=0.941504180431366 accumulation_position=4
[15:46:54] [S1] optimizer optimizer_step=402 learning_rate=0.002 scaler_scale=64.0
[15:46:54] [S1] mini_batch mini_step=11 optimizer_step=402 loss=159.199462890625 top3_accuracy=0.9518413543701172 accumulation_position=1
[15:46:54] [S1] mini_batch mini_step=12 optimizer_step=402 loss=130.9315185546875 top3_accuracy=0.9879153966903687 accumulation_position=2
[15:46:54] [S1] mini_batch mini_step=13 optimizer_step=402 loss=33.58130645751953 top3_accuracy=0.9965277910232544 accumulation_position=3
[15:46:54] [S1] mini_batch mini_step=14 optimizer_step=402 loss=65.82477569580078 top3_accuracy=1.0 accumulation_position=4
[15:46:54] [S1] optimizer optimizer_step=403 learning_rate=0.002 scaler_scale=64.0
[15:46:54] [S1] mini_batch mini_step=15 optimizer_step=403 loss=38.22522735595703 top3_accuracy=1.0 accumulation_position=1
[15:46:54] [S1] mini_batch mini_step=16 optimizer_step=403 loss=61.64384841918945 top3_accuracy=0.9928571581840515 accumulation_position=2
[15:46:55] [S1] mini_batch mini_step=17 optimizer_step=403 loss=38.490936279296875 top3_accuracy=1.0 accumulation_position=3
[15:46:55] [S1] mini_batch mini_step=18 optimizer_step=403 loss=26.660873413085938 top3_accuracy=1.0 accumulation_position=4
[15:46:55] [S1] optimizer optimizer_step=404 learning_rate=0.002 scaler_scale=64.0
[15:46:55] [S1] mini_batch mini_step=19 optimizer_step=404 loss=29.801193237304688 top3_accuracy=1.0 accumulation_position=1
[15:46:55] [S1] mini_batch mini_step=20 optimizer_step=404 loss=55.51136779785156 top3_accuracy=0.9966777563095093 accumulation_position=2
[15:46:55] [S1] mini_batch mini_step=21 optimizer_step=404 loss=73.54399108886719 top3_accuracy=0.9933333396911621 accumulation_position=3
[15:46:55] [S1] mini_batch mini_step=22 optimizer_step=404 loss=66.2216796875 top3_accuracy=0.9907692074775696 accumulation_position=4
[15:46:55] [S1] optimizer optimizer_step=405 learning_rate=0.002 scaler_scale=64.0
[15:46:56] [S1] mini_batch mini_step=23 optimizer_step=405 loss=37.173606872558594 top3_accuracy=1.0 accumulation_position=1
[15:46:56] [S1] mini_batch mini_step=24 optimizer_step=405 loss=79.64225006103516 top3_accuracy=0.9943181872367859 accumulation_position=2
[15:46:56] [S1] mini_batch mini_step=25 optimizer_step=405 loss=54.35377883911133 top3_accuracy=0.9970845580101013 accumulation_position=3
[15:46:56] [S1] mini_batch mini_step=26 optimizer_step=405 loss=47.12071990966797 top3_accuracy=0.9965870380401611 accumulation_position=4
[15:46:56] [S1] optimizer optimizer_step=406 learning_rate=0.002 scaler_scale=64.0
[15:46:56] [S1] mini_batch mini_step=27 optimizer_step=406 loss=51.0735969543457 top3_accuracy=0.9974619150161743 accumulation_position=1
[15:46:56] [S1] mini_batch mini_step=28 optimizer_step=406 loss=39.09090042114258 top3_accuracy=0.9968253970146179 accumulation_position=2
[15:46:56] [S1] mini_batch mini_step=29 optimizer_step=406 loss=16.455629348754883 top3_accuracy=1.0 accumulation_position=3
[15:46:57] [S1] mini_batch mini_step=30 optimizer_step=406 loss=57.539615631103516 top3_accuracy=0.9941002726554871 accumulation_position=4
[15:46:57] [S1] optimizer optimizer_step=407 learning_rate=0.002 scaler_scale=64.0
[15:46:57] [S1] mini_batch mini_step=31 optimizer_step=407 loss=51.4161376953125 top3_accuracy=0.9961389899253845 accumulation_position=1
[15:46:57] [S1] mini_batch mini_step=32 optimizer_step=407 loss=41.81587600708008 top3_accuracy=0.9970501661300659 accumulation_position=2
[15:46:57] [S1] mini_batch mini_step=33 optimizer_step=407 loss=101.61236572265625 top3_accuracy=1.0 accumulation_position=3
[15:46:57] [S1] mini_batch mini_step=34 optimizer_step=407 loss=57.903175354003906 top3_accuracy=0.9854545593261719 accumulation_position=4
[15:46:57] [S1] optimizer optimizer_step=408 learning_rate=0.002 scaler_scale=64.0
[15:46:57] [S1] mini_batch mini_step=35 optimizer_step=408 loss=50.141075134277344 top3_accuracy=0.994413435459137 accumulation_position=1
[15:46:57] [S1] mini_batch mini_step=36 optimizer_step=408 loss=28.048023223876953 top3_accuracy=1.0 accumulation_position=2
[15:46:58] [S1] mini_batch mini_step=37 optimizer_step=408 loss=29.600025177001953 top3_accuracy=0.9963898658752441 accumulation_position=3
[15:46:58] [S1] mini_batch mini_step=38 optimizer_step=408 loss=110.87975311279297 top3_accuracy=0.994962215423584 accumulation_position=4
[15:46:58] [S1] optimizer optimizer_step=409 learning_rate=0.002 scaler_scale=64.0
[15:46:58] [S1] mini_batch mini_step=39 optimizer_step=409 loss=34.0367317199707 top3_accuracy=1.0 accumulation_position=1
[15:46:58] [S1] mini_batch mini_step=40 optimizer_step=409 loss=62.14923095703125 top3_accuracy=0.9894737005233765 accumulation_position=2
[15:46:58] [S1] mini_batch mini_step=41 optimizer_step=409 loss=51.22541809082031 top3_accuracy=0.99245285987854 accumulation_position=3
[15:46:58] [S1] mini_batch mini_step=42 optimizer_step=409 loss=35.42111587524414 top3_accuracy=0.9966555237770081 accumulation_position=4
[15:46:58] [S1] optimizer optimizer_step=410 learning_rate=0.002 scaler_scale=64.0
[15:46:59] [S1] mini_batch mini_step=43 optimizer_step=410 loss=47.50650405883789 top3_accuracy=1.0 accumulation_position=1
[15:46:59] [S1] mini_batch mini_step=44 optimizer_step=410 loss=29.12508773803711 top3_accuracy=0.9968253970146179 accumulation_position=2
[15:46:59] [S1] mini_batch mini_step=45 optimizer_step=410 loss=45.748146057128906 top3_accuracy=1.0 accumulation_position=3
[15:46:59] [S1] mini_batch mini_step=46 optimizer_step=410 loss=74.65513610839844 top3_accuracy=0.9779179692268372 accumulation_position=4
[15:46:59] [S1] optimizer optimizer_step=411 learning_rate=0.002 scaler_scale=64.0
[15:46:59] [S1] mini_batch mini_step=47 optimizer_step=411 loss=45.37092590332031 top3_accuracy=0.9972527623176575 accumulation_position=1
[15:46:59] [S1] mini_batch mini_step=48 optimizer_step=411 loss=53.89201354980469 top3_accuracy=0.9964157938957214 accumulation_position=2
[15:46:59] [S1] mini_batch mini_step=49 optimizer_step=411 loss=57.149723052978516 top3_accuracy=0.9941520690917969 accumulation_position=3
[15:47:00] [S1] mini_batch mini_step=50 optimizer_step=411 loss=46.01055908203125 top3_accuracy=0.9964788556098938 accumulation_position=4
[15:47:00] [S1] optimizer optimizer_step=412 learning_rate=0.002 scaler_scale=64.0
[15:47:00] [S1] mini_batch mini_step=51 optimizer_step=412 loss=113.17705535888672 top3_accuracy=0.9912472367286682 accumulation_position=1
[15:47:00] [S1] mini_batch mini_step=52 optimizer_step=412 loss=59.844879150390625 top3_accuracy=0.9906250238418579 accumulation_position=2
[15:47:00] [S1] mini_batch mini_step=53 optimizer_step=412 loss=45.22652816772461 top3_accuracy=1.0 accumulation_position=3
[15:47:00] [S1] mini_batch mini_step=54 optimizer_step=412 loss=89.81132507324219 top3_accuracy=0.9948849081993103 accumulation_position=4
[15:47:00] [S1] optimizer optimizer_step=413 learning_rate=0.002 scaler_scale=64.0
[15:47:00] [S1] mini_batch mini_step=55 optimizer_step=413 loss=48.0107307434082 top3_accuracy=0.9964538812637329 accumulation_position=1
[15:47:01] [S1] mini_batch mini_step=56 optimizer_step=413 loss=31.084672927856445 top3_accuracy=1.0 accumulation_position=2
[15:47:01] [S1] mini_batch mini_step=57 optimizer_step=413 loss=56.62989807128906 top3_accuracy=1.0 accumulation_position=3
[15:47:01] [S1] mini_batch mini_step=58 optimizer_step=413 loss=42.2750129699707 top3_accuracy=0.9963503479957581 accumulation_position=4
[15:47:01] [S1] optimizer optimizer_step=414 learning_rate=0.002 scaler_scale=64.0
[15:47:01] [S1] mini_batch mini_step=59 optimizer_step=414 loss=38.63155746459961 top3_accuracy=0.9967741966247559 accumulation_position=1
[15:47:01] [S1] mini_batch mini_step=60 optimizer_step=414 loss=62.503910064697266 top3_accuracy=1.0 accumulation_position=2
[15:47:01] [S1] mini_batch mini_step=61 optimizer_step=414 loss=121.59486389160156 top3_accuracy=0.9838274717330933 accumulation_position=3
[15:47:01] [S1] mini_batch mini_step=62 optimizer_step=414 loss=66.49060821533203 top3_accuracy=0.997183084487915 accumulation_position=4
[15:47:01] [S1] optimizer optimizer_step=415 learning_rate=0.002 scaler_scale=64.0
[15:47:02] [S1] mini_batch mini_step=63 optimizer_step=415 loss=28.05924415588379 top3_accuracy=1.0 accumulation_position=1
[15:47:02] [S1] mini_batch mini_step=64 optimizer_step=415 loss=55.449485778808594 top3_accuracy=1.0 accumulation_position=2
[15:47:02] [S1] mini_batch mini_step=65 optimizer_step=415 loss=25.69137954711914 top3_accuracy=1.0 accumulation_position=3
[15:47:02] [S1] mini_batch mini_step=66 optimizer_step=415 loss=33.83767318725586 top3_accuracy=0.9935897588729858 accumulation_position=4
[15:47:02] [S1] optimizer optimizer_step=416 learning_rate=0.002 scaler_scale=64.0
[15:47:02] [S1] mini_batch mini_step=67 optimizer_step=416 loss=33.02503204345703 top3_accuracy=0.9971988797187805 accumulation_position=1
[15:47:02] [S1] mini_batch mini_step=68 optimizer_step=416 loss=220.176025390625 top3_accuracy=0.9309462904930115 accumulation_position=2
[15:47:02] [S1] mini_batch mini_step=69 optimizer_step=416 loss=183.7041015625 top3_accuracy=0.9352112412452698 accumulation_position=3
[15:47:03] [S1] mini_batch mini_step=70 optimizer_step=416 loss=36.36616516113281 top3_accuracy=0.9968051314353943 accumulation_position=4
[15:47:03] [S1] optimizer optimizer_step=417 learning_rate=0.002 scaler_scale=64.0
[15:47:03] [S1] mini_batch mini_step=71 optimizer_step=417 loss=56.644527435302734 top3_accuracy=0.9923664331436157 accumulation_position=1
[15:47:03] [S1] mini_batch mini_step=72 optimizer_step=417 loss=57.38896179199219 top3_accuracy=1.0 accumulation_position=2
[15:47:03] [S1] mini_batch mini_step=73 optimizer_step=417 loss=92.39872741699219 top3_accuracy=0.9889196753501892 accumulation_position=3
[15:47:03] [S1] mini_batch mini_step=74 optimizer_step=417 loss=23.45572853088379 top3_accuracy=1.0 accumulation_position=4
[15:47:03] [S1] optimizer optimizer_step=418 learning_rate=0.002 scaler_scale=64.0
[15:47:03] [S1] mini_batch mini_step=75 optimizer_step=418 loss=131.38363647460938 top3_accuracy=0.9650537371635437 accumulation_position=1
[15:47:04] [S1] mini_batch mini_step=76 optimizer_step=418 loss=31.562257766723633 top3_accuracy=1.0 accumulation_position=2
[15:47:04] [S1] mini_batch mini_step=77 optimizer_step=418 loss=30.290447235107422 top3_accuracy=1.0 accumulation_position=3
[15:47:04] [S1] mini_batch mini_step=78 optimizer_step=418 loss=26.92361831665039 top3_accuracy=1.0 accumulation_position=4
[15:47:04] [S1] optimizer optimizer_step=419 learning_rate=0.002 scaler_scale=64.0
[15:47:04] [S1] mini_batch mini_step=79 optimizer_step=419 loss=27.979419708251953 top3_accuracy=1.0 accumulation_position=1
[15:47:04] [S1] mini_batch mini_step=80 optimizer_step=419 loss=97.5146713256836 top3_accuracy=0.996610164642334 accumulation_position=2
[15:47:04] [S1] mini_batch mini_step=81 optimizer_step=419 loss=31.976837158203125 top3_accuracy=1.0 accumulation_position=3
[15:47:04] [S1] mini_batch mini_step=82 optimizer_step=419 loss=35.59608459472656 top3_accuracy=1.0 accumulation_position=4
[15:47:04] [S1] optimizer optimizer_step=420 learning_rate=0.002 scaler_scale=64.0
[15:47:05] [S1] mini_batch mini_step=83 optimizer_step=420 loss=82.9952163696289 top3_accuracy=0.9909365773200989 accumulation_position=1
[15:47:05] [S1] mini_batch mini_step=84 optimizer_step=420 loss=29.735048294067383 top3_accuracy=1.0 accumulation_position=2
[15:47:05] [S1] mini_batch mini_step=85 optimizer_step=420 loss=33.081329345703125 top3_accuracy=0.9959349632263184 accumulation_position=3
[15:47:05] [S1] mini_batch mini_step=86 optimizer_step=420 loss=73.16278076171875 top3_accuracy=0.9909909963607788 accumulation_position=4
[15:47:05] [S1] optimizer optimizer_step=421 learning_rate=0.002 scaler_scale=64.0
[15:47:05] [S1] mini_batch mini_step=87 optimizer_step=421 loss=59.13555145263672 top3_accuracy=0.9947643876075745 accumulation_position=1
[15:47:05] [S1] mini_batch mini_step=88 optimizer_step=421 loss=106.75590515136719 top3_accuracy=0.9668674468994141 accumulation_position=2
[15:47:05] [S1] mini_batch mini_step=89 optimizer_step=421 loss=23.331546783447266 top3_accuracy=1.0 accumulation_position=3
[15:47:06] [S1] mini_batch mini_step=90 optimizer_step=421 loss=44.559574127197266 top3_accuracy=1.0 accumulation_position=4
[15:47:06] [S1] optimizer optimizer_step=422 learning_rate=0.002 scaler_scale=64.0
[15:47:06] [S1] mini_batch mini_step=91 optimizer_step=422 loss=52.28929901123047 top3_accuracy=0.9938271641731262 accumulation_position=1
[15:47:06] [S1] mini_batch mini_step=92 optimizer_step=422 loss=56.71384811401367 top3_accuracy=0.9966996908187866 accumulation_position=2
[15:47:06] [S1] mini_batch mini_step=93 optimizer_step=422 loss=82.55608367919922 top3_accuracy=0.9973190426826477 accumulation_position=3
[15:47:06] [S1] mini_batch mini_step=94 optimizer_step=422 loss=47.60615158081055 top3_accuracy=0.9971098303794861 accumulation_position=4
[15:47:06] [S1] optimizer optimizer_step=423 learning_rate=0.002 scaler_scale=64.0
[15:47:06] [S1] mini_batch mini_step=1 optimizer_step=423 loss=23.936614990234375 top3_accuracy=1.0 accumulation_position=1
[15:47:07] [S1] mini_batch mini_step=2 optimizer_step=423 loss=91.77902221679688 top3_accuracy=0.9774011373519897 accumulation_position=2
[15:47:07] [S1] mini_batch mini_step=3 optimizer_step=423 loss=40.96102523803711 top3_accuracy=0.9937304258346558 accumulation_position=3
[15:47:07] [S1] mini_batch mini_step=4 optimizer_step=423 loss=31.603134155273438 top3_accuracy=0.9961089491844177 accumulation_position=4
[15:47:07] [S1] optimizer optimizer_step=424 learning_rate=0.002 scaler_scale=64.0
[15:47:07] [S1] mini_batch mini_step=5 optimizer_step=424 loss=81.11377716064453 top3_accuracy=0.9970501661300659 accumulation_position=1
[15:47:07] [S1] mini_batch mini_step=6 optimizer_step=424 loss=35.96366882324219 top3_accuracy=0.9968253970146179 accumulation_position=2
[15:47:07] [S1] mini_batch mini_step=7 optimizer_step=424 loss=120.26768493652344 top3_accuracy=0.9869109988212585 accumulation_position=3
[15:47:07] [S1] mini_batch mini_step=8 optimizer_step=424 loss=47.06804656982422 top3_accuracy=1.0 accumulation_position=4
[15:47:07] [S1] optimizer optimizer_step=425 learning_rate=0.002 scaler_scale=64.0
[15:47:08] [S1] mini_batch mini_step=9 optimizer_step=425 loss=48.706451416015625 top3_accuracy=0.9965277910232544 accumulation_position=1
[15:47:08] [S1] mini_batch mini_step=10 optimizer_step=425 loss=36.13159942626953 top3_accuracy=0.9963235259056091 accumulation_position=2
[15:47:08] [S1] mini_batch mini_step=11 optimizer_step=425 loss=55.00920867919922 top3_accuracy=0.9936908483505249 accumulation_position=3
[15:47:08] [S1] mini_batch mini_step=12 optimizer_step=425 loss=45.91302490234375 top3_accuracy=0.997474730014801 accumulation_position=4
[15:47:08] [S1] optimizer optimizer_step=426 learning_rate=0.002 scaler_scale=64.0
[15:47:08] [S1] mini_batch mini_step=13 optimizer_step=426 loss=26.024974822998047 top3_accuracy=0.9968152642250061 accumulation_position=1
[15:47:08] [S1] mini_batch mini_step=14 optimizer_step=426 loss=41.00846481323242 top3_accuracy=1.0 accumulation_position=2
[15:47:08] [S1] mini_batch mini_step=15 optimizer_step=426 loss=51.1170654296875 top3_accuracy=1.0 accumulation_position=3
[15:47:09] [S1] mini_batch mini_step=16 optimizer_step=426 loss=108.62767028808594 top3_accuracy=0.9900497794151306 accumulation_position=4
[15:47:09] [S1] optimizer optimizer_step=427 learning_rate=0.002 scaler_scale=64.0
[15:47:09] [S1] mini_batch mini_step=17 optimizer_step=427 loss=97.27983856201172 top3_accuracy=0.9746031761169434 accumulation_position=1
[15:47:09] [S1] mini_batch mini_step=18 optimizer_step=427 loss=73.90676879882812 top3_accuracy=0.9817232489585876 accumulation_position=2
[15:47:09] [S1] mini_batch mini_step=19 optimizer_step=427 loss=38.54454040527344 top3_accuracy=1.0 accumulation_position=3
[15:47:09] [S1] mini_batch mini_step=20 optimizer_step=427 loss=29.9996395111084 top3_accuracy=0.9966777563095093 accumulation_position=4
[15:47:09] [S1] optimizer optimizer_step=428 learning_rate=0.002 scaler_scale=64.0
[15:47:09] [S1] mini_batch mini_step=21 optimizer_step=428 loss=22.12948989868164 top3_accuracy=0.9962406158447266 accumulation_position=1
[15:47:10] [S1] mini_batch mini_step=22 optimizer_step=428 loss=31.49007225036621 top3_accuracy=1.0 accumulation_position=2
[15:47:10] [S1] mini_batch mini_step=23 optimizer_step=428 loss=49.95507049560547 top3_accuracy=1.0 accumulation_position=3
[15:47:10] [S1] mini_batch mini_step=24 optimizer_step=428 loss=58.39318084716797 top3_accuracy=1.0 accumulation_position=4
[15:47:10] [S1] optimizer optimizer_step=429 learning_rate=0.002 scaler_scale=64.0
[15:47:10] [S1] mini_batch mini_step=25 optimizer_step=429 loss=69.93598175048828 top3_accuracy=1.0 accumulation_position=1
[15:47:10] [S1] mini_batch mini_step=26 optimizer_step=429 loss=68.59733581542969 top3_accuracy=1.0 accumulation_position=2
[15:47:10] [S1] mini_batch mini_step=27 optimizer_step=429 loss=48.86328125 top3_accuracy=1.0 accumulation_position=3
[15:47:10] [S1] mini_batch mini_step=28 optimizer_step=429 loss=35.98744201660156 top3_accuracy=1.0 accumulation_position=4
[15:47:10] [S1] optimizer optimizer_step=430 learning_rate=0.002 scaler_scale=64.0
[15:47:11] [S1] mini_batch mini_step=29 optimizer_step=430 loss=63.62681198120117 top3_accuracy=0.9973045587539673 accumulation_position=1
[15:47:11] [S1] mini_batch mini_step=30 optimizer_step=430 loss=24.2131404876709 top3_accuracy=1.0 accumulation_position=2
[15:47:11] [S1] mini_batch mini_step=31 optimizer_step=430 loss=105.58187866210938 top3_accuracy=1.0 accumulation_position=3
[15:47:11] [S1] mini_batch mini_step=32 optimizer_step=430 loss=19.20677947998047 top3_accuracy=1.0 accumulation_position=4
[15:47:11] [S1] optimizer optimizer_step=431 learning_rate=0.002 scaler_scale=64.0
[15:47:11] [S1] mini_batch mini_step=33 optimizer_step=431 loss=173.0138702392578 top3_accuracy=0.9519773721694946 accumulation_position=1
[15:47:11] [S1] mini_batch mini_step=34 optimizer_step=431 loss=35.74656677246094 top3_accuracy=1.0 accumulation_position=2
[15:47:11] [S1] mini_batch mini_step=35 optimizer_step=431 loss=23.47119903564453 top3_accuracy=1.0 accumulation_position=3
[15:47:12] [S1] mini_batch mini_step=36 optimizer_step=431 loss=49.10726547241211 top3_accuracy=0.9896551966667175 accumulation_position=4
[15:47:12] [S1] optimizer optimizer_step=432 learning_rate=0.002 scaler_scale=64.0
[15:47:12] [S1] mini_batch mini_step=37 optimizer_step=432 loss=21.873891830444336 top3_accuracy=1.0 accumulation_position=1
[15:47:12] [S1] mini_batch mini_step=38 optimizer_step=432 loss=20.493919372558594 top3_accuracy=1.0 accumulation_position=2
[15:47:12] [S1] mini_batch mini_step=39 optimizer_step=432 loss=45.92512512207031 top3_accuracy=0.992337167263031 accumulation_position=3
[15:47:12] [S1] mini_batch mini_step=40 optimizer_step=432 loss=44.73514938354492 top3_accuracy=0.9968454241752625 accumulation_position=4
[15:47:12] [S1] optimizer optimizer_step=433 learning_rate=0.002 scaler_scale=64.0
[15:47:12] [S1] mini_batch mini_step=41 optimizer_step=433 loss=48.14899826049805 top3_accuracy=1.0 accumulation_position=1
[15:47:13] [S1] mini_batch mini_step=42 optimizer_step=433 loss=53.8887939453125 top3_accuracy=1.0 accumulation_position=2
[15:47:13] [S1] mini_batch mini_step=43 optimizer_step=433 loss=33.33740234375 top3_accuracy=0.9936102032661438 accumulation_position=3
[15:47:13] [S1] mini_batch mini_step=44 optimizer_step=433 loss=31.767337799072266 top3_accuracy=1.0 accumulation_position=4
[15:47:13] [S1] optimizer optimizer_step=434 learning_rate=0.002 scaler_scale=64.0
[15:47:13] [S1] mini_batch mini_step=45 optimizer_step=434 loss=54.82056427001953 top3_accuracy=0.9931972622871399 accumulation_position=1
[15:47:13] [S1] mini_batch mini_step=46 optimizer_step=434 loss=71.97723388671875 top3_accuracy=0.9942857027053833 accumulation_position=2
[15:47:13] [S1] mini_batch mini_step=47 optimizer_step=434 loss=37.41325759887695 top3_accuracy=0.9923664331436157 accumulation_position=3
[15:47:13] [S1] mini_batch mini_step=48 optimizer_step=434 loss=54.459632873535156 top3_accuracy=0.9904153347015381 accumulation_position=4
[15:47:13] [S1] optimizer optimizer_step=435 learning_rate=0.002 scaler_scale=64.0
[15:47:14] [S1] mini_batch mini_step=49 optimizer_step=435 loss=58.1513671875 top3_accuracy=0.9938461780548096 accumulation_position=1
[15:47:14] [S1] mini_batch mini_step=50 optimizer_step=435 loss=47.26402282714844 top3_accuracy=0.9970674514770508 accumulation_position=2
[15:47:14] [S1] mini_batch mini_step=51 optimizer_step=435 loss=63.5443115234375 top3_accuracy=0.9970760345458984 accumulation_position=3
[15:47:14] [S1] mini_batch mini_step=52 optimizer_step=435 loss=74.15066528320312 top3_accuracy=1.0 accumulation_position=4
[15:47:14] [S1] optimizer optimizer_step=436 learning_rate=0.002 scaler_scale=64.0
[15:47:14] [S1] mini_batch mini_step=53 optimizer_step=436 loss=30.671491622924805 top3_accuracy=0.99245285987854 accumulation_position=1
[15:47:14] [S1] mini_batch mini_step=54 optimizer_step=436 loss=41.423248291015625 top3_accuracy=0.9969788789749146 accumulation_position=2
[15:47:14] [S1] mini_batch mini_step=55 optimizer_step=436 loss=66.75070190429688 top3_accuracy=0.9965517520904541 accumulation_position=3
[15:47:15] [S1] mini_batch mini_step=56 optimizer_step=436 loss=82.06071472167969 top3_accuracy=0.9731343388557434 accumulation_position=4
[15:47:15] [S1] optimizer optimizer_step=437 learning_rate=0.002 scaler_scale=64.0
[15:47:15] [S1] mini_batch mini_step=57 optimizer_step=437 loss=56.740150451660156 top3_accuracy=0.9959514141082764 accumulation_position=1
[15:47:15] [S1] mini_batch mini_step=58 optimizer_step=437 loss=51.37316131591797 top3_accuracy=1.0 accumulation_position=2
[15:47:15] [S1] mini_batch mini_step=59 optimizer_step=437 loss=36.31184768676758 top3_accuracy=1.0 accumulation_position=3
[15:47:15] [S1] mini_batch mini_step=60 optimizer_step=437 loss=35.81150436401367 top3_accuracy=1.0 accumulation_position=4
[15:47:15] [S1] optimizer optimizer_step=438 learning_rate=0.002 scaler_scale=64.0
[15:47:15] [S1] mini_batch mini_step=61 optimizer_step=438 loss=50.956886291503906 top3_accuracy=0.9935064911842346 accumulation_position=1
[15:47:16] [S1] mini_batch mini_step=62 optimizer_step=438 loss=28.23651695251465 top3_accuracy=1.0 accumulation_position=2
[15:47:16] [S1] mini_batch mini_step=63 optimizer_step=438 loss=37.37653350830078 top3_accuracy=1.0 accumulation_position=3
[15:47:16] [S1] mini_batch mini_step=64 optimizer_step=438 loss=76.50093841552734 top3_accuracy=0.9974424839019775 accumulation_position=4
[15:47:16] [S1] optimizer optimizer_step=439 learning_rate=0.002 scaler_scale=64.0
[15:47:16] [S1] mini_batch mini_step=65 optimizer_step=439 loss=46.286598205566406 top3_accuracy=1.0 accumulation_position=1
[15:47:16] [S1] mini_batch mini_step=66 optimizer_step=439 loss=86.39602661132812 top3_accuracy=0.9861111044883728 accumulation_position=2
[15:47:16] [S1] mini_batch mini_step=67 optimizer_step=439 loss=25.607282638549805 top3_accuracy=1.0 accumulation_position=3
[15:47:16] [S1] mini_batch mini_step=68 optimizer_step=439 loss=44.68913650512695 top3_accuracy=0.9969325065612793 accumulation_position=4
[15:47:16] [S1] optimizer optimizer_step=440 learning_rate=0.002 scaler_scale=64.0
[15:47:17] [S1] mini_batch mini_step=69 optimizer_step=440 loss=70.02888488769531 top3_accuracy=0.9858356714248657 accumulation_position=1
[15:47:17] [S1] mini_batch mini_step=70 optimizer_step=440 loss=114.04202270507812 top3_accuracy=0.9970414042472839 accumulation_position=2
[15:47:17] [S1] mini_batch mini_step=71 optimizer_step=440 loss=41.629520416259766 top3_accuracy=1.0 accumulation_position=3
[15:47:17] [S1] mini_batch mini_step=72 optimizer_step=440 loss=51.17945861816406 top3_accuracy=0.9965870380401611 accumulation_position=4
[15:47:17] [S1] optimizer optimizer_step=441 learning_rate=0.002 scaler_scale=64.0
[15:47:17] [S1] mini_batch mini_step=73 optimizer_step=441 loss=18.60546875 top3_accuracy=0.9959677457809448 accumulation_position=1
[15:47:17] [S1] mini_batch mini_step=74 optimizer_step=441 loss=42.19473648071289 top3_accuracy=0.9922680258750916 accumulation_position=2
[15:47:18] [S1] mini_batch mini_step=75 optimizer_step=441 loss=34.457359313964844 top3_accuracy=1.0 accumulation_position=3
[15:47:18] [S1] mini_batch mini_step=76 optimizer_step=441 loss=35.1196403503418 top3_accuracy=1.0 accumulation_position=4
[15:47:18] [S1] optimizer optimizer_step=442 learning_rate=0.002 scaler_scale=64.0
[15:47:18] [S1] mini_batch mini_step=77 optimizer_step=442 loss=34.83639144897461 top3_accuracy=1.0 accumulation_position=1
[15:47:18] [S1] mini_batch mini_step=78 optimizer_step=442 loss=29.129318237304688 top3_accuracy=1.0 accumulation_position=2
[15:47:18] [S1] mini_batch mini_step=79 optimizer_step=442 loss=35.810096740722656 top3_accuracy=1.0 accumulation_position=3
[15:47:18] [S1] mini_batch mini_step=80 optimizer_step=442 loss=51.427574157714844 top3_accuracy=0.9965397715568542 accumulation_position=4
[15:47:18] [S1] optimizer optimizer_step=443 learning_rate=0.002 scaler_scale=64.0
[15:47:18] [S1] mini_batch mini_step=81 optimizer_step=443 loss=27.950389862060547 top3_accuracy=0.9966996908187866 accumulation_position=1
[15:47:19] [S1] mini_batch mini_step=82 optimizer_step=443 loss=21.384361267089844 top3_accuracy=1.0 accumulation_position=2
[15:47:19] [S1] mini_batch mini_step=83 optimizer_step=443 loss=32.58098602294922 top3_accuracy=1.0 accumulation_position=3
[15:47:19] [S1] mini_batch mini_step=84 optimizer_step=443 loss=147.53611755371094 top3_accuracy=0.9756097793579102 accumulation_position=4
[15:47:19] [S1] optimizer optimizer_step=444 learning_rate=0.002 scaler_scale=64.0
[15:47:19] [S1] mini_batch mini_step=85 optimizer_step=444 loss=18.22925567626953 top3_accuracy=1.0 accumulation_position=1
[15:47:19] [S1] mini_batch mini_step=86 optimizer_step=444 loss=112.46540832519531 top3_accuracy=0.9781931638717651 accumulation_position=2
[15:47:19] [S1] mini_batch mini_step=87 optimizer_step=444 loss=187.88661193847656 top3_accuracy=0.941504180431366 accumulation_position=3
[15:47:19] [S1] mini_batch mini_step=88 optimizer_step=444 loss=20.852527618408203 top3_accuracy=1.0 accumulation_position=4
[15:47:20] [S1] optimizer optimizer_step=445 learning_rate=0.002 scaler_scale=64.0
[15:47:20] [S1] mini_batch mini_step=89 optimizer_step=445 loss=44.7589111328125 top3_accuracy=0.9971751570701599 accumulation_position=1
[15:47:20] [S1] mini_batch mini_step=90 optimizer_step=445 loss=40.88471221923828 top3_accuracy=0.9962121248245239 accumulation_position=2
[15:47:20] [S1] mini_batch mini_step=91 optimizer_step=445 loss=167.958984375 top3_accuracy=0.9436202049255371 accumulation_position=3
[15:47:20] [S1] mini_batch mini_step=92 optimizer_step=445 loss=48.272682189941406 top3_accuracy=1.0 accumulation_position=4
[15:47:20] [S1] optimizer optimizer_step=446 learning_rate=0.002 scaler_scale=64.0
[15:47:20] [S1] mini_batch mini_step=93 optimizer_step=446 loss=102.2415771484375 top3_accuracy=0.9655172228813171 accumulation_position=1
[15:47:20] [S1] mini_batch mini_step=94 optimizer_step=446 loss=25.66159439086914 top3_accuracy=1.0 accumulation_position=2
[15:47:21] [S1] mini_batch mini_step=1 optimizer_step=446 loss=63.70765686035156 top3_accuracy=0.9974293112754822 accumulation_position=3
[15:47:21] [S1] mini_batch mini_step=2 optimizer_step=446 loss=83.53013610839844 top3_accuracy=0.9790025949478149 accumulation_position=4
[15:47:21] [S1] optimizer optimizer_step=447 learning_rate=0.002 scaler_scale=64.0
[15:47:21] [S1] mini_batch mini_step=3 optimizer_step=447 loss=69.08724975585938 top3_accuracy=0.9917582273483276 accumulation_position=1
[15:47:21] [S1] mini_batch mini_step=4 optimizer_step=447 loss=47.23095703125 top3_accuracy=0.9927272796630859 accumulation_position=2
[15:47:21] [S1] mini_batch mini_step=5 optimizer_step=447 loss=37.4847526550293 top3_accuracy=0.996515691280365 accumulation_position=3
[15:47:21] [S1] mini_batch mini_step=6 optimizer_step=447 loss=44.839908599853516 top3_accuracy=0.9944444298744202 accumulation_position=4
[15:47:21] [S1] optimizer optimizer_step=448 learning_rate=0.002 scaler_scale=32.0
[15:47:21] [S1] mini_batch mini_step=7 optimizer_step=448 loss=61.85625457763672 top3_accuracy=0.9965277910232544 accumulation_position=1
[15:47:22] [S1] mini_batch mini_step=8 optimizer_step=448 loss=28.83782958984375 top3_accuracy=1.0 accumulation_position=2
[15:47:22] [S1] mini_batch mini_step=9 optimizer_step=448 loss=31.053997039794922 top3_accuracy=1.0 accumulation_position=3
[15:47:22] [S1] mini_batch mini_step=10 optimizer_step=448 loss=31.759605407714844 top3_accuracy=1.0 accumulation_position=4
[15:47:22] [S1] optimizer optimizer_step=449 learning_rate=0.002 scaler_scale=32.0
[15:47:22] [S1] mini_batch mini_step=11 optimizer_step=449 loss=37.76169967651367 top3_accuracy=0.9967532753944397 accumulation_position=1
[15:47:22] [S1] mini_batch mini_step=12 optimizer_step=449 loss=110.22732543945312 top3_accuracy=0.9664804339408875 accumulation_position=2
[15:47:22] [S1] mini_batch mini_step=13 optimizer_step=449 loss=37.74623107910156 top3_accuracy=0.9972677826881409 accumulation_position=3
[15:47:22] [S1] mini_batch mini_step=14 optimizer_step=449 loss=31.878849029541016 top3_accuracy=0.9929824471473694 accumulation_position=4
[15:47:22] [S1] optimizer optimizer_step=450 learning_rate=0.002 scaler_scale=32.0
[15:47:23] [S1] mini_batch mini_step=15 optimizer_step=450 loss=32.209625244140625 top3_accuracy=0.9934853315353394 accumulation_position=1
[15:47:23] [S1] mini_batch mini_step=16 optimizer_step=450 loss=28.712656021118164 top3_accuracy=1.0 accumulation_position=2
[15:47:23] [S1] mini_batch mini_step=17 optimizer_step=450 loss=35.542076110839844 top3_accuracy=1.0 accumulation_position=3
[15:47:23] [S1] mini_batch mini_step=18 optimizer_step=450 loss=47.111778259277344 top3_accuracy=0.9959514141082764 accumulation_position=4
[15:47:23] [S1] optimizer optimizer_step=451 learning_rate=0.002 scaler_scale=32.0
[15:47:23] [S1] mini_batch mini_step=19 optimizer_step=451 loss=24.133838653564453 top3_accuracy=1.0 accumulation_position=1
[15:47:23] [S1] mini_batch mini_step=20 optimizer_step=451 loss=27.829805374145508 top3_accuracy=1.0 accumulation_position=2
[15:47:23] [S1] mini_batch mini_step=21 optimizer_step=451 loss=31.603397369384766 top3_accuracy=0.996363639831543 accumulation_position=3
[15:47:24] [S1] mini_batch mini_step=22 optimizer_step=451 loss=70.82298278808594 top3_accuracy=0.9952830076217651 accumulation_position=4
[15:47:24] [S1] optimizer optimizer_step=452 learning_rate=0.002 scaler_scale=32.0
[15:47:24] [S1] mini_batch mini_step=23 optimizer_step=452 loss=31.435447692871094 top3_accuracy=0.9969325065612793 accumulation_position=1
[15:47:24] [S1] mini_batch mini_step=24 optimizer_step=452 loss=37.85748291015625 top3_accuracy=0.9968847632408142 accumulation_position=2
[15:47:24] [S1] mini_batch mini_step=25 optimizer_step=452 loss=44.90404510498047 top3_accuracy=1.0 accumulation_position=3
[15:47:24] [S1] mini_batch mini_step=26 optimizer_step=452 loss=68.37078094482422 top3_accuracy=0.9969788789749146 accumulation_position=4
[15:47:24] [S1] optimizer optimizer_step=453 learning_rate=0.002 scaler_scale=32.0
[15:47:24] [S1] mini_batch mini_step=27 optimizer_step=453 loss=19.748620986938477 top3_accuracy=1.0 accumulation_position=1
[15:47:25] [S1] mini_batch mini_step=28 optimizer_step=453 loss=16.767669677734375 top3_accuracy=1.0 accumulation_position=2
[15:47:25] [S1] mini_batch mini_step=29 optimizer_step=453 loss=35.37062072753906 top3_accuracy=1.0 accumulation_position=3
[15:47:25] [S1] mini_batch mini_step=30 optimizer_step=453 loss=85.05513000488281 top3_accuracy=0.9794344305992126 accumulation_position=4
[15:47:25] [S1] optimizer optimizer_step=454 learning_rate=0.002 scaler_scale=32.0
[15:47:25] [S1] mini_batch mini_step=31 optimizer_step=454 loss=43.43153381347656 top3_accuracy=0.9906832575798035 accumulation_position=1
[15:47:25] [S1] mini_batch mini_step=32 optimizer_step=454 loss=33.59522247314453 top3_accuracy=1.0 accumulation_position=2
[15:47:25] [S1] mini_batch mini_step=33 optimizer_step=454 loss=26.77149200439453 top3_accuracy=1.0 accumulation_position=3
[15:47:25] [S1] mini_batch mini_step=34 optimizer_step=454 loss=28.021326065063477 top3_accuracy=0.9957627058029175 accumulation_position=4
[15:47:25] [S1] optimizer optimizer_step=455 learning_rate=0.002 scaler_scale=32.0
[15:47:26] [S1] mini_batch mini_step=35 optimizer_step=455 loss=75.05322265625 top3_accuracy=0.9884058237075806 accumulation_position=1
[15:47:26] [S1] mini_batch mini_step=36 optimizer_step=455 loss=79.62896728515625 top3_accuracy=1.0 accumulation_position=2
[15:47:26] [S1] mini_batch mini_step=37 optimizer_step=455 loss=63.61929702758789 top3_accuracy=0.9887005686759949 accumulation_position=3
[15:47:26] [S1] mini_batch mini_step=38 optimizer_step=455 loss=36.547271728515625 top3_accuracy=0.9970501661300659 accumulation_position=4
[15:47:26] [S1] optimizer optimizer_step=456 learning_rate=0.002 scaler_scale=32.0
[15:47:26] [S1] mini_batch mini_step=39 optimizer_step=456 loss=48.1417350769043 top3_accuracy=0.9963898658752441 accumulation_position=1
[15:47:26] [S1] mini_batch mini_step=40 optimizer_step=456 loss=36.89190673828125 top3_accuracy=1.0 accumulation_position=2
[15:47:26] [S1] mini_batch mini_step=41 optimizer_step=456 loss=24.789459228515625 top3_accuracy=1.0 accumulation_position=3
[15:47:27] [S1] mini_batch mini_step=42 optimizer_step=456 loss=39.266090393066406 top3_accuracy=1.0 accumulation_position=4
[15:47:27] [S1] optimizer optimizer_step=457 learning_rate=0.002 scaler_scale=32.0
[15:47:27] [S1] mini_batch mini_step=43 optimizer_step=457 loss=54.84184265136719 top3_accuracy=0.9915493130683899 accumulation_position=1
[15:47:27] [S1] mini_batch mini_step=44 optimizer_step=457 loss=43.166481018066406 top3_accuracy=1.0 accumulation_position=2
[15:47:27] [S1] mini_batch mini_step=45 optimizer_step=457 loss=43.01091384887695 top3_accuracy=1.0 accumulation_position=3
[15:47:27] [S1] mini_batch mini_step=46 optimizer_step=457 loss=23.126338958740234 top3_accuracy=1.0 accumulation_position=4
[15:47:27] [S1] optimizer optimizer_step=458 learning_rate=0.002 scaler_scale=32.0
[15:47:27] [S1] mini_batch mini_step=47 optimizer_step=458 loss=22.079967498779297 top3_accuracy=0.9962546825408936 accumulation_position=1
[15:47:27] [S1] mini_batch mini_step=48 optimizer_step=458 loss=23.28335189819336 top3_accuracy=0.9966443181037903 accumulation_position=2
[15:47:28] [S1] mini_batch mini_step=49 optimizer_step=458 loss=54.46058654785156 top3_accuracy=1.0 accumulation_position=3
[15:47:28] [S1] mini_batch mini_step=50 optimizer_step=458 loss=38.14251708984375 top3_accuracy=0.996666669845581 accumulation_position=4
[15:47:28] [S1] optimizer optimizer_step=459 learning_rate=0.002 scaler_scale=32.0
[15:47:28] [S1] mini_batch mini_step=51 optimizer_step=459 loss=31.746768951416016 top3_accuracy=1.0 accumulation_position=1
[15:47:28] [S1] mini_batch mini_step=52 optimizer_step=459 loss=55.540489196777344 top3_accuracy=0.992277979850769 accumulation_position=2
[15:47:28] [S1] mini_batch mini_step=53 optimizer_step=459 loss=23.87650489807129 top3_accuracy=1.0 accumulation_position=3
[15:47:28] [S1] mini_batch mini_step=54 optimizer_step=459 loss=49.628936767578125 top3_accuracy=0.9916666746139526 accumulation_position=4
[15:47:28] [S1] optimizer optimizer_step=460 learning_rate=0.002 scaler_scale=32.0
[15:47:29] [S1] mini_batch mini_step=55 optimizer_step=460 loss=63.14512252807617 top3_accuracy=0.9852070808410645 accumulation_position=1
[15:47:29] [S1] mini_batch mini_step=56 optimizer_step=460 loss=37.29606628417969 top3_accuracy=0.9973614811897278 accumulation_position=2
[15:47:29] [S1] mini_batch mini_step=57 optimizer_step=460 loss=53.18080139160156 top3_accuracy=0.9975369572639465 accumulation_position=3
[15:47:29] [S1] mini_batch mini_step=58 optimizer_step=460 loss=57.58819580078125 top3_accuracy=0.9963503479957581 accumulation_position=4
[15:47:29] [S1] optimizer optimizer_step=461 learning_rate=0.002 scaler_scale=32.0
[15:47:29] [S1] mini_batch mini_step=59 optimizer_step=461 loss=119.00639343261719 top3_accuracy=0.9721518754959106 accumulation_position=1
[15:47:29] [S1] mini_batch mini_step=60 optimizer_step=461 loss=97.01852416992188 top3_accuracy=0.9801980257034302 accumulation_position=2
[15:47:29] [S1] mini_batch mini_step=61 optimizer_step=461 loss=81.43731689453125 top3_accuracy=0.9932432174682617 accumulation_position=3
[15:47:30] [S1] mini_batch mini_step=62 optimizer_step=461 loss=51.52246856689453 top3_accuracy=0.9963503479957581 accumulation_position=4
[15:47:30] [S1] optimizer optimizer_step=462 learning_rate=0.002 scaler_scale=32.0
[15:47:30] [S1] mini_batch mini_step=63 optimizer_step=462 loss=88.29409790039062 top3_accuracy=0.9820512533187866 accumulation_position=1
[15:47:30] [S1] mini_batch mini_step=64 optimizer_step=462 loss=90.42627716064453 top3_accuracy=0.9973958134651184 accumulation_position=2
[15:47:30] [S1] mini_batch mini_step=65 optimizer_step=462 loss=77.36016845703125 top3_accuracy=0.9944598078727722 accumulation_position=3
[15:47:30] [S1] mini_batch mini_step=66 optimizer_step=462 loss=22.82634162902832 top3_accuracy=1.0 accumulation_position=4
[15:47:30] [S1] optimizer optimizer_step=463 learning_rate=0.002 scaler_scale=32.0
[15:47:30] [S1] mini_batch mini_step=67 optimizer_step=463 loss=27.663272857666016 top3_accuracy=1.0 accumulation_position=1
[15:47:31] [S1] mini_batch mini_step=68 optimizer_step=463 loss=72.53633880615234 top3_accuracy=0.9918032884597778 accumulation_position=2
[15:47:31] [S1] mini_batch mini_step=69 optimizer_step=463 loss=29.320690155029297 top3_accuracy=0.9961089491844177 accumulation_position=3
[15:47:31] [S1] mini_batch mini_step=70 optimizer_step=463 loss=31.488826751708984 top3_accuracy=0.9964912533760071 accumulation_position=4
[15:47:31] [S1] optimizer optimizer_step=464 learning_rate=0.002 scaler_scale=32.0
[15:47:31] [S1] mini_batch mini_step=71 optimizer_step=464 loss=25.19277572631836 top3_accuracy=1.0 accumulation_position=1
[15:47:31] [S1] mini_batch mini_step=72 optimizer_step=464 loss=23.902843475341797 top3_accuracy=0.9963898658752441 accumulation_position=2
[15:47:31] [S1] mini_batch mini_step=73 optimizer_step=464 loss=29.381595611572266 top3_accuracy=0.996666669845581 accumulation_position=3
[15:47:31] [S1] mini_batch mini_step=74 optimizer_step=464 loss=59.89006042480469 top3_accuracy=0.9971590638160706 accumulation_position=4
[15:47:31] [S1] optimizer optimizer_step=465 learning_rate=0.002 scaler_scale=32.0
[15:47:32] [S1] mini_batch mini_step=75 optimizer_step=465 loss=72.46097564697266 top3_accuracy=0.997183084487915 accumulation_position=1
[15:47:32] [S1] mini_batch mini_step=76 optimizer_step=465 loss=18.87531852722168 top3_accuracy=1.0 accumulation_position=2
[15:47:32] [S1] mini_batch mini_step=77 optimizer_step=465 loss=82.70271301269531 top3_accuracy=0.9902597665786743 accumulation_position=3
[15:47:32] [S1] mini_batch mini_step=78 optimizer_step=465 loss=38.198455810546875 top3_accuracy=0.9970674514770508 accumulation_position=4
[15:47:32] [S1] optimizer optimizer_step=466 learning_rate=0.002 scaler_scale=32.0
[15:47:32] [S1] mini_batch mini_step=79 optimizer_step=466 loss=83.05816650390625 top3_accuracy=0.997389018535614 accumulation_position=1
[15:47:32] [S1] mini_batch mini_step=80 optimizer_step=466 loss=11.790559768676758 top3_accuracy=1.0 accumulation_position=2
[15:47:32] [S1] mini_batch mini_step=81 optimizer_step=466 loss=37.46173095703125 top3_accuracy=0.9971751570701599 accumulation_position=3
[15:47:33] [S1] mini_batch mini_step=82 optimizer_step=466 loss=48.27629852294922 top3_accuracy=1.0 accumulation_position=4
[15:47:33] [S1] optimizer optimizer_step=467 learning_rate=0.002 scaler_scale=32.0
[15:47:33] [S1] mini_batch mini_step=83 optimizer_step=467 loss=23.409000396728516 top3_accuracy=1.0 accumulation_position=1
[15:47:33] [S1] mini_batch mini_step=84 optimizer_step=467 loss=34.843318939208984 top3_accuracy=1.0 accumulation_position=2
[15:47:33] [S1] mini_batch mini_step=85 optimizer_step=467 loss=73.23579406738281 top3_accuracy=1.0 accumulation_position=3
[15:47:33] [S1] mini_batch mini_step=86 optimizer_step=467 loss=24.69994354248047 top3_accuracy=1.0 accumulation_position=4
[15:47:33] [S1] optimizer optimizer_step=468 learning_rate=0.002 scaler_scale=32.0
[15:47:33] [S1] mini_batch mini_step=87 optimizer_step=468 loss=24.349895477294922 top3_accuracy=1.0 accumulation_position=1
[15:47:34] [S1] mini_batch mini_step=88 optimizer_step=468 loss=40.43463134765625 top3_accuracy=0.9923664331436157 accumulation_position=2
[15:47:34] [S1] mini_batch mini_step=89 optimizer_step=468 loss=39.104034423828125 top3_accuracy=1.0 accumulation_position=3
[15:47:34] [S1] mini_batch mini_step=90 optimizer_step=468 loss=49.35647964477539 top3_accuracy=0.9960317611694336 accumulation_position=4
[15:47:34] [S1] optimizer optimizer_step=469 learning_rate=0.002 scaler_scale=32.0
[15:47:34] [S1] mini_batch mini_step=91 optimizer_step=469 loss=67.76680755615234 top3_accuracy=0.9904761910438538 accumulation_position=1
[15:47:34] [S1] mini_batch mini_step=92 optimizer_step=469 loss=30.885486602783203 top3_accuracy=0.9964028596878052 accumulation_position=2
[15:47:34] [S1] mini_batch mini_step=93 optimizer_step=469 loss=32.93507766723633 top3_accuracy=0.9962962865829468 accumulation_position=3
[15:47:34] [S1] mini_batch mini_step=94 optimizer_step=469 loss=23.71429443359375 top3_accuracy=1.0 accumulation_position=4
[15:47:34] [S1] optimizer optimizer_step=470 learning_rate=0.002 scaler_scale=32.0
[15:47:35] [S1] mini_batch mini_step=1 optimizer_step=470 loss=60.09577560424805 top3_accuracy=0.9966443181037903 accumulation_position=1
[15:47:35] [S1] mini_batch mini_step=2 optimizer_step=470 loss=28.725900650024414 top3_accuracy=1.0 accumulation_position=2
[15:47:35] [S1] mini_batch mini_step=3 optimizer_step=470 loss=99.61681365966797 top3_accuracy=0.9783132672309875 accumulation_position=3
[15:47:35] [S1] mini_batch mini_step=4 optimizer_step=470 loss=32.586280822753906 top3_accuracy=0.9971510171890259 accumulation_position=4
[15:47:35] [S1] optimizer optimizer_step=471 learning_rate=0.002 scaler_scale=32.0
[15:47:35] [S1] mini_batch mini_step=5 optimizer_step=471 loss=28.48798370361328 top3_accuracy=1.0 accumulation_position=1
[15:47:35] [S1] mini_batch mini_step=6 optimizer_step=471 loss=71.17393493652344 top3_accuracy=0.9977578520774841 accumulation_position=2
[15:47:35] [S1] mini_batch mini_step=7 optimizer_step=471 loss=25.556079864501953 top3_accuracy=1.0 accumulation_position=3
[15:47:36] [S1] mini_batch mini_step=8 optimizer_step=471 loss=28.39970588684082 top3_accuracy=0.9967741966247559 accumulation_position=4
[15:47:36] [S1] optimizer optimizer_step=472 learning_rate=0.002 scaler_scale=32.0
[15:47:36] [S1] mini_batch mini_step=9 optimizer_step=472 loss=37.245609283447266 top3_accuracy=0.9963503479957581 accumulation_position=1
[15:47:36] [S1] mini_batch mini_step=10 optimizer_step=472 loss=35.73409652709961 top3_accuracy=0.9969040155410767 accumulation_position=2
[15:47:36] [S1] mini_batch mini_step=11 optimizer_step=472 loss=48.04513931274414 top3_accuracy=0.9972972869873047 accumulation_position=3
[15:47:36] [S1] mini_batch mini_step=12 optimizer_step=472 loss=42.87445831298828 top3_accuracy=0.9969040155410767 accumulation_position=4
[15:47:36] [S1] optimizer optimizer_step=473 learning_rate=0.002 scaler_scale=32.0
[15:47:36] [S1] mini_batch mini_step=13 optimizer_step=473 loss=42.76141357421875 top3_accuracy=0.9910179376602173 accumulation_position=1
[15:47:37] [S1] mini_batch mini_step=14 optimizer_step=473 loss=34.483558654785156 top3_accuracy=1.0 accumulation_position=2
[15:47:37] [S1] mini_batch mini_step=15 optimizer_step=473 loss=31.136137008666992 top3_accuracy=1.0 accumulation_position=3
[15:47:37] [S1] mini_batch mini_step=16 optimizer_step=473 loss=32.61717987060547 top3_accuracy=0.9965870380401611 accumulation_position=4
[15:47:37] [S1] optimizer optimizer_step=474 learning_rate=0.002 scaler_scale=32.0
[15:47:37] [S1] mini_batch mini_step=17 optimizer_step=474 loss=36.816139221191406 top3_accuracy=0.9969135522842407 accumulation_position=1
[15:47:37] [S1] mini_batch mini_step=18 optimizer_step=474 loss=51.181732177734375 top3_accuracy=0.996688723564148 accumulation_position=2
[15:47:37] [S1] mini_batch mini_step=19 optimizer_step=474 loss=43.25310134887695 top3_accuracy=0.9970588088035583 accumulation_position=3
[15:47:37] [S1] mini_batch mini_step=20 optimizer_step=474 loss=26.021595001220703 top3_accuracy=0.9965517520904541 accumulation_position=4
[15:47:37] [S1] optimizer optimizer_step=475 learning_rate=0.002 scaler_scale=32.0
[15:47:38] [S1] mini_batch mini_step=21 optimizer_step=475 loss=65.68428039550781 top3_accuracy=1.0 accumulation_position=1
[15:47:38] [S1] mini_batch mini_step=22 optimizer_step=475 loss=34.87006378173828 top3_accuracy=1.0 accumulation_position=2
[15:47:38] [S1] mini_batch mini_step=23 optimizer_step=475 loss=139.45323181152344 top3_accuracy=0.9734299778938293 accumulation_position=3
[15:47:38] [S1] mini_batch mini_step=24 optimizer_step=475 loss=41.75851821899414 top3_accuracy=1.0 accumulation_position=4
[15:47:38] [S1] optimizer optimizer_step=476 learning_rate=0.002 scaler_scale=32.0
[15:47:38] [S1] mini_batch mini_step=25 optimizer_step=476 loss=79.2978744506836 top3_accuracy=0.9859550595283508 accumulation_position=1
[15:47:38] [S1] mini_batch mini_step=26 optimizer_step=476 loss=24.461750030517578 top3_accuracy=1.0 accumulation_position=2
[15:47:38] [S1] mini_batch mini_step=27 optimizer_step=476 loss=35.13484573364258 top3_accuracy=1.0 accumulation_position=3
[15:47:39] [S1] mini_batch mini_step=28 optimizer_step=476 loss=10.149154663085938 top3_accuracy=1.0 accumulation_position=4
[15:47:39] [S1] optimizer optimizer_step=477 learning_rate=0.002 scaler_scale=32.0
[15:47:39] [S1] mini_batch mini_step=29 optimizer_step=477 loss=25.541709899902344 top3_accuracy=1.0 accumulation_position=1
[15:47:39] [S1] mini_batch mini_step=30 optimizer_step=477 loss=20.851890563964844 top3_accuracy=1.0 accumulation_position=2
[15:47:39] [S1] mini_batch mini_step=31 optimizer_step=477 loss=36.63439178466797 top3_accuracy=1.0 accumulation_position=3
[15:47:39] [S1] mini_batch mini_step=32 optimizer_step=477 loss=28.01319694519043 top3_accuracy=1.0 accumulation_position=4
[15:47:39] [S1] optimizer optimizer_step=478 learning_rate=0.002 scaler_scale=32.0
[15:47:39] [S1] mini_batch mini_step=33 optimizer_step=478 loss=37.91009521484375 top3_accuracy=0.9970238208770752 accumulation_position=1
[15:47:39] [S1] mini_batch mini_step=34 optimizer_step=478 loss=38.20680618286133 top3_accuracy=1.0 accumulation_position=2
[15:47:40] [S1] mini_batch mini_step=35 optimizer_step=478 loss=24.971115112304688 top3_accuracy=1.0 accumulation_position=3
[15:47:40] [S1] mini_batch mini_step=36 optimizer_step=478 loss=62.7239990234375 top3_accuracy=0.9862259030342102 accumulation_position=4
[15:47:40] [S1] optimizer optimizer_step=479 learning_rate=0.002 scaler_scale=32.0
[15:47:40] [S1] mini_batch mini_step=37 optimizer_step=479 loss=56.79174041748047 top3_accuracy=1.0 accumulation_position=1
[15:47:40] [S1] mini_batch mini_step=38 optimizer_step=479 loss=30.19671630859375 top3_accuracy=0.9961389899253845 accumulation_position=2
[15:47:40] [S1] mini_batch mini_step=39 optimizer_step=479 loss=32.77622985839844 top3_accuracy=0.9969512224197388 accumulation_position=3
[15:47:40] [S1] mini_batch mini_step=40 optimizer_step=479 loss=17.409589767456055 top3_accuracy=1.0 accumulation_position=4
[15:47:40] [S1] optimizer optimizer_step=480 learning_rate=0.002 scaler_scale=32.0
[15:47:41] [S1] mini_batch mini_step=41 optimizer_step=480 loss=19.91416358947754 top3_accuracy=1.0 accumulation_position=1
[15:47:41] [S1] mini_batch mini_step=42 optimizer_step=480 loss=53.166404724121094 top3_accuracy=1.0 accumulation_position=2
[15:47:41] [S1] mini_batch mini_step=43 optimizer_step=480 loss=46.92753601074219 top3_accuracy=1.0 accumulation_position=3
[15:47:41] [S1] mini_batch mini_step=44 optimizer_step=480 loss=80.19109344482422 top3_accuracy=0.9918919205665588 accumulation_position=4
[15:47:41] [S1] optimizer optimizer_step=481 learning_rate=0.002 scaler_scale=32.0
[15:47:41] [S1] mini_batch mini_step=45 optimizer_step=481 loss=47.021968841552734 top3_accuracy=1.0 accumulation_position=1
[15:47:41] [S1] mini_batch mini_step=46 optimizer_step=481 loss=38.820159912109375 top3_accuracy=0.996610164642334 accumulation_position=2
[15:47:41] [S1] mini_batch mini_step=47 optimizer_step=481 loss=30.113187789916992 top3_accuracy=1.0 accumulation_position=3
[15:47:42] [S1] mini_batch mini_step=48 optimizer_step=481 loss=43.937255859375 top3_accuracy=0.9927536249160767 accumulation_position=4
[15:47:42] [S1] optimizer optimizer_step=482 learning_rate=0.002 scaler_scale=32.0
[15:47:42] [S1] mini_batch mini_step=49 optimizer_step=482 loss=27.665302276611328 top3_accuracy=0.996874988079071 accumulation_position=1
[15:47:42] [S1] mini_batch mini_step=50 optimizer_step=482 loss=21.799325942993164 top3_accuracy=0.9957805871963501 accumulation_position=2
[15:47:42] [S1] mini_batch mini_step=51 optimizer_step=482 loss=19.226070404052734 top3_accuracy=1.0 accumulation_position=3
[15:47:42] [S1] mini_batch mini_step=52 optimizer_step=482 loss=80.4873046875 top3_accuracy=0.9858757257461548 accumulation_position=4
[15:47:42] [S1] optimizer optimizer_step=483 learning_rate=0.002 scaler_scale=32.0
[15:47:42] [S1] mini_batch mini_step=53 optimizer_step=483 loss=18.052082061767578 top3_accuracy=1.0 accumulation_position=1
[15:47:43] [S1] mini_batch mini_step=54 optimizer_step=483 loss=33.925193786621094 top3_accuracy=0.9971428513526917 accumulation_position=2
[15:47:43] [S1] mini_batch mini_step=55 optimizer_step=483 loss=19.030075073242188 top3_accuracy=1.0 accumulation_position=3
[15:47:43] [S1] mini_batch mini_step=56 optimizer_step=483 loss=76.73946380615234 top3_accuracy=0.9975185990333557 accumulation_position=4
[15:47:43] [S1] optimizer optimizer_step=484 learning_rate=0.002 scaler_scale=32.0
[15:47:43] [S1] mini_batch mini_step=57 optimizer_step=484 loss=84.21211242675781 top3_accuracy=0.9972144961357117 accumulation_position=1
[15:47:43] [S1] mini_batch mini_step=58 optimizer_step=484 loss=25.610116958618164 top3_accuracy=1.0 accumulation_position=2
[15:47:43] [S1] mini_batch mini_step=59 optimizer_step=484 loss=36.020851135253906 top3_accuracy=1.0 accumulation_position=3
[15:47:43] [S1] mini_batch mini_step=60 optimizer_step=484 loss=22.477989196777344 top3_accuracy=1.0 accumulation_position=4
[15:47:43] [S1] optimizer optimizer_step=485 learning_rate=0.002 scaler_scale=32.0
[15:47:44] [S1] mini_batch mini_step=61 optimizer_step=485 loss=25.172460556030273 top3_accuracy=1.0 accumulation_position=1
[15:47:44] [S1] mini_batch mini_step=62 optimizer_step=485 loss=67.19923400878906 top3_accuracy=0.9845201373100281 accumulation_position=2
[15:47:44] [S1] mini_batch mini_step=63 optimizer_step=485 loss=41.080169677734375 top3_accuracy=0.9930070042610168 accumulation_position=3
[15:47:44] [S1] mini_batch mini_step=64 optimizer_step=485 loss=39.46935272216797 top3_accuracy=1.0 accumulation_position=4
[15:47:44] [S1] optimizer optimizer_step=486 learning_rate=0.002 scaler_scale=32.0
[15:47:44] [S1] mini_batch mini_step=65 optimizer_step=486 loss=33.824317932128906 top3_accuracy=1.0 accumulation_position=1
[15:47:44] [S1] mini_batch mini_step=66 optimizer_step=486 loss=32.310508728027344 top3_accuracy=1.0 accumulation_position=2
[15:47:44] [S1] mini_batch mini_step=67 optimizer_step=486 loss=32.67276382446289 top3_accuracy=1.0 accumulation_position=3
[15:47:45] [S1] mini_batch mini_step=68 optimizer_step=486 loss=32.222042083740234 top3_accuracy=0.9935897588729858 accumulation_position=4
[15:47:45] [S1] optimizer optimizer_step=487 learning_rate=0.002 scaler_scale=32.0
[15:47:45] [S1] mini_batch mini_step=69 optimizer_step=487 loss=55.37186050415039 top3_accuracy=0.9933554530143738 accumulation_position=1
[15:47:45] [S1] mini_batch mini_step=70 optimizer_step=487 loss=74.80015563964844 top3_accuracy=0.9878048896789551 accumulation_position=2
[15:47:45] [S1] mini_batch mini_step=71 optimizer_step=487 loss=48.85260772705078 top3_accuracy=1.0 accumulation_position=3
[15:47:45] [S1] mini_batch mini_step=72 optimizer_step=487 loss=141.62982177734375 top3_accuracy=0.96875 accumulation_position=4
[15:47:45] [S1] optimizer optimizer_step=488 learning_rate=0.002 scaler_scale=32.0
[15:47:45] [S1] mini_batch mini_step=73 optimizer_step=488 loss=37.13402557373047 top3_accuracy=0.9974554777145386 accumulation_position=1
[15:47:46] [S1] mini_batch mini_step=74 optimizer_step=488 loss=13.160913467407227 top3_accuracy=1.0 accumulation_position=2
[15:47:46] [S1] mini_batch mini_step=75 optimizer_step=488 loss=36.26655578613281 top3_accuracy=1.0 accumulation_position=3
[15:47:46] [S1] mini_batch mini_step=76 optimizer_step=488 loss=57.7273063659668 top3_accuracy=0.9910979270935059 accumulation_position=4
[15:47:46] [S1] optimizer optimizer_step=489 learning_rate=0.002 scaler_scale=32.0
[15:47:46] [S1] mini_batch mini_step=77 optimizer_step=489 loss=37.84552001953125 top3_accuracy=0.9938271641731262 accumulation_position=1
[15:47:46] [S1] mini_batch mini_step=78 optimizer_step=489 loss=55.1662712097168 top3_accuracy=0.9972677826881409 accumulation_position=2
[15:47:46] [S1] mini_batch mini_step=79 optimizer_step=489 loss=33.59035110473633 top3_accuracy=1.0 accumulation_position=3
[15:47:46] [S1] mini_batch mini_step=80 optimizer_step=489 loss=20.35629653930664 top3_accuracy=1.0 accumulation_position=4
[15:47:46] [S1] optimizer optimizer_step=490 learning_rate=0.002 scaler_scale=32.0
[15:47:47] [S1] mini_batch mini_step=81 optimizer_step=490 loss=47.88677215576172 top3_accuracy=1.0 accumulation_position=1
[15:47:47] [S1] mini_batch mini_step=82 optimizer_step=490 loss=40.054344177246094 top3_accuracy=1.0 accumulation_position=2
[15:47:47] [S1] mini_batch mini_step=83 optimizer_step=490 loss=30.900192260742188 top3_accuracy=1.0 accumulation_position=3
[15:47:47] [S1] mini_batch mini_step=84 optimizer_step=490 loss=42.46785354614258 top3_accuracy=0.9965397715568542 accumulation_position=4
[15:47:47] [S1] optimizer optimizer_step=491 learning_rate=0.002 scaler_scale=32.0
[15:47:47] [S1] mini_batch mini_step=85 optimizer_step=491 loss=23.100461959838867 top3_accuracy=1.0 accumulation_position=1
[15:47:47] [S1] mini_batch mini_step=86 optimizer_step=491 loss=90.19884490966797 top3_accuracy=0.9968152642250061 accumulation_position=2
[15:47:47] [S1] mini_batch mini_step=87 optimizer_step=491 loss=43.22990417480469 top3_accuracy=0.9958158731460571 accumulation_position=3
[15:47:48] [S1] mini_batch mini_step=88 optimizer_step=491 loss=36.98263168334961 top3_accuracy=1.0 accumulation_position=4
[15:47:48] [S1] optimizer optimizer_step=492 learning_rate=0.002 scaler_scale=32.0
[15:47:48] [S1] mini_batch mini_step=89 optimizer_step=492 loss=36.140869140625 top3_accuracy=0.9923664331436157 accumulation_position=1
[15:47:48] [S1] mini_batch mini_step=90 optimizer_step=492 loss=44.985633850097656 top3_accuracy=0.9969788789749146 accumulation_position=2
[15:47:48] [S1] mini_batch mini_step=91 optimizer_step=492 loss=27.02387237548828 top3_accuracy=0.9966216087341309 accumulation_position=3
[15:47:48] [S1] mini_batch mini_step=92 optimizer_step=492 loss=20.04490852355957 top3_accuracy=0.9964028596878052 accumulation_position=4
[15:47:48] [S1] optimizer optimizer_step=493 learning_rate=0.002 scaler_scale=32.0
[15:47:48] [S1] mini_batch mini_step=93 optimizer_step=493 loss=41.38380432128906 top3_accuracy=0.9970674514770508 accumulation_position=1
[15:47:48] [S1] mini_batch mini_step=94 optimizer_step=493 loss=53.72837829589844 top3_accuracy=0.9974160194396973 accumulation_position=2
[15:47:49] [S1] mini_batch mini_step=1 optimizer_step=493 loss=47.66045379638672 top3_accuracy=0.9972375631332397 accumulation_position=3
[15:47:49] [S1] mini_batch mini_step=2 optimizer_step=493 loss=25.398561477661133 top3_accuracy=1.0 accumulation_position=4
[15:47:49] [S1] optimizer optimizer_step=494 learning_rate=0.002 scaler_scale=32.0
[15:47:49] [S1] mini_batch mini_step=3 optimizer_step=494 loss=67.80474090576172 top3_accuracy=0.9973190426826477 accumulation_position=1
[15:47:49] [S1] mini_batch mini_step=4 optimizer_step=494 loss=115.17195892333984 top3_accuracy=0.9667590260505676 accumulation_position=2
[15:47:49] [S1] mini_batch mini_step=5 optimizer_step=494 loss=11.383859634399414 top3_accuracy=1.0 accumulation_position=3
[15:47:49] [S1] mini_batch mini_step=6 optimizer_step=494 loss=13.52242374420166 top3_accuracy=1.0 accumulation_position=4
[15:47:49] [S1] optimizer optimizer_step=495 learning_rate=0.002 scaler_scale=32.0
[15:47:50] [S1] mini_batch mini_step=7 optimizer_step=495 loss=135.15060424804688 top3_accuracy=0.9849137663841248 accumulation_position=1
[15:47:50] [S1] mini_batch mini_step=8 optimizer_step=495 loss=31.807411193847656 top3_accuracy=1.0 accumulation_position=2
[15:47:50] [S1] mini_batch mini_step=9 optimizer_step=495 loss=28.499921798706055 top3_accuracy=1.0 accumulation_position=3
[15:47:50] [S1] mini_batch mini_step=10 optimizer_step=495 loss=12.606289863586426 top3_accuracy=1.0 accumulation_position=4
[15:47:50] [S1] optimizer optimizer_step=496 learning_rate=0.002 scaler_scale=32.0
[15:47:50] [S1] mini_batch mini_step=11 optimizer_step=496 loss=36.02950668334961 top3_accuracy=0.9967532753944397 accumulation_position=1
[15:47:50] [S1] mini_batch mini_step=12 optimizer_step=496 loss=26.09396743774414 top3_accuracy=0.9938080310821533 accumulation_position=2
[15:47:50] [S1] mini_batch mini_step=13 optimizer_step=496 loss=24.67809295654297 top3_accuracy=1.0 accumulation_position=3
[15:47:51] [S1] mini_batch mini_step=14 optimizer_step=496 loss=21.377561569213867 top3_accuracy=1.0 accumulation_position=4
[15:47:51] [S1] optimizer optimizer_step=497 learning_rate=0.002 scaler_scale=32.0
[15:47:51] [S1] mini_batch mini_step=15 optimizer_step=497 loss=52.558746337890625 top3_accuracy=0.9970501661300659 accumulation_position=1
[15:47:51] [S1] mini_batch mini_step=16 optimizer_step=497 loss=29.593650817871094 top3_accuracy=0.9971910119056702 accumulation_position=2
[15:47:51] [S1] mini_batch mini_step=17 optimizer_step=497 loss=56.616172790527344 top3_accuracy=1.0 accumulation_position=3
[15:47:51] [S1] mini_batch mini_step=18 optimizer_step=497 loss=32.354881286621094 top3_accuracy=1.0 accumulation_position=4
[15:47:51] [S1] optimizer optimizer_step=498 learning_rate=0.002 scaler_scale=32.0
[15:47:51] [S1] mini_batch mini_step=19 optimizer_step=498 loss=38.299644470214844 top3_accuracy=1.0 accumulation_position=1
[15:47:51] [S1] mini_batch mini_step=20 optimizer_step=498 loss=26.751262664794922 top3_accuracy=0.996515691280365 accumulation_position=2
[15:47:52] [S1] mini_batch mini_step=21 optimizer_step=498 loss=18.376113891601562 top3_accuracy=1.0 accumulation_position=3
[15:47:52] [S1] mini_batch mini_step=22 optimizer_step=498 loss=8.723649024963379 top3_accuracy=1.0 accumulation_position=4
[15:47:52] [S1] optimizer optimizer_step=499 learning_rate=0.002 scaler_scale=32.0
[15:47:52] [S1] mini_batch mini_step=23 optimizer_step=499 loss=62.04523849487305 top3_accuracy=0.9798657894134521 accumulation_position=1
[15:47:52] [S1] mini_batch mini_step=24 optimizer_step=499 loss=37.3705940246582 top3_accuracy=0.9959183931350708 accumulation_position=2
[15:47:52] [S1] mini_batch mini_step=25 optimizer_step=499 loss=19.76200294494629 top3_accuracy=1.0 accumulation_position=3
[15:47:52] [S1] mini_batch mini_step=26 optimizer_step=499 loss=82.52981567382812 top3_accuracy=0.997389018535614 accumulation_position=4
[15:47:52] [S1] optimizer optimizer_step=500 learning_rate=0.002 scaler_scale=32.0
[15:47:54] [S1] checkpoint optimizer_step=500 path=D:\AI-Training\voice-clone\voice-pipeline\voice-pipeline\runs\Lucy\training\s1\checkpoints\step-00000500.pt
Fetching 7 files:   0%|          | 0/7 [00:00<?, ?it/s]Xet Storage is enabled for this repo, but the 'hf_xet' package is not installed. Falling back to regular HTTP download. For better performance, install the package with: `pip install huggingface_hub[hf_xet]` or `pip install hf_xet`
Fetching 7 files:  14%|█▍        | 1/7 [00:01<00:06,  1.11s/it]Fetching 7 files:  57%|█████▋    | 4/7 [00:01<00:01,  2.84it/s]Fetching 7 files:  57%|█████▋    | 4/7 [00:01<00:01,  2.84it/s]
[module] failed job a91ce9b9-71cd-436a-b0e2-c4e6573e419e: stage evaluate failed: [WinError 1314] 客户端没有所需的特权。: '..\\..\\blobs\\0351d1d6870005e865747b781b5d7c23ea0459cd' -> 'D:\\AI-Training\\voice-clone\\voice-pipeline\\voice-pipeline\\models\\evaluators\\models--mobiuslabsgmbh--faster-whisper-large-v3-turbo\\snapshots\\0a363e9161cbc7ed1431c9597a8ceaf0c4f78fcf\\config.json'
Error: stage evaluate failed: [WinError 1314] 客户端没有所需的特权。: '..\\..\\blobs\\0351d1d6870005e865747b781b5d7c23ea0459cd' -> 'D:\\AI-Training\\voice-clone\\voice-pipeline\\voice-pipeline\\models\\evaluators\\models--mobiuslabsgmbh--faster-whisper-large-v3-turbo\\snapshots\\0a363e9161cbc7ed1431c9597a8ceaf0c4f78fcf\\config.json'
